Record Length,2500,Points,-204.00000E-6,0.0,
Sample Interval,200.00000E-9,s,-203.79999E-6,-8.000000E-3,
Trigger Point,1.0200E3,Samples,-203.59999E-6,-16.0000E-3,
,,,-203.39999E-6,0.0,
,,,-203.19999E-6,-16.0000E-3,
,,,-203.00000E-6,-8.000000E-3,
Source,CH1,,-202.80000E-6,0.0,
Vertical Units,Volts,,-202.60000E-6,-16.0000E-3,
Vertical Scale,200.00001E-3,,-202.40000E-6,-16.0000E-3,
Vertical Offset,0,,-202.20000E-6,0.0,
Horizontal Units,s,,-202.00000E-6,-8.000000E-3,
Horizontal Scale,50.00000E-6,,-201.79999E-6,-8.000000E-3,
Pt Fmt,Y,,-201.59999E-6,0.0,
Yzero,-3.28000,,-201.39999E-6,-8.000000E-3,
Probe Atten,10.0000,,-201.19999E-6,-8.000000E-3,
,,,-201.00000E-6,-8.000000E-3,
Note,TDS 1001B - 2:03:34 PM   5/3/2018,,-200.80000E-6,-8.000000E-3,
,,,-200.60000E-6,0.0,
,,,-200.40000E-6,-8.000000E-3,
,,,-200.20000E-6,-16.0000E-3,
,,,-199.99999E-6,-16.0000E-3,
,,,-199.79999E-6,-8.000000E-3,
,,,-199.59999E-6,0.0,
,,,-199.39999E-6,0.0,
,,,-199.20000E-6,-8.000000E-3,
,,,-199.00000E-6,-8.000000E-3,
,,,-198.80000E-6,-8.000000E-3,
,,,-198.60000E-6,-16.0000E-3,
,,,-198.40000E-6,-8.000000E-3,
,,,-198.20000E-6,-16.0000E-3,
,,,-197.99999E-6,-8.000000E-3,
,,,-197.79999E-6,-8.000000E-3,
,,,-197.59999E-6,-8.000000E-3,
,,,-197.39999E-6,0.0,
,,,-197.20000E-6,-8.000000E-3,
,,,-197.00000E-6,-8.000000E-3,
,,,-196.80000E-6,-8.000000E-3,
,,,-196.60000E-6,0.0,
,,,-196.40000E-6,-8.000000E-3,
,,,-196.20000E-6,-8.000000E-3,
,,,-195.99999E-6,-8.000000E-3,
,,,-195.79999E-6,0.0,
,,,-195.59999E-6,-8.000000E-3,
,,,-195.39999E-6,-8.000000E-3,
,,,-195.20000E-6,-8.000000E-3,
,,,-195.00000E-6,-16.0000E-3,
,,,-194.80000E-6,0.0,
,,,-194.60000E-6,0.0,
,,,-194.40000E-6,-16.0000E-3,
,,,-194.19999E-6,-16.0000E-3,
,,,-193.99999E-6,-8.000000E-3,
,,,-193.79999E-6,-8.000000E-3,
,,,-193.59999E-6,-16.0000E-3,
,,,-193.40000E-6,0.0,
,,,-193.20000E-6,-16.0000E-3,
,,,-193.00000E-6,-16.0000E-3,
,,,-192.80000E-6,8.000000E-3,
,,,-192.60000E-6,-8.000000E-3,
,,,-192.40000E-6,-16.0000E-3,
,,,-192.19999E-6,-8.000000E-3,
,,,-191.99999E-6,0.0,
,,,-191.79999E-6,-8.000000E-3,
,,,-191.59999E-6,-8.000000E-3,
,,,-191.40000E-6,-8.000000E-3,
,,,-191.20000E-6,-8.000000E-3,
,,,-191.00000E-6,0.0,
,,,-190.80000E-6,-8.000000E-3,
,,,-190.60000E-6,-16.0000E-3,
,,,-190.39999E-6,-8.000000E-3,
,,,-190.19999E-6,-8.000000E-3,
,,,-189.99999E-6,-8.000000E-3,
,,,-189.79999E-6,-8.000000E-3,
,,,-189.60000E-6,-8.000000E-3,
,,,-189.40000E-6,0.0,
,,,-189.20000E-6,0.0,
,,,-189.00000E-6,-8.000000E-3,
,,,-188.80000E-6,-16.0000E-3,
,,,-188.60000E-6,8.000000E-3,
,,,-188.39999E-6,-16.0000E-3,
,,,-188.19999E-6,0.0,
,,,-187.99999E-6,0.0,
,,,-187.79999E-6,-8.000000E-3,
,,,-187.60000E-6,-8.000000E-3,
,,,-187.40000E-6,-16.0000E-3,
,,,-187.20000E-6,-8.000000E-3,
,,,-187.00000E-6,0.0,
,,,-186.80000E-6,0.0,
,,,-186.59999E-6,0.0,
,,,-186.39999E-6,-8.000000E-3,
,,,-186.19999E-6,0.0,
,,,-185.99999E-6,-8.000000E-3,
,,,-185.80000E-6,0.0,
,,,-185.60000E-6,0.0,
,,,-185.40000E-6,-8.000000E-3,
,,,-185.20000E-6,-16.0000E-3,
,,,-185.00000E-6,0.0,
,,,-184.80000E-6,8.000000E-3,
,,,-184.59999E-6,0.0,
,,,-184.39999E-6,8.000000E-3,
,,,-184.19999E-6,0.0,
,,,-183.99999E-6,-8.000000E-3,
,,,-183.80000E-6,0.0,
,,,-183.60000E-6,8.000000E-3,
,,,-183.40000E-6,-16.0000E-3,
,,,-183.20000E-6,0.0,
,,,-183.00000E-6,-8.000000E-3,
,,,-182.79999E-6,-8.000000E-3,
,,,-182.59999E-6,-8.000000E-3,
,,,-182.39999E-6,-8.000000E-3,
,,,-182.19999E-6,-16.0000E-3,
,,,-181.99999E-6,-8.000000E-3,
,,,-181.80000E-6,-8.000000E-3,
,,,-181.60000E-6,0.0,
,,,-181.40000E-6,-16.0000E-3,
,,,-181.20000E-6,-8.000000E-3,
,,,-181.00000E-6,-8.000000E-3,
,,,-180.79999E-6,0.0,
,,,-180.59999E-6,8.000000E-3,
,,,-180.39999E-6,0.0,
,,,-180.19999E-6,-16.0000E-3,
,,,-180.00000E-6,-8.000000E-3,
,,,-179.80000E-6,0.0,
,,,-179.60000E-6,0.0,
,,,-179.40000E-6,0.0,
,,,-179.20000E-6,-16.0000E-3,
,,,-179.00000E-6,-16.0000E-3,
,,,-178.79999E-6,-8.000000E-3,
,,,-178.59999E-6,0.0,
,,,-178.39999E-6,0.0,
,,,-178.19999E-6,-8.000000E-3,
,,,-178.00000E-6,0.0,
,,,-177.80000E-6,8.000000E-3,
,,,-177.60000E-6,-8.000000E-3,
,,,-177.40000E-6,-8.000000E-3,
,,,-177.20000E-6,0.0,
,,,-176.99999E-6,-8.000000E-3,
,,,-176.79999E-6,0.0,
,,,-176.59999E-6,-8.000000E-3,
,,,-176.39999E-6,0.0,
,,,-176.20000E-6,0.0,
,,,-176.00000E-6,0.0,
,,,-175.80000E-6,0.0,
,,,-175.60000E-6,-8.000000E-3,
,,,-175.40000E-6,0.0,
,,,-175.20000E-6,-8.000000E-3,
,,,-174.99999E-6,0.0,
,,,-174.79999E-6,-8.000000E-3,
,,,-174.59999E-6,-8.000000E-3,
,,,-174.39999E-6,-8.000000E-3,
,,,-174.20000E-6,-16.0000E-3,
,,,-174.00000E-6,-16.0000E-3,
,,,-173.80000E-6,0.0,
,,,-173.60000E-6,-8.000000E-3,
,,,-173.40000E-6,-8.000000E-3,
,,,-173.19999E-6,-8.000000E-3,
,,,-172.99999E-6,8.000000E-3,
,,,-172.79999E-6,8.000000E-3,
,,,-172.59999E-6,-8.000000E-3,
,,,-172.40000E-6,0.0,
,,,-172.20000E-6,0.0,
,,,-172.00000E-6,0.0,
,,,-171.80000E-6,-8.000000E-3,
,,,-171.60000E-6,0.0,
,,,-171.40000E-6,-8.000000E-3,
,,,-171.19999E-6,-8.000000E-3,
,,,-170.99999E-6,0.0,
,,,-170.79999E-6,-8.000000E-3,
,,,-170.59999E-6,-8.000000E-3,
,,,-170.40000E-6,0.0,
,,,-170.20000E-6,0.0,
,,,-170.00000E-6,0.0,
,,,-169.80000E-6,-8.000000E-3,
,,,-169.60000E-6,-8.000000E-3,
,,,-169.39999E-6,-8.000000E-3,
,,,-169.19999E-6,-16.0000E-3,
,,,-168.99999E-6,-8.000000E-3,
,,,-168.79999E-6,0.0,
,,,-168.59999E-6,-16.0000E-3,
,,,-168.40000E-6,-8.000000E-3,
,,,-168.20000E-6,-8.000000E-3,
,,,-168.00000E-6,0.0,
,,,-167.80000E-6,-8.000000E-3,
,,,-167.60000E-6,-8.000000E-3,
,,,-167.39999E-6,0.0,
,,,-167.19999E-6,0.0,
,,,-166.99999E-6,-8.000000E-3,
,,,-166.79999E-6,-8.000000E-3,
,,,-166.60000E-6,-8.000000E-3,
,,,-166.40000E-6,-16.0000E-3,
,,,-166.20000E-6,-8.000000E-3,
,,,-166.00000E-6,0.0,
,,,-165.80000E-6,0.0,
,,,-165.59999E-6,-16.0000E-3,
,,,-165.39999E-6,-8.000000E-3,
,,,-165.19999E-6,-16.0000E-3,
,,,-164.99999E-6,0.0,
,,,-164.79999E-6,-8.000000E-3,
,,,-164.60000E-6,-8.000000E-3,
,,,-164.40000E-6,-16.0000E-3,
,,,-164.20000E-6,-8.000000E-3,
,,,-164.00000E-6,-8.000000E-3,
,,,-163.80000E-6,0.0,
,,,-163.59999E-6,-8.000000E-3,
,,,-163.39999E-6,-8.000000E-3,
,,,-163.19999E-6,0.0,
,,,-162.99999E-6,-24.00000E-3,
,,,-162.80000E-6,-24.00000E-3,
,,,-162.60000E-6,-16.0000E-3,
,,,-162.40000E-6,-8.000000E-3,
,,,-162.20000E-6,0.0,
,,,-162.00000E-6,-8.000000E-3,
,,,-161.80000E-6,-16.0000E-3,
,,,-161.59999E-6,0.0,
,,,-161.39999E-6,0.0,
,,,-161.19999E-6,0.0,
,,,-160.99999E-6,-8.000000E-3,
,,,-160.80000E-6,0.0,
,,,-160.60000E-6,-8.000000E-3,
,,,-160.40000E-6,-16.0000E-3,
,,,-160.20000E-6,8.000000E-3,
,,,-160.00000E-6,-8.000000E-3,
,,,-159.79999E-6,0.0,
,,,-159.59999E-6,-8.000000E-3,
,,,-159.39999E-6,-16.0000E-3,
,,,-159.19999E-6,-16.0000E-3,
,,,-159.00000E-6,-16.0000E-3,
,,,-158.80000E-6,-8.000000E-3,
,,,-158.60000E-6,-8.000000E-3,
,,,-158.40000E-6,-8.000000E-3,
,,,-158.20000E-6,-8.000000E-3,
,,,-158.00000E-6,-8.000000E-3,
,,,-157.79999E-6,-8.000000E-3,
,,,-157.59999E-6,-16.0000E-3,
,,,-157.39999E-6,0.0,
,,,-157.19999E-6,0.0,
,,,-157.00000E-6,0.0,
,,,-156.80000E-6,-16.0000E-3,
,,,-156.60000E-6,-8.000000E-3,
,,,-156.40000E-6,-16.0000E-3,
,,,-156.20000E-6,-8.000000E-3,
,,,-155.99999E-6,-16.0000E-3,
,,,-155.79999E-6,-8.000000E-3,
,,,-155.59999E-6,-8.000000E-3,
,,,-155.39999E-6,-8.000000E-3,
,,,-155.19999E-6,-8.000000E-3,
,,,-155.00000E-6,-16.0000E-3,
,,,-154.80000E-6,-8.000000E-3,
,,,-154.60000E-6,-24.00000E-3,
,,,-154.40000E-6,-8.000000E-3,
,,,-154.20000E-6,-16.0000E-3,
,,,-153.99999E-6,-16.0000E-3,
,,,-153.79999E-6,-8.000000E-3,
,,,-153.59999E-6,-8.000000E-3,
,,,-153.39999E-6,-8.000000E-3,
,,,-153.20000E-6,-8.000000E-3,
,,,-153.00000E-6,0.0,
,,,-152.80000E-6,-8.000000E-3,
,,,-152.60000E-6,-24.00000E-3,
,,,-152.40000E-6,0.0,
,,,-152.19999E-6,-8.000000E-3,
,,,-151.99999E-6,-16.0000E-3,
,,,-151.79999E-6,0.0,
,,,-151.59999E-6,-16.0000E-3,
,,,-151.39999E-6,-16.0000E-3,
,,,-151.20000E-6,0.0,
,,,-151.00000E-6,-16.0000E-3,
,,,-150.80000E-6,0.0,
,,,-150.60000E-6,8.000000E-3,
,,,-150.40000E-6,0.0,
,,,-150.19999E-6,-8.000000E-3,
,,,-149.99999E-6,-8.000000E-3,
,,,-149.79999E-6,8.000000E-3,
,,,-149.59999E-6,-8.000000E-3,
,,,-149.40000E-6,-16.0000E-3,
,,,-149.20000E-6,-8.000000E-3,
,,,-149.00000E-6,-8.000000E-3,
,,,-148.80000E-6,-16.0000E-3,
,,,-148.60000E-6,-16.0000E-3,
,,,-148.4000E-6,-8.000000E-3,
,,,-148.2000E-6,-8.000000E-3,
,,,-148.0000E-6,-8.000000E-3,
,,,-147.8000E-6,-16.0000E-3,
,,,-147.6000E-6,-8.000000E-3,
,,,-147.4000E-6,-8.000000E-3,
,,,-147.2000E-6,-8.000000E-3,
,,,-147.0000E-6,0.0,
,,,-146.8000E-6,-16.0000E-3,
,,,-146.6000E-6,-16.0000E-3,
,,,-146.4000E-6,-8.000000E-3,
,,,-146.2000E-6,-8.000000E-3,
,,,-146.0000E-6,-16.0000E-3,
,,,-145.8000E-6,-8.000000E-3,
,,,-145.6000E-6,-16.0000E-3,
,,,-145.4000E-6,-8.000000E-3,
,,,-145.2000E-6,8.000000E-3,
,,,-145.0000E-6,0.0,
,,,-144.8000E-6,8.000000E-3,
,,,-144.6000E-6,-16.0000E-3,
,,,-144.4000E-6,-8.000000E-3,
,,,-144.2000E-6,-8.000000E-3,
,,,-144.0000E-6,-8.000000E-3,
,,,-143.8000E-6,0.0,
,,,-143.6000E-6,-24.00000E-3,
,,,-143.4000E-6,-16.0000E-3,
,,,-143.2000E-6,-8.000000E-3,
,,,-143.0000E-6,-16.0000E-3,
,,,-142.8000E-6,-8.000000E-3,
,,,-142.6000E-6,0.0,
,,,-142.4000E-6,0.0,
,,,-142.2000E-6,0.0,
,,,-142.0000E-6,-16.0000E-3,
,,,-141.8000E-6,-8.000000E-3,
,,,-141.6000E-6,0.0,
,,,-141.4000E-6,-8.000000E-3,
,,,-141.2000E-6,-16.0000E-3,
,,,-141.0000E-6,0.0,
,,,-140.8000E-6,-8.000000E-3,
,,,-140.6000E-6,-32.00000E-3,
,,,-140.4000E-6,0.0,
,,,-140.2000E-6,0.0,
,,,-140.0000E-6,0.0,
,,,-139.8000E-6,-8.000000E-3,
,,,-139.6000E-6,-8.000000E-3,
,,,-139.4000E-6,-8.000000E-3,
,,,-139.2000E-6,-8.000000E-3,
,,,-139.0000E-6,-16.0000E-3,
,,,-138.8000E-6,0.0,
,,,-138.6000E-6,-8.000000E-3,
,,,-138.4000E-6,-8.000000E-3,
,,,-138.2000E-6,-8.000000E-3,
,,,-138.0000E-6,-16.0000E-3,
,,,-137.8000E-6,-8.000000E-3,
,,,-137.6000E-6,0.0,
,,,-137.4000E-6,-16.0000E-3,
,,,-137.2000E-6,-8.000000E-3,
,,,-137.0000E-6,-16.0000E-3,
,,,-136.8000E-6,0.0,
,,,-136.6000E-6,-8.000000E-3,
,,,-136.4000E-6,-16.0000E-3,
,,,-136.2000E-6,-16.0000E-3,
,,,-136.0000E-6,0.0,
,,,-135.8000E-6,-8.000000E-3,
,,,-135.6000E-6,-16.0000E-3,
,,,-135.4000E-6,-8.000000E-3,
,,,-135.2000E-6,-8.000000E-3,
,,,-135.0000E-6,-16.0000E-3,
,,,-134.8000E-6,-16.0000E-3,
,,,-134.6000E-6,0.0,
,,,-134.4000E-6,-8.000000E-3,
,,,-134.2000E-6,-8.000000E-3,
,,,-134.0000E-6,-8.000000E-3,
,,,-133.8000E-6,-8.000000E-3,
,,,-133.6000E-6,-8.000000E-3,
,,,-133.4000E-6,-8.000000E-3,
,,,-133.2000E-6,-8.000000E-3,
,,,-133.0000E-6,-8.000000E-3,
,,,-132.8000E-6,-16.0000E-3,
,,,-132.6000E-6,0.0,
,,,-132.4000E-6,-16.0000E-3,
,,,-132.2000E-6,-8.000000E-3,
,,,-132.0000E-6,-8.000000E-3,
,,,-131.8000E-6,-8.000000E-3,
,,,-131.6000E-6,-8.000000E-3,
,,,-131.4000E-6,-8.000000E-3,
,,,-131.2000E-6,-16.0000E-3,
,,,-131.0000E-6,-16.0000E-3,
,,,-130.8000E-6,0.0,
,,,-130.6000E-6,-8.000000E-3,
,,,-130.4000E-6,-16.0000E-3,
,,,-130.2000E-6,-16.0000E-3,
,,,-130.0000E-6,0.0,
,,,-129.8000E-6,-8.000000E-3,
,,,-129.6000E-6,-8.000000E-3,
,,,-129.4000E-6,-8.000000E-3,
,,,-129.2000E-6,-16.0000E-3,
,,,-129.0000E-6,-16.0000E-3,
,,,-128.8000E-6,-8.000000E-3,
,,,-128.6000E-6,0.0,
,,,-128.4000E-6,-16.0000E-3,
,,,-128.2000E-6,-16.0000E-3,
,,,-128.0000E-6,-8.000000E-3,
,,,-127.8000E-6,-8.000000E-3,
,,,-127.6000E-6,-8.000000E-3,
,,,-127.4000E-6,0.0,
,,,-127.2000E-6,0.0,
,,,-127.0000E-6,-8.000000E-3,
,,,-126.8000E-6,-8.000000E-3,
,,,-126.6000E-6,0.0,
,,,-126.4000E-6,0.0,
,,,-126.2000E-6,-8.000000E-3,
,,,-126.0000E-6,-8.000000E-3,
,,,-125.8000E-6,-8.000000E-3,
,,,-125.6000E-6,0.0,
,,,-125.4000E-6,8.000000E-3,
,,,-125.2000E-6,0.0,
,,,-125.0000E-6,0.0,
,,,-124.8000E-6,-8.000000E-3,
,,,-124.6000E-6,-16.0000E-3,
,,,-124.4000E-6,-16.0000E-3,
,,,-124.2000E-6,-8.000000E-3,
,,,-124.0000E-6,-8.000000E-3,
,,,-123.8000E-6,-8.000000E-3,
,,,-123.6000E-6,-8.000000E-3,
,,,-123.4000E-6,-8.000000E-3,
,,,-123.2000E-6,-16.0000E-3,
,,,-123.0000E-6,-24.00000E-3,
,,,-122.8000E-6,0.0,
,,,-122.6000E-6,-8.000000E-3,
,,,-122.4000E-6,-8.000000E-3,
,,,-122.2000E-6,0.0,
,,,-122.0000E-6,-8.000000E-3,
,,,-121.8000E-6,0.0,
,,,-121.6000E-6,-8.000000E-3,
,,,-121.4000E-6,-8.000000E-3,
,,,-121.2000E-6,0.0,
,,,-121.0000E-6,-8.000000E-3,
,,,-120.8000E-6,-8.000000E-3,
,,,-120.6000E-6,-16.0000E-3,
,,,-120.4000E-6,0.0,
,,,-120.2000E-6,-8.000000E-3,
,,,-120.0000E-6,-8.000000E-3,
,,,-119.8000E-6,-8.000000E-3,
,,,-119.6000E-6,-8.000000E-3,
,,,-119.4000E-6,-8.000000E-3,
,,,-119.2000E-6,0.0,
,,,-119.0000E-6,0.0,
,,,-118.8000E-6,0.0,
,,,-118.6000E-6,-8.000000E-3,
,,,-118.4000E-6,-8.000000E-3,
,,,-118.2000E-6,-8.000000E-3,
,,,-118.0000E-6,-8.000000E-3,
,,,-117.8000E-6,-16.0000E-3,
,,,-117.6000E-6,-16.0000E-3,
,,,-117.4000E-6,-16.0000E-3,
,,,-117.2000E-6,0.0,
,,,-117.0000E-6,-8.000000E-3,
,,,-116.8000E-6,-8.000000E-3,
,,,-116.6000E-6,-8.000000E-3,
,,,-116.4000E-6,-8.000000E-3,
,,,-116.2000E-6,-8.000000E-3,
,,,-116.0000E-6,-8.000000E-3,
,,,-115.8000E-6,0.0,
,,,-115.6000E-6,0.0,
,,,-115.4000E-6,-8.000000E-3,
,,,-115.2000E-6,-8.000000E-3,
,,,-115.0000E-6,0.0,
,,,-114.8000E-6,0.0,
,,,-114.6000E-6,-8.000000E-3,
,,,-114.4000E-6,0.0,
,,,-114.2000E-6,-16.0000E-3,
,,,-114.0000E-6,-16.0000E-3,
,,,-113.8000E-6,-8.000000E-3,
,,,-113.6000E-6,-8.000000E-3,
,,,-113.4000E-6,-8.000000E-3,
,,,-113.2000E-6,-16.0000E-3,
,,,-113.0000E-6,-8.000000E-3,
,,,-112.8000E-6,-8.000000E-3,
,,,-112.6000E-6,-8.000000E-3,
,,,-112.4000E-6,0.0,
,,,-112.2000E-6,-8.000000E-3,
,,,-112.0000E-6,-8.000000E-3,
,,,-111.8000E-6,0.0,
,,,-111.6000E-6,0.0,
,,,-111.4000E-6,-8.000000E-3,
,,,-111.2000E-6,-8.000000E-3,
,,,-111.0000E-6,0.0,
,,,-110.8000E-6,0.0,
,,,-110.6000E-6,0.0,
,,,-110.4000E-6,-8.000000E-3,
,,,-110.2000E-6,8.000000E-3,
,,,-110.0000E-6,-16.0000E-3,
,,,-109.8000E-6,-8.000000E-3,
,,,-109.6000E-6,-16.0000E-3,
,,,-109.4000E-6,0.0,
,,,-109.2000E-6,0.0,
,,,-109.0000E-6,-8.000000E-3,
,,,-108.8000E-6,-8.000000E-3,
,,,-108.6000E-6,-8.000000E-3,
,,,-108.4000E-6,-8.000000E-3,
,,,-108.2000E-6,0.0,
,,,-108.0000E-6,0.0,
,,,-107.8000E-6,0.0,
,,,-107.6000E-6,-8.000000E-3,
,,,-107.4000E-6,0.0,
,,,-107.2000E-6,-16.0000E-3,
,,,-107.0000E-6,-16.0000E-3,
,,,-106.8000E-6,-8.000000E-3,
,,,-106.6000E-6,-8.000000E-3,
,,,-106.4000E-6,-8.000000E-3,
,,,-106.2000E-6,-8.000000E-3,
,,,-106.0000E-6,-16.0000E-3,
,,,-105.8000E-6,-8.000000E-3,
,,,-105.6000E-6,-8.000000E-3,
,,,-105.4000E-6,-8.000000E-3,
,,,-105.2000E-6,0.0,
,,,-105.0000E-6,-8.000000E-3,
,,,-104.8000E-6,0.0,
,,,-104.6000E-6,-16.0000E-3,
,,,-104.4000E-6,0.0,
,,,-104.2000E-6,-8.000000E-3,
,,,-104.0000E-6,-8.000000E-3,
,,,-103.8000E-6,-8.000000E-3,
,,,-103.6000E-6,-16.0000E-3,
,,,-103.4000E-6,-16.0000E-3,
,,,-103.2000E-6,-8.000000E-3,
,,,-103.0000E-6,0.0,
,,,-102.8000E-6,0.0,
,,,-102.6000E-6,0.0,
,,,-102.4000E-6,-8.000000E-3,
,,,-102.2000E-6,-8.000000E-3,
,,,-102.0000E-6,0.0,
,,,-101.8000E-6,8.000000E-3,
,,,-101.6000E-6,-8.000000E-3,
,,,-101.4000E-6,0.0,
,,,-101.2000E-6,-16.0000E-3,
,,,-101.0000E-6,-8.000000E-3,
,,,-100.8000E-6,-8.000000E-3,
,,,-100.6000E-6,-8.000000E-3,
,,,-100.4000E-6,0.0,
,,,-100.2000E-6,0.0,
,,,-99.999997E-6,-8.000000E-3,
,,,-99.799996E-6,-16.0000E-3,
,,,-99.599994E-6,-8.000000E-3,
,,,-99.399993E-6,-8.000000E-3,
,,,-99.199999E-6,-8.000000E-3,
,,,-98.999997E-6,-8.000000E-3,
,,,-98.799996E-6,0.0,
,,,-98.599994E-6,-8.000000E-3,
,,,-98.399993E-6,0.0,
,,,-98.199998E-6,-8.000000E-3,
,,,-97.999997E-6,0.0,
,,,-97.799995E-6,-8.000000E-3,
,,,-97.599994E-6,0.0,
,,,-97.399992E-6,-8.000000E-3,
,,,-97.199998E-6,0.0,
,,,-96.999996E-6,-8.000000E-3,
,,,-96.799995E-6,-8.000000E-3,
,,,-96.599993E-6,-16.0000E-3,
,,,-96.399992E-6,-16.0000E-3,
,,,-96.199998E-6,0.0,
,,,-95.999996E-6,-8.000000E-3,
,,,-95.799995E-6,0.0,
,,,-95.599993E-6,-16.0000E-3,
,,,-95.399992E-6,0.0,
,,,-95.199997E-6,-8.000000E-3,
,,,-94.999996E-6,0.0,
,,,-94.799994E-6,0.0,
,,,-94.599993E-6,-8.000000E-3,
,,,-94.399998E-6,-16.0000E-3,
,,,-94.199997E-6,-16.0000E-3,
,,,-93.999995E-6,-8.000000E-3,
,,,-93.799994E-6,-8.000000E-3,
,,,-93.599992E-6,-8.000000E-3,
,,,-93.399998E-6,0.0,
,,,-93.199997E-6,-16.0000E-3,
,,,-92.999995E-6,8.000000E-3,
,,,-92.799994E-6,-8.000000E-3,
,,,-92.599992E-6,0.0,
,,,-92.399998E-6,0.0,
,,,-92.199996E-6,-8.000000E-3,
,,,-91.999995E-6,-8.000000E-3,
,,,-91.799993E-6,0.0,
,,,-91.599992E-6,-16.0000E-3,
,,,-91.399997E-6,-8.000000E-3,
,,,-91.199996E-6,0.0,
,,,-90.999994E-6,0.0,
,,,-90.799993E-6,-8.000000E-3,
,,,-90.599991E-6,-8.000000E-3,
,,,-90.399997E-6,0.0,
,,,-90.199996E-6,-8.000000E-3,
,,,-89.999994E-6,-8.000000E-3,
,,,-89.799993E-6,-16.0000E-3,
,,,-89.599998E-6,0.0,
,,,-89.399997E-6,0.0,
,,,-89.199995E-6,-8.000000E-3,
,,,-88.999994E-6,0.0,
,,,-88.799992E-6,0.0,
,,,-88.599998E-6,-8.000000E-3,
,,,-88.399996E-6,-8.000000E-3,
,,,-88.199995E-6,8.000000E-3,
,,,-87.999993E-6,0.0,
,,,-87.799992E-6,-8.000000E-3,
,,,-87.599998E-6,-8.000000E-3,
,,,-87.399996E-6,-16.0000E-3,
,,,-87.199995E-6,-16.0000E-3,
,,,-86.999993E-6,-8.000000E-3,
,,,-86.799992E-6,0.0,
,,,-86.599997E-6,-16.0000E-3,
,,,-86.399996E-6,-16.0000E-3,
,,,-86.199994E-6,-16.0000E-3,
,,,-85.999993E-6,-8.000000E-3,
,,,-85.799998E-6,0.0,
,,,-85.599997E-6,-8.000000E-3,
,,,-85.399995E-6,0.0,
,,,-85.199994E-6,-16.0000E-3,
,,,-84.999992E-6,-8.000000E-3,
,,,-84.799998E-6,-16.0000E-3,
,,,-84.599997E-6,-16.0000E-3,
,,,-84.399995E-6,-8.000000E-3,
,,,-84.199994E-6,-8.000000E-3,
,,,-83.999992E-6,-8.000000E-3,
,,,-83.799998E-6,-16.0000E-3,
,,,-83.599996E-6,-16.0000E-3,
,,,-83.399995E-6,-24.00000E-3,
,,,-83.199993E-6,-16.0000E-3,
,,,-82.999992E-6,0.0,
,,,-82.799997E-6,0.0,
,,,-82.599996E-6,-8.000000E-3,
,,,-82.399994E-6,-16.0000E-3,
,,,-82.199993E-6,-16.0000E-3,
,,,-81.999991E-6,-8.000000E-3,
,,,-81.799997E-6,-8.000000E-3,
,,,-81.599996E-6,-8.000000E-3,
,,,-81.399994E-6,-8.000000E-3,
,,,-81.199993E-6,-16.0000E-3,
,,,-80.999998E-6,0.0,
,,,-80.799997E-6,0.0,
,,,-80.599995E-6,-8.000000E-3,
,,,-80.399994E-6,-8.000000E-3,
,,,-80.199992E-6,-8.000000E-3,
,,,-79.999998E-6,-16.0000E-3,
,,,-79.799996E-6,-8.000000E-3,
,,,-79.599995E-6,-8.000000E-3,
,,,-79.399993E-6,0.0,
,,,-79.199992E-6,-16.0000E-3,
,,,-78.999998E-6,-8.000000E-3,
,,,-78.799996E-6,-8.000000E-3,
,,,-78.599995E-6,0.0,
,,,-78.399993E-6,-8.000000E-3,
,,,-78.199992E-6,-8.000000E-3,
,,,-77.999997E-6,-8.000000E-3,
,,,-77.799996E-6,-8.000000E-3,
,,,-77.599994E-6,-16.0000E-3,
,,,-77.399993E-6,0.0,
,,,-77.199991E-6,-8.000000E-3,
,,,-76.999997E-6,-8.000000E-3,
,,,-76.799995E-6,-16.0000E-3,
,,,-76.599994E-6,-8.000000E-3,
,,,-76.399992E-6,-16.0000E-3,
,,,-76.199998E-6,-8.000000E-3,
,,,-75.999997E-6,0.0,
,,,-75.799995E-6,-8.000000E-3,
,,,-75.599994E-6,-8.000000E-3,
,,,-75.399992E-6,0.0,
,,,-75.199998E-6,0.0,
,,,-74.999996E-6,-8.000000E-3,
,,,-74.799995E-6,0.0,
,,,-74.599993E-6,0.0,
,,,-74.399992E-6,-16.0000E-3,
,,,-74.199997E-6,0.0,
,,,-73.999996E-6,-8.000000E-3,
,,,-73.799994E-6,-16.0000E-3,
,,,-73.599993E-6,0.0,
,,,-73.399991E-6,-8.000000E-3,
,,,-73.199997E-6,-8.000000E-3,
,,,-72.999996E-6,-8.000000E-3,
,,,-72.799994E-6,-8.000000E-3,
,,,-72.599993E-6,-8.000000E-3,
,,,-72.399998E-6,-8.000000E-3,
,,,-72.199997E-6,-16.0000E-3,
,,,-71.999995E-6,-16.0000E-3,
,,,-71.799994E-6,-16.0000E-3,
,,,-71.599992E-6,-8.000000E-3,
,,,-71.399998E-6,0.0,
,,,-71.199996E-6,-8.000000E-3,
,,,-70.999995E-6,-8.000000E-3,
,,,-70.799993E-6,-8.000000E-3,
,,,-70.599992E-6,-16.0000E-3,
,,,-70.399998E-6,-16.0000E-3,
,,,-70.199996E-6,-8.000000E-3,
,,,-69.999995E-6,-16.0000E-3,
,,,-69.799993E-6,-8.000000E-3,
,,,-69.599992E-6,-8.000000E-3,
,,,-69.399997E-6,-16.0000E-3,
,,,-69.199996E-6,-8.000000E-3,
,,,-68.999994E-6,-8.000000E-3,
,,,-68.799993E-6,-8.000000E-3,
,,,-68.599991E-6,-8.000000E-3,
,,,-68.399997E-6,8.000000E-3,
,,,-68.199995E-6,0.0,
,,,-67.999994E-6,-8.000000E-3,
,,,-67.799992E-6,0.0,
,,,-67.599998E-6,-8.000000E-3,
,,,-67.399997E-6,0.0,
,,,-67.199995E-6,-8.000000E-3,
,,,-66.999994E-6,0.0,
,,,-66.799992E-6,-8.000000E-3,
,,,-66.599998E-6,0.0,
,,,-66.399996E-6,0.0,
,,,-66.199995E-6,-8.000000E-3,
,,,-65.999993E-6,0.0,
,,,-65.799992E-6,-8.000000E-3,
,,,-65.599997E-6,16.0000E-3,
,,,-65.399996E-6,-8.000000E-3,
,,,-65.199994E-6,-8.000000E-3,
,,,-64.999993E-6,-8.000000E-3,
,,,-64.799991E-6,16.0000E-3,
,,,-64.599997E-6,0.0,
,,,-64.399996E-6,-8.000000E-3,
,,,-64.199994E-6,0.0,
,,,-63.999993E-6,-8.000000E-3,
,,,-63.799991E-6,-16.0000E-3,
,,,-63.599997E-6,-8.000000E-3,
,,,-63.399995E-6,0.0,
,,,-63.199994E-6,0.0,
,,,-62.999992E-6,8.000000E-3,
,,,-62.799998E-6,0.0,
,,,-62.599996E-6,-8.000000E-3,
,,,-62.399995E-6,-16.0000E-3,
,,,-62.199993E-6,-8.000000E-3,
,,,-61.999992E-6,-8.000000E-3,
,,,-61.799998E-6,0.0,
,,,-61.599996E-6,-16.0000E-3,
,,,-61.399995E-6,-16.0000E-3,
,,,-61.199993E-6,-8.000000E-3,
,,,-60.999995E-6,0.0,
,,,-60.799994E-6,0.0,
,,,-60.599996E-6,-8.000000E-3,
,,,-60.399994E-6,0.0,
,,,-60.199996E-6,-16.0000E-3,
,,,-59.999995E-6,0.0,
,,,-59.799993E-6,0.0,
,,,-59.599995E-6,-8.000000E-3,
,,,-59.399994E-6,-8.000000E-3,
,,,-59.199996E-6,0.0,
,,,-58.999995E-6,-16.0000E-3,
,,,-58.799993E-6,0.0,
,,,-58.599995E-6,-8.000000E-3,
,,,-58.399994E-6,-8.000000E-3,
,,,-58.199996E-6,-8.000000E-3,
,,,-57.999994E-6,-8.000000E-3,
,,,-57.799996E-6,-8.000000E-3,
,,,-57.599995E-6,0.0,
,,,-57.399993E-6,-16.0000E-3,
,,,-57.199995E-6,0.0,
,,,-56.999994E-6,-16.0000E-3,
,,,-56.799996E-6,-8.000000E-3,
,,,-56.599994E-6,-16.0000E-3,
,,,-56.399993E-6,-8.000000E-3,
,,,-56.199995E-6,-8.000000E-3,
,,,-55.999993E-6,-8.000000E-3,
,,,-55.799996E-6,-8.000000E-3,
,,,-55.599994E-6,0.0,
,,,-55.399996E-6,-8.000000E-3,
,,,-55.199995E-6,-24.00000E-3,
,,,-54.999993E-6,-8.000000E-3,
,,,-54.799995E-6,-8.000000E-3,
,,,-54.599994E-6,-16.0000E-3,
,,,-54.40000E-6,-8.000000E-3,
,,,-54.19999E-6,0.0,
,,,-53.99999E-6,-8.000000E-3,
,,,-53.79999E-6,-16.0000E-3,
,,,-53.59999E-6,-24.00000E-3,
,,,-53.40000E-6,-8.000000E-3,
,,,-53.19999E-6,-8.000000E-3,
,,,-53.00000E-6,-8.000000E-3,
,,,-52.79999E-6,-16.0000E-3,
,,,-52.59999E-6,0.0,
,,,-52.40000E-6,0.0,
,,,-52.19999E-6,-8.000000E-3,
,,,-52.00000E-6,-16.0000E-3,
,,,-51.79999E-6,0.0,
,,,-51.59999E-6,-8.000000E-3,
,,,-51.39999E-6,-8.000000E-3,
,,,-51.19999E-6,-8.000000E-3,
,,,-51.00000E-6,-24.00000E-3,
,,,-50.79999E-6,-16.0000E-3,
,,,-50.60000E-6,-16.0000E-3,
,,,-50.39999E-6,-16.0000E-3,
,,,-50.19999E-6,-8.000000E-3,
,,,-50.00000E-6,-16.0000E-3,
,,,-49.79999E-6,-8.000000E-3,
,,,-49.60000E-6,0.0,
,,,-49.39999E-6,-8.000000E-3,
,,,-49.20000E-6,-8.000000E-3,
,,,-48.99999E-6,-8.000000E-3,
,,,-48.79999E-6,-16.0000E-3,
,,,-48.60000E-6,-8.000000E-3,
,,,-48.39999E-6,-8.000000E-3,
,,,-48.20000E-6,-8.000000E-3,
,,,-47.99999E-6,-8.000000E-3,
,,,-47.79999E-6,-8.000000E-3,
,,,-47.60000E-6,0.0,
,,,-47.39999E-6,-8.000000E-3,
,,,-47.20000E-6,0.0,
,,,-46.99999E-6,-8.000000E-3,
,,,-46.80000E-6,0.0,
,,,-46.59999E-6,-16.0000E-3,
,,,-46.39999E-6,-8.000000E-3,
,,,-46.20000E-6,-8.000000E-3,
,,,-45.99999E-6,0.0,
,,,-45.80000E-6,8.000000E-3,
,,,-45.59999E-6,-8.000000E-3,
,,,-45.39999E-6,-16.0000E-3,
,,,-45.19999E-6,-8.000000E-3,
,,,-44.99999E-6,0.0,
,,,-44.80000E-6,-8.000000E-3,
,,,-44.59999E-6,0.0,
,,,-44.40000E-6,-8.000000E-3,
,,,-44.19999E-6,-16.0000E-3,
,,,-43.99999E-6,-16.0000E-3,
,,,-43.80000E-6,-16.0000E-3,
,,,-43.59999E-6,0.0,
,,,-43.40000E-6,-8.000000E-3,
,,,-43.19999E-6,0.0,
,,,-42.99999E-6,-8.000000E-3,
,,,-42.79999E-6,-8.000000E-3,
,,,-42.59999E-6,-8.000000E-3,
,,,-42.40000E-6,0.0,
,,,-42.19999E-6,-8.000000E-3,
,,,-42.00000E-6,-8.000000E-3,
,,,-41.79999E-6,8.000000E-3,
,,,-41.59999E-6,0.0,
,,,-41.40000E-6,0.0,
,,,-41.19999E-6,8.000000E-3,
,,,-41.00000E-6,-8.000000E-3,
,,,-40.79999E-6,0.0,
,,,-40.59999E-6,-8.000000E-3,
,,,-40.39999E-6,-16.0000E-3,
,,,-40.19999E-6,-16.0000E-3,
,,,-40.00000E-6,-8.000000E-3,
,,,-39.79999E-6,0.0,
,,,-39.60000E-6,0.0,
,,,-39.39999E-6,0.0,
,,,-39.19999E-6,-8.000000E-3,
,,,-39.00000E-6,0.0,
,,,-38.79999E-6,-8.000000E-3,
,,,-38.60000E-6,-8.000000E-3,
,,,-38.39999E-6,-16.0000E-3,
,,,-38.19999E-6,0.0,
,,,-37.99999E-6,-8.000000E-3,
,,,-37.79999E-6,-8.000000E-3,
,,,-37.60000E-6,-8.000000E-3,
,,,-37.39999E-6,0.0,
,,,-37.20000E-6,-8.000000E-3,
,,,-36.99999E-6,-16.0000E-3,
,,,-36.79999E-6,0.0,
,,,-36.59999E-6,0.0,
,,,-36.39999E-6,-16.0000E-3,
,,,-36.20000E-6,-8.000000E-3,
,,,-35.99999E-6,-16.0000E-3,
,,,-35.80000E-6,-8.000000E-3,
,,,-35.59999E-6,-8.000000E-3,
,,,-35.39999E-6,-8.000000E-3,
,,,-35.20000E-6,0.0,
,,,-34.99999E-6,0.0,
,,,-34.80000E-6,-8.000000E-3,
,,,-34.59999E-6,-8.000000E-3,
,,,-34.39999E-6,0.0,
,,,-34.19999E-6,0.0,
,,,-33.99999E-6,0.0,
,,,-33.80000E-6,-16.0000E-3,
,,,-33.59999E-6,-8.000000E-3,
,,,-33.40000E-6,-16.0000E-3,
,,,-33.19999E-6,-8.000000E-3,
,,,-32.99999E-6,-8.000000E-3,
,,,-32.80000E-6,0.0,
,,,-32.59999E-6,-8.000000E-3,
,,,-32.40000E-6,-8.000000E-3,
,,,-32.19999E-6,-16.0000E-3,
,,,-31.99999E-6,0.0,
,,,-31.79999E-6,8.000000E-3,
,,,-31.59999E-6,0.0,
,,,-31.40000E-6,-8.000000E-3,
,,,-31.19999E-6,-8.000000E-3,
,,,-31.00000E-6,-8.000000E-3,
,,,-30.79999E-6,-8.000000E-3,
,,,-30.59999E-6,0.0,
,,,-30.40000E-6,-16.0000E-3,
,,,-30.19999E-6,-8.000000E-3,
,,,-29.99999E-6,-8.000000E-3,
,,,-29.79999E-6,-8.000000E-3,
,,,-29.59999E-6,0.0,
,,,-29.39999E-6,-8.000000E-3,
,,,-29.19999E-6,-8.000000E-3,
,,,-28.99999E-6,0.0,
,,,-28.79999E-6,8.000000E-3,
,,,-28.59999E-6,-8.000000E-3,
,,,-28.39999E-6,0.0,
,,,-28.19999E-6,0.0,
,,,-27.99999E-6,-8.000000E-3,
,,,-27.79999E-6,-8.000000E-3,
,,,-27.59999E-6,-16.0000E-3,
,,,-27.39999E-6,0.0,
,,,-27.19999E-6,-8.000000E-3,
,,,-26.99999E-6,-8.000000E-3,
,,,-26.79999E-6,-8.000000E-3,
,,,-26.59999E-6,-8.000000E-3,
,,,-26.39999E-6,-8.000000E-3,
,,,-26.19999E-6,0.0,
,,,-25.99999E-6,0.0,
,,,-25.79999E-6,8.000000E-3,
,,,-25.59999E-6,-8.000000E-3,
,,,-25.39999E-6,0.0,
,,,-25.19999E-6,-8.000000E-3,
,,,-24.99999E-6,-8.000000E-3,
,,,-24.79999E-6,-8.000000E-3,
,,,-24.59999E-6,0.0,
,,,-24.39999E-6,-16.0000E-3,
,,,-24.20000E-6,-16.0000E-3,
,,,-23.99999E-6,-8.000000E-3,
,,,-23.79999E-6,0.0,
,,,-23.59999E-6,0.0,
,,,-23.39999E-6,0.0,
,,,-23.19999E-6,-8.000000E-3,
,,,-23.00000E-6,-8.000000E-3,
,,,-22.79999E-6,-8.000000E-3,
,,,-22.59999E-6,-8.000000E-3,
,,,-22.39999E-6,0.0,
,,,-22.19999E-6,-8.000000E-3,
,,,-21.99999E-6,0.0,
,,,-21.80000E-6,-24.00000E-3,
,,,-21.59999E-6,-8.000000E-3,
,,,-21.39999E-6,-8.000000E-3,
,,,-21.19999E-6,0.0,
,,,-20.99999E-6,8.000000E-3,
,,,-20.79999E-6,-8.000000E-3,
,,,-20.59999E-6,-8.000000E-3,
,,,-20.39999E-6,-8.000000E-3,
,,,-20.19999E-6,-16.0000E-3,
,,,-20.0000E-6,-8.000000E-3,
,,,-19.8000E-6,-8.000000E-3,
,,,-19.6000E-6,0.0,
,,,-19.4000E-6,-8.000000E-3,
,,,-19.2000E-6,0.0,
,,,-19.0000E-6,-16.0000E-3,
,,,-18.8000E-6,-8.000000E-3,
,,,-18.6000E-6,-8.000000E-3,
,,,-18.4000E-6,0.0,
,,,-18.2000E-6,0.0,
,,,-18.0000E-6,0.0,
,,,-17.8000E-6,-8.000000E-3,
,,,-17.6000E-6,0.0,
,,,-17.4000E-6,-8.000000E-3,
,,,-17.2000E-6,-8.000000E-3,
,,,-17.0000E-6,0.0,
,,,-16.8000E-6,8.000000E-3,
,,,-16.6000E-6,8.000000E-3,
,,,-16.4000E-6,-8.000000E-3,
,,,-16.2000E-6,-8.000000E-3,
,,,-16.0000E-6,0.0,
,,,-15.8000E-6,0.0,
,,,-15.6000E-6,-8.000000E-3,
,,,-15.4000E-6,0.0,
,,,-15.2000E-6,-8.000000E-3,
,,,-15.0000E-6,0.0,
,,,-14.8000E-6,-8.000000E-3,
,,,-14.6000E-6,-8.000000E-3,
,,,-14.4000E-6,0.0,
,,,-14.2000E-6,-8.000000E-3,
,,,-14.0000E-6,0.0,
,,,-13.8000E-6,-8.000000E-3,
,,,-13.6000E-6,-8.000000E-3,
,,,-13.4000E-6,-8.000000E-3,
,,,-13.2000E-6,-16.0000E-3,
,,,-13.0000E-6,-8.000000E-3,
,,,-12.8000E-6,-8.000000E-3,
,,,-12.6000E-6,-8.000000E-3,
,,,-12.4000E-6,-24.00000E-3,
,,,-12.2000E-6,-16.0000E-3,
,,,-12.0000E-6,0.0,
,,,-11.8000E-6,0.0,
,,,-11.6000E-6,-8.000000E-3,
,,,-11.4000E-6,-32.00000E-3,
,,,-11.2000E-6,-8.000000E-3,
,,,-11.0000E-6,-8.000000E-3,
,,,-10.8000E-6,-16.0000E-3,
,,,-10.6000E-6,-16.0000E-3,
,,,-10.4000E-6,-8.000000E-3,
,,,-10.2000E-6,-8.000000E-3,
,,,-9.999994E-6,-8.000000E-3,
,,,-9.799994E-6,-8.000000E-3,
,,,-9.599994E-6,-8.000000E-3,
,,,-9.399994E-6,-8.000000E-3,
,,,-9.199994E-6,-8.000000E-3,
,,,-8.999994E-6,0.0,
,,,-8.799994E-6,0.0,
,,,-8.599994E-6,-8.000000E-3,
,,,-8.399994E-6,-8.000000E-3,
,,,-8.199994E-6,-16.0000E-3,
,,,-7.999994E-6,-16.0000E-3,
,,,-7.799994E-6,-8.000000E-3,
,,,-7.599994E-6,8.000000E-3,
,,,-7.399994E-6,-8.000000E-3,
,,,-7.19999E-6,0.0,
,,,-6.99999E-6,-16.0000E-3,
,,,-6.79999E-6,8.000000E-3,
,,,-6.59999E-6,8.000000E-3,
,,,-6.39999E-6,0.0,
,,,-6.19999E-6,0.0,
,,,-5.99999E-6,-24.00000E-3,
,,,-5.79999E-6,-8.000000E-3,
,,,-5.59999E-6,-16.0000E-3,
,,,-5.39999E-6,0.0,
,,,-5.19999E-6,-8.000000E-3,
,,,-4.99999E-6,-8.000000E-3,
,,,-4.79999E-6,-8.000000E-3,
,,,-4.59999E-6,-8.000000E-3,
,,,-4.39999E-6,0.0,
,,,-4.19999E-6,0.0,
,,,-3.99999E-6,-8.000000E-3,
,,,-3.79999E-6,0.0,
,,,-3.59999E-6,8.000000E-3,
,,,-3.39999E-6,-8.000000E-3,
,,,-3.19999E-6,-16.0000E-3,
,,,-2.99999E-6,-8.000000E-3,
,,,-2.79999E-6,-8.000000E-3,
,,,-2.6000E-6,-8.000000E-3,
,,,-2.4000E-6,0.0,
,,,-2.2000E-6,-8.000000E-3,
,,,-2.0000E-6,-8.000000E-3,
,,,-1.8000E-6,-8.000000E-3,
,,,-1.6000E-6,0.0,
,,,-1.4000E-6,-8.000000E-3,
,,,-1.2000E-6,-8.000000E-3,
,,,-1.000E-6,0.0,
,,,-799.993927E-9,-16.0000E-3,
,,,-599.993939E-9,-16.0000E-3,
,,,-399.99392E-9,-16.0000E-3,
,,,-199.99392E-9,0.0,
,,,6.08225E-12,0.0,
,,,200.00608E-9,8.000000E-3,
,,,400.00609E-9,24.00000E-3,
,,,600.006103E-9,48.00000E-3,
,,,800.006092E-9,56.000002E-3,
,,,1.0000E-6,88.000007E-3,
,,,1.2000E-6,104.0000E-3,
,,,1.4000E-6,136.0000E-3,
,,,1.6000E-6,160.00001E-3,
,,,1.8000E-6,184.00002E-3,
,,,2.0000E-6,208.00000E-3,
,,,2.2000E-6,240.00001E-3,
,,,2.4000E-6,248.00001E-3,
,,,2.6000E-6,272.00001E-3,
,,,2.80001E-6,280.00000E-3,
,,,3.00001E-6,296.00000E-3,
,,,3.20001E-6,320.00002E-3,
,,,3.40001E-6,336.00003E-3,
,,,3.60001E-6,336.00003E-3,
,,,3.80001E-6,352.00003E-3,
,,,4.00001E-6,368.00003E-3,
,,,4.20001E-6,368.00003E-3,
,,,4.40001E-6,376.00002E-3,
,,,4.60001E-6,384.00000E-3,
,,,4.80001E-6,392.00002E-3,
,,,5.00001E-6,400.00001E-3,
,,,5.20001E-6,408.000022E-3,
,,,5.40001E-6,416.000009E-3,
,,,5.60001E-6,424.000025E-3,
,,,5.80001E-6,424.000025E-3,
,,,6.00001E-6,440.000027E-3,
,,,6.20001E-6,448.000014E-3,
,,,6.40001E-6,448.000014E-3,
,,,6.60001E-6,456.000030E-3,
,,,6.80001E-6,456.000030E-3,
,,,7.00001E-6,464.000016E-3,
,,,7.20001E-6,472.000033E-3,
,,,7.400006E-6,464.000016E-3,
,,,7.600006E-6,480.000019E-3,
,,,7.800006E-6,480.000019E-3,
,,,8.000006E-6,488.000035E-3,
,,,8.200006E-6,488.000035E-3,
,,,8.400006E-6,496.000022E-3,
,,,8.600006E-6,512.000024E-3,
,,,8.800006E-6,504.000008E-3,
,,,9.000006E-6,512.000024E-3,
,,,9.200006E-6,504.000008E-3,
,,,9.400006E-6,512.000024E-3,
,,,9.600006E-6,520.000041E-3,
,,,9.800006E-6,527.999997E-3,
,,,10.0000E-6,536.000013E-3,
,,,10.2000E-6,527.999997E-3,
,,,10.4000E-6,544.000030E-3,
,,,10.6000E-6,527.999997E-3,
,,,10.8000E-6,552.000046E-3,
,,,11.0000E-6,544.000030E-3,
,,,11.2000E-6,544.000030E-3,
,,,11.4000E-6,552.000046E-3,
,,,11.6000E-6,552.000046E-3,
,,,11.8000E-6,560.000002E-3,
,,,12.0000E-6,568.000019E-3,
,,,12.2000E-6,560.000002E-3,
,,,12.4000E-6,568.000019E-3,
,,,12.6000E-6,576.000035E-3,
,,,12.8000E-6,576.000035E-3,
,,,13.0000E-6,568.000019E-3,
,,,13.2000E-6,584.000051E-3,
,,,13.4000E-6,584.000051E-3,
,,,13.6000E-6,576.000035E-3,
,,,13.8000E-6,584.000051E-3,
,,,14.0000E-6,592.000008E-3,
,,,14.2000E-6,584.000051E-3,
,,,14.4000E-6,600.000024E-3,
,,,14.6000E-6,600.000024E-3,
,,,14.8000E-6,592.000008E-3,
,,,15.0000E-6,600.000024E-3,
,,,15.2000E-6,600.000024E-3,
,,,15.4000E-6,600.000024E-3,
,,,15.6000E-6,608.000040E-3,
,,,15.8000E-6,608.000040E-3,
,,,16.0000E-6,608.000040E-3,
,,,16.2000E-6,616.000056E-3,
,,,16.4000E-6,608.000040E-3,
,,,16.6000E-6,616.000056E-3,
,,,16.8000E-6,624.000013E-3,
,,,17.0000E-6,616.000056E-3,
,,,17.2000E-6,608.000040E-3,
,,,17.4000E-6,616.000056E-3,
,,,17.6000E-6,632.000029E-3,
,,,17.8000E-6,624.000013E-3,
,,,18.0000E-6,624.000013E-3,
,,,18.2000E-6,632.000029E-3,
,,,18.4000E-6,624.000013E-3,
,,,18.6000E-6,632.000029E-3,
,,,18.8000E-6,640.000045E-3,
,,,19.0000E-6,640.000045E-3,
,,,19.2000E-6,632.000029E-3,
,,,19.4000E-6,624.000013E-3,
,,,19.6000E-6,632.000029E-3,
,,,19.8000E-6,632.000029E-3,
,,,20.0000E-6,640.000045E-3,
,,,20.20001E-6,640.000045E-3,
,,,20.40001E-6,648.000002E-3,
,,,20.60001E-6,648.000002E-3,
,,,20.80001E-6,648.000002E-3,
,,,21.00001E-6,648.000002E-3,
,,,21.20001E-6,648.000002E-3,
,,,21.40001E-6,656.000018E-3,
,,,21.60001E-6,648.000002E-3,
,,,21.80001E-6,664.000034E-3,
,,,22.00001E-6,656.000018E-3,
,,,22.20001E-6,672.000051E-3,
,,,22.40001E-6,664.000034E-3,
,,,22.60001E-6,672.000051E-3,
,,,22.80001E-6,656.000018E-3,
,,,23.00001E-6,672.000051E-3,
,,,23.20001E-6,664.000034E-3,
,,,23.40001E-6,672.000051E-3,
,,,23.60001E-6,672.000051E-3,
,,,23.80001E-6,664.000034E-3,
,,,24.00001E-6,672.000051E-3,
,,,24.20001E-6,672.000051E-3,
,,,24.40001E-6,688.000023E-3,
,,,24.60001E-6,680.000007E-3,
,,,24.80001E-6,688.000023E-3,
,,,25.00001E-6,680.000007E-3,
,,,25.20001E-6,688.000023E-3,
,,,25.40001E-6,688.000023E-3,
,,,25.60001E-6,688.000023E-3,
,,,25.80001E-6,680.000007E-3,
,,,26.00001E-6,680.000007E-3,
,,,26.20001E-6,688.000023E-3,
,,,26.40001E-6,704.000056E-3,
,,,26.60001E-6,688.000023E-3,
,,,26.80001E-6,704.000056E-3,
,,,27.00001E-6,696.000040E-3,
,,,27.20001E-6,712.000012E-3,
,,,27.40001E-6,688.000023E-3,
,,,27.60001E-6,696.000040E-3,
,,,27.80001E-6,704.000056E-3,
,,,28.00001E-6,696.000040E-3,
,,,28.20001E-6,696.000040E-3,
,,,28.40001E-6,712.000012E-3,
,,,28.60001E-6,696.000040E-3,
,,,28.80001E-6,712.000012E-3,
,,,29.00001E-6,704.000056E-3,
,,,29.20001E-6,712.000012E-3,
,,,29.40001E-6,704.000056E-3,
,,,29.60001E-6,704.000056E-3,
,,,29.80001E-6,712.000012E-3,
,,,30.00001E-6,712.000012E-3,
,,,30.20001E-6,712.000012E-3,
,,,30.40001E-6,712.000012E-3,
,,,30.60001E-6,712.000012E-3,
,,,30.80001E-6,720.000029E-3,
,,,31.00001E-6,712.000012E-3,
,,,31.20000E-6,720.000029E-3,
,,,31.40001E-6,728.000045E-3,
,,,31.60001E-6,728.000045E-3,
,,,31.80001E-6,712.000012E-3,
,,,32.00001E-6,720.000029E-3,
,,,32.20001E-6,720.000029E-3,
,,,32.40001E-6,728.000045E-3,
,,,32.60001E-6,720.000029E-3,
,,,32.80001E-6,728.000045E-3,
,,,33.00001E-6,736.000061E-3,
,,,33.20001E-6,728.000045E-3,
,,,33.40001E-6,736.000061E-3,
,,,33.60000E-6,736.000061E-3,
,,,33.80001E-6,736.000061E-3,
,,,34.00001E-6,752.000034E-3,
,,,34.20001E-6,744.000018E-3,
,,,34.40001E-6,728.000045E-3,
,,,34.60001E-6,736.000061E-3,
,,,34.80001E-6,736.000061E-3,
,,,35.00001E-6,744.000018E-3,
,,,35.20001E-6,744.000018E-3,
,,,35.40001E-6,744.000018E-3,
,,,35.60001E-6,744.000018E-3,
,,,35.80001E-6,744.000018E-3,
,,,36.00000E-6,736.000061E-3,
,,,36.20001E-6,752.000034E-3,
,,,36.40001E-6,744.000018E-3,
,,,36.60001E-6,744.000018E-3,
,,,36.80001E-6,744.000018E-3,
,,,37.00001E-6,736.000061E-3,
,,,37.20001E-6,752.000034E-3,
,,,37.40001E-6,752.000034E-3,
,,,37.60001E-6,744.000018E-3,
,,,37.80001E-6,744.000018E-3,
,,,38.00001E-6,752.000034E-3,
,,,38.20001E-6,752.000034E-3,
,,,38.40000E-6,752.000034E-3,
,,,38.60001E-6,744.000018E-3,
,,,38.80001E-6,752.000034E-3,
,,,39.00001E-6,744.000018E-3,
,,,39.20001E-6,752.000034E-3,
,,,39.40001E-6,752.000034E-3,
,,,39.60001E-6,768.000007E-3,
,,,39.80000E-6,752.000034E-3,
,,,40.00001E-6,752.000034E-3,
,,,40.20001E-6,768.000007E-3,
,,,40.40001E-6,768.000007E-3,
,,,40.60001E-6,760.000050E-3,
,,,40.80001E-6,760.000050E-3,
,,,41.00001E-6,768.000007E-3,
,,,41.20001E-6,760.000050E-3,
,,,41.40001E-6,752.000034E-3,
,,,41.60001E-6,768.000007E-3,
,,,41.80001E-6,760.000050E-3,
,,,42.00001E-6,768.000007E-3,
,,,42.20000E-6,768.000007E-3,
,,,42.40001E-6,760.000050E-3,
,,,42.60001E-6,768.000007E-3,
,,,42.80001E-6,776.000023E-3,
,,,43.00001E-6,760.000050E-3,
,,,43.20001E-6,768.000007E-3,
,,,43.40001E-6,776.000023E-3,
,,,43.60001E-6,776.000023E-3,
,,,43.80001E-6,776.000023E-3,
,,,44.00001E-6,768.000007E-3,
,,,44.20001E-6,768.000007E-3,
,,,44.40001E-6,760.000050E-3,
,,,44.60000E-6,768.000007E-3,
,,,44.80001E-6,776.000023E-3,
,,,45.00001E-6,776.000023E-3,
,,,45.20001E-6,776.000023E-3,
,,,45.40001E-6,776.000023E-3,
,,,45.60001E-6,776.000023E-3,
,,,45.80001E-6,776.000023E-3,
,,,46.00001E-6,776.000023E-3,
,,,46.20001E-6,784.000039E-3,
,,,46.40001E-6,784.000039E-3,
,,,46.60001E-6,784.000039E-3,
,,,46.80001E-6,776.000023E-3,
,,,47.00000E-6,784.000039E-3,
,,,47.20001E-6,784.000039E-3,
,,,47.40001E-6,776.000023E-3,
,,,47.60001E-6,784.000039E-3,
,,,47.80001E-6,792.000055E-3,
,,,48.00001E-6,784.000039E-3,
,,,48.20001E-6,784.000039E-3,
,,,48.40001E-6,792.000055E-3,
,,,48.60001E-6,792.000055E-3,
,,,48.80001E-6,792.000055E-3,
,,,49.00001E-6,800.000012E-3,
,,,49.20001E-6,784.000039E-3,
,,,49.40001E-6,800.000012E-3,
,,,49.60001E-6,800.000012E-3,
,,,49.80001E-6,784.000039E-3,
,,,50.00001E-6,792.000055E-3,
,,,50.20001E-6,800.000012E-3,
,,,50.40001E-6,800.000012E-3,
,,,50.60001E-6,792.000055E-3,
,,,50.80001E-6,800.000012E-3,
,,,51.00001E-6,792.000055E-3,
,,,51.20001E-6,792.000055E-3,
,,,51.40001E-6,808.000028E-3,
,,,51.60001E-6,792.000055E-3,
,,,51.80001E-6,808.000028E-3,
,,,52.00001E-6,800.000012E-3,
,,,52.20001E-6,800.000012E-3,
,,,52.40001E-6,800.000012E-3,
,,,52.60001E-6,808.000028E-3,
,,,52.80001E-6,808.000028E-3,
,,,53.00001E-6,800.000012E-3,
,,,53.20000E-6,808.000028E-3,
,,,53.40001E-6,808.000028E-3,
,,,53.60001E-6,808.000028E-3,
,,,53.80001E-6,800.000012E-3,
,,,54.00001E-6,800.000012E-3,
,,,54.20001E-6,808.000028E-3,
,,,54.40001E-6,800.000012E-3,
,,,54.600008E-6,816.000044E-3,
,,,54.800006E-6,816.000044E-3,
,,,55.000008E-6,816.000044E-3,
,,,55.200006E-6,800.000012E-3,
,,,55.400007E-6,808.000028E-3,
,,,55.600005E-6,808.000028E-3,
,,,55.800007E-6,800.000012E-3,
,,,56.000008E-6,808.000028E-3,
,,,56.200006E-6,800.000012E-3,
,,,56.400007E-6,816.000044E-3,
,,,56.600005E-6,808.000028E-3,
,,,56.800007E-6,816.000044E-3,
,,,57.000008E-6,816.000044E-3,
,,,57.200006E-6,808.000028E-3,
,,,57.400008E-6,816.000044E-3,
,,,57.600006E-6,816.000044E-3,
,,,57.800007E-6,808.000028E-3,
,,,58.000005E-6,816.000044E-3,
,,,58.200007E-6,808.000028E-3,
,,,58.400008E-6,816.000044E-3,
,,,58.600006E-6,816.000044E-3,
,,,58.800008E-6,808.000028E-3,
,,,59.000005E-6,808.000028E-3,
,,,59.200007E-6,816.000044E-3,
,,,59.400008E-6,816.000044E-3,
,,,59.600006E-6,824.000061E-3,
,,,59.800008E-6,816.000044E-3,
,,,60.000006E-6,824.000061E-3,
,,,60.200007E-6,824.000061E-3,
,,,60.400005E-6,808.000028E-3,
,,,60.600007E-6,816.000044E-3,
,,,60.800008E-6,816.000044E-3,
,,,61.000006E-6,816.000044E-3,
,,,61.200008E-6,816.000044E-3,
,,,61.400009E-6,824.000061E-3,
,,,61.600003E-6,824.000061E-3,
,,,61.800005E-6,824.000061E-3,
,,,62.000006E-6,824.000061E-3,
,,,62.200008E-6,824.000061E-3,
,,,62.400009E-6,816.000044E-3,
,,,62.600004E-6,832.000017E-3,
,,,62.800005E-6,832.000017E-3,
,,,63.000007E-6,832.000017E-3,
,,,63.200008E-6,832.000017E-3,
,,,63.400010E-6,832.000017E-3,
,,,63.600004E-6,832.000017E-3,
,,,63.800006E-6,832.000017E-3,
,,,64.000007E-6,832.000017E-3,
,,,64.200009E-6,832.000017E-3,
,,,64.400010E-6,832.000017E-3,
,,,64.600004E-6,832.000017E-3,
,,,64.800006E-6,824.000061E-3,
,,,65.000007E-6,832.000017E-3,
,,,65.200009E-6,824.000061E-3,
,,,65.400003E-6,832.000017E-3,
,,,65.600005E-6,824.000061E-3,
,,,65.800006E-6,832.000017E-3,
,,,66.000008E-6,824.000061E-3,
,,,66.200009E-6,840.000033E-3,
,,,66.400004E-6,840.000033E-3,
,,,66.600005E-6,832.000017E-3,
,,,66.800007E-6,832.000017E-3,
,,,67.000008E-6,840.000033E-3,
,,,67.200010E-6,832.000017E-3,
,,,67.400004E-6,824.000061E-3,
,,,67.600005E-6,840.000033E-3,
,,,67.800007E-6,840.000033E-3,
,,,68.000008E-6,848.000050E-3,
,,,68.200010E-6,832.000017E-3,
,,,68.400004E-6,840.000033E-3,
,,,68.600006E-6,848.000050E-3,
,,,68.800007E-6,840.000033E-3,
,,,69.000009E-6,840.000033E-3,
,,,69.200010E-6,848.000050E-3,
,,,69.400005E-6,856.000066E-3,
,,,69.600006E-6,840.000033E-3,
,,,69.800008E-6,840.000033E-3,
,,,70.000009E-6,840.000033E-3,
,,,70.200003E-6,848.000050E-3,
,,,70.400005E-6,840.000033E-3,
,,,70.600006E-6,840.000033E-3,
,,,70.800008E-6,848.000050E-3,
,,,71.000009E-6,840.000033E-3,
,,,71.200004E-6,840.000033E-3,
,,,71.400005E-6,848.000050E-3,
,,,71.600007E-6,856.000066E-3,
,,,71.800008E-6,856.000066E-3,
,,,72.000010E-6,848.000050E-3,
,,,72.200004E-6,848.000050E-3,
,,,72.400006E-6,848.000050E-3,
,,,72.600007E-6,848.000050E-3,
,,,72.800009E-6,856.000066E-3,
,,,73.000010E-6,848.000050E-3,
,,,73.200004E-6,856.000066E-3,
,,,73.400006E-6,848.000050E-3,
,,,73.600007E-6,848.000050E-3,
,,,73.800009E-6,856.000066E-3,
,,,74.000010E-6,856.000066E-3,
,,,74.200005E-6,848.000050E-3,
,,,74.400006E-6,856.000066E-3,
,,,74.600008E-6,856.000066E-3,
,,,74.800009E-6,848.000050E-3,
,,,75.000004E-6,856.000066E-3,
,,,75.200005E-6,848.000050E-3,
,,,75.400007E-6,856.000066E-3,
,,,75.600008E-6,856.000066E-3,
,,,75.800010E-6,848.000050E-3,
,,,76.000004E-6,856.000066E-3,
,,,76.200005E-6,856.000066E-3,
,,,76.400007E-6,864.000022E-3,
,,,76.600008E-6,848.000050E-3,
,,,76.800010E-6,856.000066E-3,
,,,77.000004E-6,864.000022E-3,
,,,77.200006E-6,864.000022E-3,
,,,77.400007E-6,856.000066E-3,
,,,77.600009E-6,856.000066E-3,
,,,77.800010E-6,864.000022E-3,
,,,78.000005E-6,848.000050E-3,
,,,78.200006E-6,872.000039E-3,
,,,78.400008E-6,848.000050E-3,
,,,78.600009E-6,840.000033E-3,
,,,78.800003E-6,856.000066E-3,
,,,79.000005E-6,856.000066E-3,
,,,79.200006E-6,864.000022E-3,
,,,79.400008E-6,856.000066E-3,
,,,79.600009E-6,864.000022E-3,
,,,79.800004E-6,864.000022E-3,
,,,80.000005E-6,864.000022E-3,
,,,80.200007E-6,864.000022E-3,
,,,80.400008E-6,856.000066E-3,
,,,80.600010E-6,864.000022E-3,
,,,80.800004E-6,864.000022E-3,
,,,81.000006E-6,864.000022E-3,
,,,81.200007E-6,872.000039E-3,
,,,81.400009E-6,880.000055E-3,
,,,81.600010E-6,864.000022E-3,
,,,81.800004E-6,872.000039E-3,
,,,82.000006E-6,872.000039E-3,
,,,82.200007E-6,864.000022E-3,
,,,82.400009E-6,872.000039E-3,
,,,82.600011E-6,872.000039E-3,
,,,82.800005E-6,872.000039E-3,
,,,83.000006E-6,872.000039E-3,
,,,83.200008E-6,880.000055E-3,
,,,83.400009E-6,872.000039E-3,
,,,83.600004E-6,872.000039E-3,
,,,83.800005E-6,872.000039E-3,
,,,84.000007E-6,864.000022E-3,
,,,84.200008E-6,880.000055E-3,
,,,84.400010E-6,872.000039E-3,
,,,84.600004E-6,872.000039E-3,
,,,84.800005E-6,872.000039E-3,
,,,85.000007E-6,872.000039E-3,
,,,85.200008E-6,872.000039E-3,
,,,85.400010E-6,872.000039E-3,
,,,85.600004E-6,880.000055E-3,
,,,85.800006E-6,872.000039E-3,
,,,86.000007E-6,880.000055E-3,
,,,86.200009E-6,872.000039E-3,
,,,86.400010E-6,880.000055E-3,
,,,86.600005E-6,872.000039E-3,
,,,86.800006E-6,872.000039E-3,
,,,87.000008E-6,872.000039E-3,
,,,87.200009E-6,864.000022E-3,
,,,87.400011E-6,888.000071E-3,
,,,87.600005E-6,880.000055E-3,
,,,87.800006E-6,880.000055E-3,
,,,88.000008E-6,880.000055E-3,
,,,88.200009E-6,880.000055E-3,
,,,88.400004E-6,880.000055E-3,
,,,88.600005E-6,872.000039E-3,
,,,88.800007E-6,880.000055E-3,
,,,89.000008E-6,880.000055E-3,
,,,89.200010E-6,880.000055E-3,
,,,89.400004E-6,880.000055E-3,
,,,89.600006E-6,880.000055E-3,
,,,89.800007E-6,888.000071E-3,
,,,90.000009E-6,888.000071E-3,
,,,90.200010E-6,880.000055E-3,
,,,90.400004E-6,888.000071E-3,
,,,90.600006E-6,872.000039E-3,
,,,90.800007E-6,888.000071E-3,
,,,91.000009E-6,880.000055E-3,
,,,91.200011E-6,880.000055E-3,
,,,91.400005E-6,880.000055E-3,
,,,91.600006E-6,896.000028E-3,
,,,91.800008E-6,888.000071E-3,
,,,92.000009E-6,888.000071E-3,
,,,92.200004E-6,880.000055E-3,
,,,92.400005E-6,888.000071E-3,
,,,92.600007E-6,888.000071E-3,
,,,92.800008E-6,888.000071E-3,
,,,93.000010E-6,888.000071E-3,
,,,93.200004E-6,880.000055E-3,
,,,93.400005E-6,888.000071E-3,
,,,93.600007E-6,888.000071E-3,
,,,93.800008E-6,888.000071E-3,
,,,94.000010E-6,888.000071E-3,
,,,94.200004E-6,888.000071E-3,
,,,94.400006E-6,896.000028E-3,
,,,94.600007E-6,896.000028E-3,
,,,94.800009E-6,896.000028E-3,
,,,95.000010E-6,896.000028E-3,
,,,95.200005E-6,880.000055E-3,
,,,95.400006E-6,896.000028E-3,
,,,95.600008E-6,888.000071E-3,
,,,95.800009E-6,888.000071E-3,
,,,96.000011E-6,888.000071E-3,
,,,96.200005E-6,896.000028E-3,
,,,96.400006E-6,888.000071E-3,
,,,96.600008E-6,888.000071E-3,
,,,96.800009E-6,888.000071E-3,
,,,97.000004E-6,896.000028E-3,
,,,97.200005E-6,896.000028E-3,
,,,97.400007E-6,888.000071E-3,
,,,97.600008E-6,896.000028E-3,
,,,97.800010E-6,896.000028E-3,
,,,98.000004E-6,896.000028E-3,
,,,98.200006E-6,896.000028E-3,
,,,98.400007E-6,888.000071E-3,
,,,98.600009E-6,896.000028E-3,
,,,98.800010E-6,896.000028E-3,
,,,99.000004E-6,888.000071E-3,
,,,99.200006E-6,904.000044E-3,
,,,99.400007E-6,880.000055E-3,
,,,99.600009E-6,896.000028E-3,
,,,99.800011E-6,904.000044E-3,
,,,100.0000E-6,904.000044E-3,
,,,100.2000E-6,888.000071E-3,
,,,100.4000E-6,904.000044E-3,
,,,100.6000E-6,888.000071E-3,
,,,100.8000E-6,888.000071E-3,
,,,101.0000E-6,896.000028E-3,
,,,101.2000E-6,912.000060E-3,
,,,101.4000E-6,912.000060E-3,
,,,101.6000E-6,904.000044E-3,
,,,101.8000E-6,896.000028E-3,
,,,102.0000E-6,896.000028E-3,
,,,102.2000E-6,904.000044E-3,
,,,102.4000E-6,904.000044E-3,
,,,102.6000E-6,896.000028E-3,
,,,102.8000E-6,896.000028E-3,
,,,103.0000E-6,904.000044E-3,
,,,103.2000E-6,904.000044E-3,
,,,103.4000E-6,904.000044E-3,
,,,103.6000E-6,904.000044E-3,
,,,103.8000E-6,896.000028E-3,
,,,104.0000E-6,904.000044E-3,
,,,104.2000E-6,904.000044E-3,
,,,104.4000E-6,912.000060E-3,
,,,104.6000E-6,896.000028E-3,
,,,104.8000E-6,904.000044E-3,
,,,105.0000E-6,912.000060E-3,
,,,105.2000E-6,896.000028E-3,
,,,105.4000E-6,904.000044E-3,
,,,105.6000E-6,904.000044E-3,
,,,105.8000E-6,912.000060E-3,
,,,106.0000E-6,896.000028E-3,
,,,106.2000E-6,896.000028E-3,
,,,106.4000E-6,896.000028E-3,
,,,106.6000E-6,904.000044E-3,
,,,106.8000E-6,904.000044E-3,
,,,107.0000E-6,904.000044E-3,
,,,107.2000E-6,904.000044E-3,
,,,107.4000E-6,904.000044E-3,
,,,107.6000E-6,904.000044E-3,
,,,107.8000E-6,912.000060E-3,
,,,108.0000E-6,912.000060E-3,
,,,108.2000E-6,904.000044E-3,
,,,108.4000E-6,912.000060E-3,
,,,108.6000E-6,904.000044E-3,
,,,108.8000E-6,912.000060E-3,
,,,109.0000E-6,912.000060E-3,
,,,109.2000E-6,912.000060E-3,
,,,109.4000E-6,912.000060E-3,
,,,109.6000E-6,912.000060E-3,
,,,109.8000E-6,912.000060E-3,
,,,110.0000E-6,896.000028E-3,
,,,110.2000E-6,912.000060E-3,
,,,110.4000E-6,904.000044E-3,
,,,110.6000E-6,920.000017E-3,
,,,110.8000E-6,912.000060E-3,
,,,111.0000E-6,904.000044E-3,
,,,111.2000E-6,912.000060E-3,
,,,111.4000E-6,920.000017E-3,
,,,111.6000E-6,912.000060E-3,
,,,111.8000E-6,904.000044E-3,
,,,112.0000E-6,904.000044E-3,
,,,112.2000E-6,912.000060E-3,
,,,112.4000E-6,912.000060E-3,
,,,112.6000E-6,896.000028E-3,
,,,112.8000E-6,920.000017E-3,
,,,113.0000E-6,904.000044E-3,
,,,113.2000E-6,912.000060E-3,
,,,113.4000E-6,920.000017E-3,
,,,113.6000E-6,920.000017E-3,
,,,113.8000E-6,920.000017E-3,
,,,114.0000E-6,912.000060E-3,
,,,114.2000E-6,904.000044E-3,
,,,114.4000E-6,912.000060E-3,
,,,114.6000E-6,904.000044E-3,
,,,114.8000E-6,912.000060E-3,
,,,115.0000E-6,912.000060E-3,
,,,115.2000E-6,904.000044E-3,
,,,115.4000E-6,912.000060E-3,
,,,115.6000E-6,912.000060E-3,
,,,115.8000E-6,912.000060E-3,
,,,116.0000E-6,928.000033E-3,
,,,116.2000E-6,920.000017E-3,
,,,116.4000E-6,912.000060E-3,
,,,116.6000E-6,912.000060E-3,
,,,116.8000E-6,912.000060E-3,
,,,117.0000E-6,904.000044E-3,
,,,117.2000E-6,920.000017E-3,
,,,117.4000E-6,904.000044E-3,
,,,117.6000E-6,920.000017E-3,
,,,117.8000E-6,920.000017E-3,
,,,118.0000E-6,920.000017E-3,
,,,118.2000E-6,904.000044E-3,
,,,118.4000E-6,920.000017E-3,
,,,118.6000E-6,912.000060E-3,
,,,118.8000E-6,920.000017E-3,
,,,119.0000E-6,920.000017E-3,
,,,119.2000E-6,904.000044E-3,
,,,119.4000E-6,928.000033E-3,
,,,119.6000E-6,920.000017E-3,
,,,119.8000E-6,920.000017E-3,
,,,120.0000E-6,912.000060E-3,
,,,120.2000E-6,904.000044E-3,
,,,120.4000E-6,920.000017E-3,
,,,120.6000E-6,920.000017E-3,
,,,120.8000E-6,904.000044E-3,
,,,121.0000E-6,912.000060E-3,
,,,121.2000E-6,920.000017E-3,
,,,121.4000E-6,912.000060E-3,
,,,121.6000E-6,912.000060E-3,
,,,121.8000E-6,912.000060E-3,
,,,122.0000E-6,912.000060E-3,
,,,122.2000E-6,912.000060E-3,
,,,122.4000E-6,912.000060E-3,
,,,122.6000E-6,912.000060E-3,
,,,122.8000E-6,920.000017E-3,
,,,123.0000E-6,912.000060E-3,
,,,123.2000E-6,928.000033E-3,
,,,123.4000E-6,912.000060E-3,
,,,123.6000E-6,912.000060E-3,
,,,123.8000E-6,920.000017E-3,
,,,124.0000E-6,920.000017E-3,
,,,124.2000E-6,912.000060E-3,
,,,124.4000E-6,912.000060E-3,
,,,124.6000E-6,920.000017E-3,
,,,124.8000E-6,912.000060E-3,
,,,125.0000E-6,912.000060E-3,
,,,125.2000E-6,920.000017E-3,
,,,125.4000E-6,912.000060E-3,
,,,125.6000E-6,920.000017E-3,
,,,125.8000E-6,920.000017E-3,
,,,126.0000E-6,920.000017E-3,
,,,126.2000E-6,928.000033E-3,
,,,126.4000E-6,928.000033E-3,
,,,126.6000E-6,912.000060E-3,
,,,126.8000E-6,920.000017E-3,
,,,127.0000E-6,928.000033E-3,
,,,127.2000E-6,920.000017E-3,
,,,127.4000E-6,920.000017E-3,
,,,127.6000E-6,920.000017E-3,
,,,127.8000E-6,920.000017E-3,
,,,128.0000E-6,928.000033E-3,
,,,128.2000E-6,920.000017E-3,
,,,128.4000E-6,912.000060E-3,
,,,128.6000E-6,920.000017E-3,
,,,128.8000E-6,928.000033E-3,
,,,129.0000E-6,920.000017E-3,
,,,129.2000E-6,920.000017E-3,
,,,129.4000E-6,928.000033E-3,
,,,129.6000E-6,928.000033E-3,
,,,129.8000E-6,912.000060E-3,
,,,130.0000E-6,920.000017E-3,
,,,130.2000E-6,920.000017E-3,
,,,130.4000E-6,912.000060E-3,
,,,130.6000E-6,920.000017E-3,
,,,130.8000E-6,920.000017E-3,
,,,131.0000E-6,920.000017E-3,
,,,131.2000E-6,920.000017E-3,
,,,131.4000E-6,920.000017E-3,
,,,131.6000E-6,928.000033E-3,
,,,131.8000E-6,912.000060E-3,
,,,132.0000E-6,920.000017E-3,
,,,132.2000E-6,928.000033E-3,
,,,132.4000E-6,904.000044E-3,
,,,132.6000E-6,920.000017E-3,
,,,132.8000E-6,920.000017E-3,
,,,133.0000E-6,920.000017E-3,
,,,133.2000E-6,920.000017E-3,
,,,133.4000E-6,920.000017E-3,
,,,133.6000E-6,920.000017E-3,
,,,133.8000E-6,912.000060E-3,
,,,134.0000E-6,920.000017E-3,
,,,134.2000E-6,928.000033E-3,
,,,134.4000E-6,928.000033E-3,
,,,134.6000E-6,920.000017E-3,
,,,134.8000E-6,912.000060E-3,
,,,135.0000E-6,912.000060E-3,
,,,135.2000E-6,920.000017E-3,
,,,135.4000E-6,920.000017E-3,
,,,135.6000E-6,912.000060E-3,
,,,135.8000E-6,920.000017E-3,
,,,136.0000E-6,920.000017E-3,
,,,136.2000E-6,912.000060E-3,
,,,136.4000E-6,920.000017E-3,
,,,136.6000E-6,920.000017E-3,
,,,136.8000E-6,912.000060E-3,
,,,137.0000E-6,920.000017E-3,
,,,137.2000E-6,928.000033E-3,
,,,137.4000E-6,920.000017E-3,
,,,137.6000E-6,928.000033E-3,
,,,137.8000E-6,920.000017E-3,
,,,138.0000E-6,928.000033E-3,
,,,138.2000E-6,928.000033E-3,
,,,138.4000E-6,920.000017E-3,
,,,138.6000E-6,920.000017E-3,
,,,138.8000E-6,936.000049E-3,
,,,139.0000E-6,928.000033E-3,
,,,139.2000E-6,936.000049E-3,
,,,139.4000E-6,928.000033E-3,
,,,139.6000E-6,928.000033E-3,
,,,139.8000E-6,928.000033E-3,
,,,140.0000E-6,920.000017E-3,
,,,140.2000E-6,920.000017E-3,
,,,140.4000E-6,920.000017E-3,
,,,140.6000E-6,920.000017E-3,
,,,140.8000E-6,920.000017E-3,
,,,141.0000E-6,928.000033E-3,
,,,141.2000E-6,928.000033E-3,
,,,141.4000E-6,920.000017E-3,
,,,141.6000E-6,920.000017E-3,
,,,141.8000E-6,928.000033E-3,
,,,142.0000E-6,920.000017E-3,
,,,142.2000E-6,920.000017E-3,
,,,142.4000E-6,928.000033E-3,
,,,142.6000E-6,928.000033E-3,
,,,142.8000E-6,928.000033E-3,
,,,143.0000E-6,928.000033E-3,
,,,143.2000E-6,920.000017E-3,
,,,143.4000E-6,904.000044E-3,
,,,143.6000E-6,912.000060E-3,
,,,143.8000E-6,928.000033E-3,
,,,144.0000E-6,920.000017E-3,
,,,144.2000E-6,920.000017E-3,
,,,144.4000E-6,928.000033E-3,
,,,144.6000E-6,920.000017E-3,
,,,144.8000E-6,912.000060E-3,
,,,145.0000E-6,920.000017E-3,
,,,145.2000E-6,920.000017E-3,
,,,145.4000E-6,920.000017E-3,
,,,145.6000E-6,936.000049E-3,
,,,145.8000E-6,920.000017E-3,
,,,146.0000E-6,936.000049E-3,
,,,146.2000E-6,928.000033E-3,
,,,146.4000E-6,928.000033E-3,
,,,146.6000E-6,912.000060E-3,
,,,146.8000E-6,920.000017E-3,
,,,147.0000E-6,928.000033E-3,
,,,147.2000E-6,920.000017E-3,
,,,147.4000E-6,928.000033E-3,
,,,147.6000E-6,936.000049E-3,
,,,147.8000E-6,920.000017E-3,
,,,148.0000E-6,928.000033E-3,
,,,148.2000E-6,912.000060E-3,
,,,148.4000E-6,920.000017E-3,
,,,148.60001E-6,920.000017E-3,
,,,148.80001E-6,928.000033E-3,
,,,149.00001E-6,928.000033E-3,
,,,149.20000E-6,928.000033E-3,
,,,149.40000E-6,928.000033E-3,
,,,149.60000E-6,912.000060E-3,
,,,149.80001E-6,920.000017E-3,
,,,150.00001E-6,920.000017E-3,
,,,150.20001E-6,912.000060E-3,
,,,150.40001E-6,928.000033E-3,
,,,150.60001E-6,920.000017E-3,
,,,150.80001E-6,920.000017E-3,
,,,151.00001E-6,928.000033E-3,
,,,151.20000E-6,920.000017E-3,
,,,151.40000E-6,920.000017E-3,
,,,151.60000E-6,920.000017E-3,
,,,151.80001E-6,920.000017E-3,
,,,152.00001E-6,920.000017E-3,
,,,152.20001E-6,928.000033E-3,
,,,152.40001E-6,920.000017E-3,
,,,152.60001E-6,928.000033E-3,
,,,152.80001E-6,920.000017E-3,
,,,153.00000E-6,928.000033E-3,
,,,153.20000E-6,928.000033E-3,
,,,153.40000E-6,920.000017E-3,
,,,153.60001E-6,912.000060E-3,
,,,153.80001E-6,920.000017E-3,
,,,154.00001E-6,928.000033E-3,
,,,154.20001E-6,920.000017E-3,
,,,154.40001E-6,928.000033E-3,
,,,154.60001E-6,920.000017E-3,
,,,154.80001E-6,920.000017E-3,
,,,155.00000E-6,920.000017E-3,
,,,155.20000E-6,912.000060E-3,
,,,155.40000E-6,920.000017E-3,
,,,155.60001E-6,912.000060E-3,
,,,155.80001E-6,920.000017E-3,
,,,156.00001E-6,920.000017E-3,
,,,156.20001E-6,920.000017E-3,
,,,156.40001E-6,920.000017E-3,
,,,156.60001E-6,920.000017E-3,
,,,156.80000E-6,920.000017E-3,
,,,157.00000E-6,912.000060E-3,
,,,157.20000E-6,920.000017E-3,
,,,157.40001E-6,928.000033E-3,
,,,157.60001E-6,920.000017E-3,
,,,157.80001E-6,912.000060E-3,
,,,158.00001E-6,920.000017E-3,
,,,158.20001E-6,920.000017E-3,
,,,158.40001E-6,928.000033E-3,
,,,158.60001E-6,928.000033E-3,
,,,158.80000E-6,928.000033E-3,
,,,159.00000E-6,920.000017E-3,
,,,159.20000E-6,920.000017E-3,
,,,159.40001E-6,928.000033E-3,
,,,159.60001E-6,920.000017E-3,
,,,159.80001E-6,920.000017E-3,
,,,160.00001E-6,920.000017E-3,
,,,160.20001E-6,936.000049E-3,
,,,160.40001E-6,928.000033E-3,
,,,160.60002E-6,920.000017E-3,
,,,160.80000E-6,920.000017E-3,
,,,161.00000E-6,928.000033E-3,
,,,161.20001E-6,920.000017E-3,
,,,161.40001E-6,912.000060E-3,
,,,161.60001E-6,920.000017E-3,
,,,161.80001E-6,904.000044E-3,
,,,162.00001E-6,920.000017E-3,
,,,162.20001E-6,920.000017E-3,
,,,162.40001E-6,920.000017E-3,
,,,162.60000E-6,928.000033E-3,
,,,162.80000E-6,920.000017E-3,
,,,163.00000E-6,920.000017E-3,
,,,163.20001E-6,920.000017E-3,
,,,163.40001E-6,928.000033E-3,
,,,163.60001E-6,928.000033E-3,
,,,163.80001E-6,928.000033E-3,
,,,164.00001E-6,928.000033E-3,
,,,164.20001E-6,920.000017E-3,
,,,164.40001E-6,928.000033E-3,
,,,164.60000E-6,920.000017E-3,
,,,164.80000E-6,920.000017E-3,
,,,165.00000E-6,920.000017E-3,
,,,165.20001E-6,920.000017E-3,
,,,165.40001E-6,928.000033E-3,
,,,165.60001E-6,920.000017E-3,
,,,165.80001E-6,920.000017E-3,
,,,166.00001E-6,912.000060E-3,
,,,166.20001E-6,912.000060E-3,
,,,166.40000E-6,912.000060E-3,
,,,166.60000E-6,920.000017E-3,
,,,166.80000E-6,920.000017E-3,
,,,167.00001E-6,912.000060E-3,
,,,167.20001E-6,920.000017E-3,
,,,167.40001E-6,920.000017E-3,
,,,167.60001E-6,920.000017E-3,
,,,167.80001E-6,920.000017E-3,
,,,168.00001E-6,920.000017E-3,
,,,168.20001E-6,920.000017E-3,
,,,168.40000E-6,928.000033E-3,
,,,168.60000E-6,928.000033E-3,
,,,168.80000E-6,928.000033E-3,
,,,169.00001E-6,920.000017E-3,
,,,169.20001E-6,928.000033E-3,
,,,169.40001E-6,920.000017E-3,
,,,169.60001E-6,936.000049E-3,
,,,169.80001E-6,912.000060E-3,
,,,170.00001E-6,928.000033E-3,
,,,170.20000E-6,920.000017E-3,
,,,170.40000E-6,912.000060E-3,
,,,170.60000E-6,920.000017E-3,
,,,170.80001E-6,920.000017E-3,
,,,171.00001E-6,920.000017E-3,
,,,171.20001E-6,928.000033E-3,
,,,171.40001E-6,920.000017E-3,
,,,171.60001E-6,920.000017E-3,
,,,171.80001E-6,920.000017E-3,
,,,172.00001E-6,912.000060E-3,
,,,172.20000E-6,920.000017E-3,
,,,172.40000E-6,920.000017E-3,
,,,172.60000E-6,920.000017E-3,
,,,172.80001E-6,920.000017E-3,
,,,173.00001E-6,920.000017E-3,
,,,173.20001E-6,904.000044E-3,
,,,173.40001E-6,912.000060E-3,
,,,173.60001E-6,928.000033E-3,
,,,173.80001E-6,912.000060E-3,
,,,174.00002E-6,912.000060E-3,
,,,174.20000E-6,912.000060E-3,
,,,174.40000E-6,912.000060E-3,
,,,174.60001E-6,912.000060E-3,
,,,174.80001E-6,920.000017E-3,
,,,175.00001E-6,912.000060E-3,
,,,175.20001E-6,912.000060E-3,
,,,175.40001E-6,920.000017E-3,
,,,175.60001E-6,912.000060E-3,
,,,175.80001E-6,912.000060E-3,
,,,176.00000E-6,912.000060E-3,
,,,176.20000E-6,920.000017E-3,
,,,176.40000E-6,920.000017E-3,
,,,176.60001E-6,920.000017E-3,
,,,176.80001E-6,912.000060E-3,
,,,177.00001E-6,920.000017E-3,
,,,177.20001E-6,928.000033E-3,
,,,177.40001E-6,920.000017E-3,
,,,177.60001E-6,912.000060E-3,
,,,177.80002E-6,912.000060E-3,
,,,178.00000E-6,920.000017E-3,
,,,178.20000E-6,920.000017E-3,
,,,178.40001E-6,912.000060E-3,
,,,178.60001E-6,912.000060E-3,
,,,178.80001E-6,912.000060E-3,
,,,179.00001E-6,928.000033E-3,
,,,179.20001E-6,920.000017E-3,
,,,179.40001E-6,912.000060E-3,
,,,179.60001E-6,920.000017E-3,
,,,179.80000E-6,904.000044E-3,
,,,180.00000E-6,912.000060E-3,
,,,180.20000E-6,920.000017E-3,
,,,180.40001E-6,912.000060E-3,
,,,180.60001E-6,912.000060E-3,
,,,180.80001E-6,928.000033E-3,
,,,181.00001E-6,904.000044E-3,
,,,181.20001E-6,912.000060E-3,
,,,181.40001E-6,920.000017E-3,
,,,181.60001E-6,912.000060E-3,
,,,181.80000E-6,920.000017E-3,
,,,182.00000E-6,920.000017E-3,
,,,182.20000E-6,920.000017E-3,
,,,182.40001E-6,912.000060E-3,
,,,182.60001E-6,920.000017E-3,
,,,182.80001E-6,912.000060E-3,
,,,183.00001E-6,912.000060E-3,
,,,183.20001E-6,936.000049E-3,
,,,183.40001E-6,920.000017E-3,
,,,183.60000E-6,912.000060E-3,
,,,183.80000E-6,920.000017E-3,
,,,184.00000E-6,912.000060E-3,
,,,184.20001E-6,912.000060E-3,
,,,184.40001E-6,920.000017E-3,
,,,184.60001E-6,920.000017E-3,
,,,184.80001E-6,912.000060E-3,
,,,185.00001E-6,912.000060E-3,
,,,185.20001E-6,912.000060E-3,
,,,185.40001E-6,912.000060E-3,
,,,185.60000E-6,920.000017E-3,
,,,185.80000E-6,920.000017E-3,
,,,186.00000E-6,904.000044E-3,
,,,186.20001E-6,912.000060E-3,
,,,186.40001E-6,920.000017E-3,
,,,186.60001E-6,920.000017E-3,
,,,186.80001E-6,912.000060E-3,
,,,187.00001E-6,920.000017E-3,
,,,187.20001E-6,912.000060E-3,
,,,187.40002E-6,920.000017E-3,
,,,187.60000E-6,920.000017E-3,
,,,187.80000E-6,920.000017E-3,
,,,188.00001E-6,920.000017E-3,
,,,188.20001E-6,912.000060E-3,
,,,188.40001E-6,912.000060E-3,
,,,188.60001E-6,920.000017E-3,
,,,188.80001E-6,920.000017E-3,
,,,189.00001E-6,912.000060E-3,
,,,189.20001E-6,920.000017E-3,
,,,189.40000E-6,912.000060E-3,
,,,189.60000E-6,904.000044E-3,
,,,189.80000E-6,912.000060E-3,
,,,190.00001E-6,920.000017E-3,
,,,190.20001E-6,912.000060E-3,
,,,190.40001E-6,928.000033E-3,
,,,190.60001E-6,920.000017E-3,
,,,190.80001E-6,920.000017E-3,
,,,191.00001E-6,904.000044E-3,
,,,191.20002E-6,912.000060E-3,
,,,191.40000E-6,920.000017E-3,
,,,191.60000E-6,912.000060E-3,
,,,191.80001E-6,912.000060E-3,
,,,192.00001E-6,920.000017E-3,
,,,192.20001E-6,920.000017E-3,
,,,192.40001E-6,928.000033E-3,
,,,192.60001E-6,912.000060E-3,
,,,192.80001E-6,912.000060E-3,
,,,193.00001E-6,912.000060E-3,
,,,193.20000E-6,912.000060E-3,
,,,193.40000E-6,920.000017E-3,
,,,193.60000E-6,920.000017E-3,
,,,193.80001E-6,920.000017E-3,
,,,194.00001E-6,920.000017E-3,
,,,194.20001E-6,904.000044E-3,
,,,194.40001E-6,912.000060E-3,
,,,194.60001E-6,920.000017E-3,
,,,194.80001E-6,912.000060E-3,
,,,195.00002E-6,920.000017E-3,
,,,195.20000E-6,912.000060E-3,
,,,195.40000E-6,920.000017E-3,
,,,195.60001E-6,920.000017E-3,
,,,195.80001E-6,920.000017E-3,
,,,196.00001E-6,912.000060E-3,
,,,196.20001E-6,912.000060E-3,
,,,196.40001E-6,920.000017E-3,
,,,196.60001E-6,920.000017E-3,
,,,196.80001E-6,912.000060E-3,
,,,197.00000E-6,920.000017E-3,
,,,197.20000E-6,920.000017E-3,
,,,197.40000E-6,912.000060E-3,
,,,197.60001E-6,904.000044E-3,
,,,197.80001E-6,904.000044E-3,
,,,198.00001E-6,912.000060E-3,
,,,198.20001E-6,912.000060E-3,
,,,198.40001E-6,920.000017E-3,
,,,198.60001E-6,920.000017E-3,
,,,198.80001E-6,920.000017E-3,
,,,199.00000E-6,920.000017E-3,
,,,199.20000E-6,904.000044E-3,
,,,199.40000E-6,912.000060E-3,
,,,199.60001E-6,912.000060E-3,
,,,199.80001E-6,912.000060E-3,
,,,200.00001E-6,912.000060E-3,
,,,200.20001E-6,912.000060E-3,
,,,200.40001E-6,912.000060E-3,
,,,200.60001E-6,912.000060E-3,
,,,200.80002E-6,904.000044E-3,
,,,201.00000E-6,904.000044E-3,
,,,201.20000E-6,920.000017E-3,
,,,201.40001E-6,904.000044E-3,
,,,201.60001E-6,912.000060E-3,
,,,201.80001E-6,912.000060E-3,
,,,202.00001E-6,920.000017E-3,
,,,202.20001E-6,912.000060E-3,
,,,202.40001E-6,912.000060E-3,
,,,202.60001E-6,912.000060E-3,
,,,202.80000E-6,912.000060E-3,
,,,203.00000E-6,912.000060E-3,
,,,203.20000E-6,920.000017E-3,
,,,203.40001E-6,912.000060E-3,
,,,203.60001E-6,920.000017E-3,
,,,203.80001E-6,912.000060E-3,
,,,204.00001E-6,920.000017E-3,
,,,204.20001E-6,912.000060E-3,
,,,204.40001E-6,912.000060E-3,
,,,204.60002E-6,912.000060E-3,
,,,204.80000E-6,920.000017E-3,
,,,205.00000E-6,912.000060E-3,
,,,205.20001E-6,920.000017E-3,
,,,205.40001E-6,920.000017E-3,
,,,205.60001E-6,920.000017E-3,
,,,205.80001E-6,920.000017E-3,
,,,206.00001E-6,920.000017E-3,
,,,206.20001E-6,912.000060E-3,
,,,206.40001E-6,920.000017E-3,
,,,206.60000E-6,920.000017E-3,
,,,206.80000E-6,920.000017E-3,
,,,207.00000E-6,912.000060E-3,
,,,207.20001E-6,928.000033E-3,
,,,207.40001E-6,912.000060E-3,
,,,207.60001E-6,904.000044E-3,
,,,207.80001E-6,912.000060E-3,
,,,208.00001E-6,912.000060E-3,
,,,208.20001E-6,904.000044E-3,
,,,208.40002E-6,920.000017E-3,
,,,208.60000E-6,920.000017E-3,
,,,208.80000E-6,912.000060E-3,
,,,209.00001E-6,912.000060E-3,
,,,209.20001E-6,904.000044E-3,
,,,209.40001E-6,904.000044E-3,
,,,209.60001E-6,912.000060E-3,
,,,209.80001E-6,920.000017E-3,
,,,210.00001E-6,912.000060E-3,
,,,210.20001E-6,912.000060E-3,
,,,210.40000E-6,920.000017E-3,
,,,210.60000E-6,928.000033E-3,
,,,210.80000E-6,920.000017E-3,
,,,211.00001E-6,920.000017E-3,
,,,211.20001E-6,904.000044E-3,
,,,211.40001E-6,920.000017E-3,
,,,211.60001E-6,904.000044E-3,
,,,211.80001E-6,912.000060E-3,
,,,212.00001E-6,920.000017E-3,
,,,212.20002E-6,912.000060E-3,
,,,212.40000E-6,912.000060E-3,
,,,212.60000E-6,920.000017E-3,
,,,212.80001E-6,912.000060E-3,
,,,213.00001E-6,920.000017E-3,
,,,213.20001E-6,920.000017E-3,
,,,213.40001E-6,920.000017E-3,
,,,213.60001E-6,904.000044E-3,
,,,213.80001E-6,912.000060E-3,
,,,214.00001E-6,896.000028E-3,
,,,214.20002E-6,912.000060E-3,
,,,214.40000E-6,912.000060E-3,
,,,214.60000E-6,912.000060E-3,
,,,214.80001E-6,912.000060E-3,
,,,215.00001E-6,920.000017E-3,
,,,215.20001E-6,904.000044E-3,
,,,215.40001E-6,912.000060E-3,
,,,215.60001E-6,912.000060E-3,
,,,215.80001E-6,912.000060E-3,
,,,216.00001E-6,904.000044E-3,
,,,216.20000E-6,912.000060E-3,
,,,216.40000E-6,912.000060E-3,
,,,216.60000E-6,912.000060E-3,
,,,216.80001E-6,912.000060E-3,
,,,217.00001E-6,904.000044E-3,
,,,217.20001E-6,904.000044E-3,
,,,217.40001E-6,904.000044E-3,
,,,217.60001E-6,920.000017E-3,
,,,217.80001E-6,912.000060E-3,
,,,218.00002E-6,920.000017E-3,
,,,218.20000E-6,912.000060E-3,
,,,218.40000E-6,904.000044E-3,
,,,218.60001E-6,920.000017E-3,
,,,218.80001E-6,912.000060E-3,
,,,219.00001E-6,904.000044E-3,
,,,219.20001E-6,904.000044E-3,
,,,219.40001E-6,904.000044E-3,
,,,219.60001E-6,912.000060E-3,
,,,219.80001E-6,904.000044E-3,
,,,220.00000E-6,912.000060E-3,
,,,220.20000E-6,912.000060E-3,
,,,220.40000E-6,904.000044E-3,
,,,220.60001E-6,896.000028E-3,
,,,220.80001E-6,896.000028E-3,
,,,221.00001E-6,912.000060E-3,
,,,221.20001E-6,904.000044E-3,
,,,221.40001E-6,920.000017E-3,
,,,221.60001E-6,904.000044E-3,
,,,221.80002E-6,920.000017E-3,
,,,222.00000E-6,904.000044E-3,
,,,222.20000E-6,920.000017E-3,
,,,222.40001E-6,904.000044E-3,
,,,222.60001E-6,904.000044E-3,
,,,222.80001E-6,912.000060E-3,
,,,223.00001E-6,904.000044E-3,
,,,223.20001E-6,896.000028E-3,
,,,223.40001E-6,920.000017E-3,
,,,223.60001E-6,912.000060E-3,
,,,223.80000E-6,912.000060E-3,
,,,224.00000E-6,904.000044E-3,
,,,224.20000E-6,912.000060E-3,
,,,224.40001E-6,912.000060E-3,
,,,224.60001E-6,904.000044E-3,
,,,224.80001E-6,912.000060E-3,
,,,225.00001E-6,904.000044E-3,
,,,225.20001E-6,912.000060E-3,
,,,225.40001E-6,904.000044E-3,
,,,225.60002E-6,904.000044E-3,
,,,225.80000E-6,912.000060E-3,
,,,226.00000E-6,896.000028E-3,
,,,226.20001E-6,920.000017E-3,
,,,226.40001E-6,912.000060E-3,
,,,226.60001E-6,912.000060E-3,
,,,226.80001E-6,904.000044E-3,
,,,227.00001E-6,912.000060E-3,
,,,227.20001E-6,904.000044E-3,
,,,227.40001E-6,904.000044E-3,
,,,227.60002E-6,904.000044E-3,
,,,227.80000E-6,920.000017E-3,
,,,228.00000E-6,912.000060E-3,
,,,228.20001E-6,928.000033E-3,
,,,228.40001E-6,912.000060E-3,
,,,228.60001E-6,928.000033E-3,
,,,228.80001E-6,904.000044E-3,
,,,229.00001E-6,912.000060E-3,
,,,229.20001E-6,912.000060E-3,
,,,229.40002E-6,912.000060E-3,
,,,229.60000E-6,912.000060E-3,
,,,229.80000E-6,904.000044E-3,
,,,230.00001E-6,920.000017E-3,
,,,230.20001E-6,912.000060E-3,
,,,230.40001E-6,904.000044E-3,
,,,230.60001E-6,904.000044E-3,
,,,230.80001E-6,904.000044E-3,
,,,231.00001E-6,904.000044E-3,
,,,231.20001E-6,912.000060E-3,
,,,231.40002E-6,912.000060E-3,
,,,231.60000E-6,896.000028E-3,
,,,231.80000E-6,912.000060E-3,
,,,232.00001E-6,912.000060E-3,
,,,232.20001E-6,896.000028E-3,
,,,232.40001E-6,904.000044E-3,
,,,232.60001E-6,904.000044E-3,
,,,232.80001E-6,904.000044E-3,
,,,233.00001E-6,912.000060E-3,
,,,233.20001E-6,912.000060E-3,
,,,233.40000E-6,912.000060E-3,
,,,233.60000E-6,904.000044E-3,
,,,233.80000E-6,904.000044E-3,
,,,234.00001E-6,904.000044E-3,
,,,234.20001E-6,912.000060E-3,
,,,234.40001E-6,912.000060E-3,
,,,234.60001E-6,904.000044E-3,
,,,234.80001E-6,912.000060E-3,
,,,235.00001E-6,912.000060E-3,
,,,235.20002E-6,904.000044E-3,
,,,235.40000E-6,896.000028E-3,
,,,235.60000E-6,904.000044E-3,
,,,235.80001E-6,904.000044E-3,
,,,236.00001E-6,912.000060E-3,
,,,236.20001E-6,904.000044E-3,
,,,236.40001E-6,904.000044E-3,
,,,236.60001E-6,912.000060E-3,
,,,236.80001E-6,912.000060E-3,
,,,237.00001E-6,904.000044E-3,
,,,237.20000E-6,904.000044E-3,
,,,237.40000E-6,904.000044E-3,
,,,237.60000E-6,904.000044E-3,
,,,237.80001E-6,904.000044E-3,
,,,238.00001E-6,912.000060E-3,
,,,238.20001E-6,904.000044E-3,
,,,238.40001E-6,912.000060E-3,
,,,238.60001E-6,920.000017E-3,
,,,238.80001E-6,912.000060E-3,
,,,239.00002E-6,904.000044E-3,
,,,239.20000E-6,904.000044E-3,
,,,239.40000E-6,904.000044E-3,
,,,239.60001E-6,904.000044E-3,
,,,239.80001E-6,912.000060E-3,
,,,240.00001E-6,920.000017E-3,
,,,240.20001E-6,904.000044E-3,
,,,240.40001E-6,896.000028E-3,
,,,240.60001E-6,904.000044E-3,
,,,240.80001E-6,912.000060E-3,
,,,241.00002E-6,904.000044E-3,
,,,241.20000E-6,912.000060E-3,
,,,241.40000E-6,904.000044E-3,
,,,241.60001E-6,904.000044E-3,
,,,241.80001E-6,904.000044E-3,
,,,242.00001E-6,896.000028E-3,
,,,242.20001E-6,904.000044E-3,
,,,242.40001E-6,904.000044E-3,
,,,242.60001E-6,904.000044E-3,
,,,242.80002E-6,912.000060E-3,
,,,243.00000E-6,912.000060E-3,
,,,243.20000E-6,904.000044E-3,
,,,243.40001E-6,896.000028E-3,
,,,243.60001E-6,904.000044E-3,
,,,243.80001E-6,912.000060E-3,
,,,244.00001E-6,896.000028E-3,
,,,244.20000E-6,904.000044E-3,
,,,244.40000E-6,912.000060E-3,
,,,244.60000E-6,904.000044E-3,
,,,244.80000E-6,920.000017E-3,
,,,245.00000E-6,912.000060E-3,
,,,245.20000E-6,904.000044E-3,
,,,245.40001E-6,896.000028E-3,
,,,245.60001E-6,904.000044E-3,
,,,245.80001E-6,904.000044E-3,
,,,246.00001E-6,920.000017E-3,
,,,246.20001E-6,904.000044E-3,
,,,246.40001E-6,912.000060E-3,
,,,246.60002E-6,904.000044E-3,
,,,246.80002E-6,904.000044E-3,
,,,247.00002E-6,912.000060E-3,
,,,247.20002E-6,904.000044E-3,
,,,247.40002E-6,912.000060E-3,
,,,247.60002E-6,912.000060E-3,
,,,247.80000E-6,912.000060E-3,
,,,248.00000E-6,920.000017E-3,
,,,248.20000E-6,912.000060E-3,
,,,248.40000E-6,904.000044E-3,
,,,248.60000E-6,904.000044E-3,
,,,248.80000E-6,912.000060E-3,
,,,249.00000E-6,904.000044E-3,
,,,249.20001E-6,904.000044E-3,
,,,249.40001E-6,904.000044E-3,
,,,249.60001E-6,904.000044E-3,
,,,249.80001E-6,912.000060E-3,
,,,250.00001E-6,912.000060E-3,
,,,250.20001E-6,912.000060E-3,
,,,250.40001E-6,912.000060E-3,
,,,250.60002E-6,904.000044E-3,
,,,250.80002E-6,920.000017E-3,
,,,251.00002E-6,896.000028E-3,
,,,251.20002E-6,904.000044E-3,
,,,251.40002E-6,904.000044E-3,
,,,251.59999E-6,912.000060E-3,
,,,251.80000E-6,912.000060E-3,
,,,252.00000E-6,912.000060E-3,
,,,252.20000E-6,904.000044E-3,
,,,252.40000E-6,904.000044E-3,
,,,252.60000E-6,896.000028E-3,
,,,252.80000E-6,904.000044E-3,
,,,253.00001E-6,920.000017E-3,
,,,253.20001E-6,904.000044E-3,
,,,253.40001E-6,896.000028E-3,
,,,253.60001E-6,896.000028E-3,
,,,253.80001E-6,896.000028E-3,
,,,254.00001E-6,904.000044E-3,
,,,254.20001E-6,904.000044E-3,
,,,254.40002E-6,904.000044E-3,
,,,254.60002E-6,912.000060E-3,
,,,254.80002E-6,912.000060E-3,
,,,255.00002E-6,904.000044E-3,
,,,255.20002E-6,904.000044E-3,
,,,255.39999E-6,904.000044E-3,
,,,255.60000E-6,896.000028E-3,
,,,255.80000E-6,912.000060E-3,
,,,256.00000E-6,912.000060E-3,
,,,256.20000E-6,904.000044E-3,
,,,256.40000E-6,912.000060E-3,
,,,256.60000E-6,904.000044E-3,
,,,256.80001E-6,904.000044E-3,
,,,257.00001E-6,904.000044E-3,
,,,257.20001E-6,904.000044E-3,
,,,257.40001E-6,912.000060E-3,
,,,257.60001E-6,896.000028E-3,
,,,257.80001E-6,912.000060E-3,
,,,258.00001E-6,904.000044E-3,
,,,258.20002E-6,912.000060E-3,
,,,258.40002E-6,912.000060E-3,
,,,258.60002E-6,904.000044E-3,
,,,258.80002E-6,896.000028E-3,
,,,259.00002E-6,904.000044E-3,
,,,259.19999E-6,904.000044E-3,
,,,259.40000E-6,912.000060E-3,
,,,259.60000E-6,904.000044E-3,
,,,259.80000E-6,912.000060E-3,
,,,260.00000E-6,912.000060E-3,
,,,260.20000E-6,904.000044E-3,
,,,260.40000E-6,896.000028E-3,
,,,260.60001E-6,904.000044E-3,
,,,260.80001E-6,904.000044E-3,
,,,261.00001E-6,912.000060E-3,
,,,261.20001E-6,896.000028E-3,
,,,261.40001E-6,912.000060E-3,
,,,261.60001E-6,904.000044E-3,
,,,261.80001E-6,912.000060E-3,
,,,262.00002E-6,904.000044E-3,
,,,262.20002E-6,904.000044E-3,
,,,262.40002E-6,912.000060E-3,
,,,262.60002E-6,912.000060E-3,
,,,262.80002E-6,896.000028E-3,
,,,263.00002E-6,904.000044E-3,
,,,263.20000E-6,904.000044E-3,
,,,263.40000E-6,904.000044E-3,
,,,263.60000E-6,904.000044E-3,
,,,263.80000E-6,904.000044E-3,
,,,264.00000E-6,904.000044E-3,
,,,264.20000E-6,904.000044E-3,
,,,264.40001E-6,904.000044E-3,
,,,264.60001E-6,904.000044E-3,
,,,264.80001E-6,912.000060E-3,
,,,265.00001E-6,904.000044E-3,
,,,265.20001E-6,904.000044E-3,
,,,265.40001E-6,904.000044E-3,
,,,265.60001E-6,904.000044E-3,
,,,265.80002E-6,912.000060E-3,
,,,266.00002E-6,896.000028E-3,
,,,266.20002E-6,896.000028E-3,
,,,266.40002E-6,904.000044E-3,
,,,266.60002E-6,904.000044E-3,
,,,266.80002E-6,896.000028E-3,
,,,267.00000E-6,912.000060E-3,
,,,267.20000E-6,904.000044E-3,
,,,267.40000E-6,912.000060E-3,
,,,267.60000E-6,912.000060E-3,
,,,267.80000E-6,904.000044E-3,
,,,268.00000E-6,912.000060E-3,
,,,268.20000E-6,904.000044E-3,
,,,268.40001E-6,912.000060E-3,
,,,268.60001E-6,904.000044E-3,
,,,268.80001E-6,904.000044E-3,
,,,269.00001E-6,904.000044E-3,
,,,269.20001E-6,912.000060E-3,
,,,269.40001E-6,896.000028E-3,
,,,269.60002E-6,904.000044E-3,
,,,269.80002E-6,904.000044E-3,
,,,270.00002E-6,912.000060E-3,
,,,270.20002E-6,904.000044E-3,
,,,270.40002E-6,904.000044E-3,
,,,270.60002E-6,904.000044E-3,
,,,270.80000E-6,904.000044E-3,
,,,271.00000E-6,896.000028E-3,
,,,271.20000E-6,904.000044E-3,
,,,271.40000E-6,904.000044E-3,
,,,271.60000E-6,904.000044E-3,
,,,271.80000E-6,896.000028E-3,
,,,272.00000E-6,904.000044E-3,
,,,272.20001E-6,896.000028E-3,
,,,272.40001E-6,888.000071E-3,
,,,272.60001E-6,896.000028E-3,
,,,272.80001E-6,904.000044E-3,
,,,273.00001E-6,896.000028E-3,
,,,273.20001E-6,896.000028E-3,
,,,273.40002E-6,904.000044E-3,
,,,273.60002E-6,896.000028E-3,
,,,273.80002E-6,904.000044E-3,
,,,274.00002E-6,904.000044E-3,
,,,274.20002E-6,904.000044E-3,
,,,274.40002E-6,904.000044E-3,
,,,274.60000E-6,904.000044E-3,
,,,274.80000E-6,904.000044E-3,
,,,275.00000E-6,896.000028E-3,
,,,275.20000E-6,904.000044E-3,
,,,275.40000E-6,896.000028E-3,
,,,275.60000E-6,920.000017E-3,
,,,275.80000E-6,904.000044E-3,
,,,276.00001E-6,904.000044E-3,
,,,276.20001E-6,904.000044E-3,
,,,276.40001E-6,896.000028E-3,
,,,276.60001E-6,904.000044E-3,
,,,276.80001E-6,896.000028E-3,
,,,277.00001E-6,896.000028E-3,
,,,277.20002E-6,896.000028E-3,
,,,277.40002E-6,904.000044E-3,
,,,277.60002E-6,888.000071E-3,
,,,277.80002E-6,888.000071E-3,
,,,278.00002E-6,888.000071E-3,
,,,278.20002E-6,904.000044E-3,
,,,278.40000E-6,896.000028E-3,
,,,278.60000E-6,888.000071E-3,
,,,278.80000E-6,896.000028E-3,
,,,279.00000E-6,896.000028E-3,
,,,279.20000E-6,904.000044E-3,
,,,279.40000E-6,912.000060E-3,
,,,279.60000E-6,896.000028E-3,
,,,279.80001E-6,904.000044E-3,
,,,280.00001E-6,896.000028E-3,
,,,280.20001E-6,896.000028E-3,
,,,280.40001E-6,904.000044E-3,
,,,280.60001E-6,904.000044E-3,
,,,280.80001E-6,896.000028E-3,
,,,281.00002E-6,896.000028E-3,
,,,281.20002E-6,904.000044E-3,
,,,281.40002E-6,904.000044E-3,
,,,281.60002E-6,904.000044E-3,
,,,281.80002E-6,912.000060E-3,
,,,282.00002E-6,904.000044E-3,
,,,282.20000E-6,904.000044E-3,
,,,282.40000E-6,888.000071E-3,
,,,282.60000E-6,896.000028E-3,
,,,282.80000E-6,896.000028E-3,
,,,283.00000E-6,896.000028E-3,
,,,283.20000E-6,896.000028E-3,
,,,283.40000E-6,904.000044E-3,
,,,283.60001E-6,904.000044E-3,
,,,283.80001E-6,896.000028E-3,
,,,284.00001E-6,904.000044E-3,
,,,284.20001E-6,904.000044E-3,
,,,284.40001E-6,904.000044E-3,
,,,284.60001E-6,904.000044E-3,
,,,284.80001E-6,904.000044E-3,
,,,285.00002E-6,896.000028E-3,
,,,285.20002E-6,896.000028E-3,
,,,285.40002E-6,904.000044E-3,
,,,285.60002E-6,904.000044E-3,
,,,285.80002E-6,888.000071E-3,
,,,285.99999E-6,896.000028E-3,
,,,286.20000E-6,904.000044E-3,
,,,286.40000E-6,896.000028E-3,
,,,286.60000E-6,896.000028E-3,
,,,286.80000E-6,896.000028E-3,
,,,287.00000E-6,896.000028E-3,
,,,287.20000E-6,896.000028E-3,
,,,287.40001E-6,904.000044E-3,
,,,287.60001E-6,912.000060E-3,
,,,287.80001E-6,896.000028E-3,
,,,288.00001E-6,896.000028E-3,
,,,288.20001E-6,888.000071E-3,
,,,288.40001E-6,896.000028E-3,
,,,288.60001E-6,888.000071E-3,
,,,288.80002E-6,904.000044E-3,
,,,289.00002E-6,904.000044E-3,
,,,289.20002E-6,896.000028E-3,
,,,289.40002E-6,896.000028E-3,
,,,289.60002E-6,888.000071E-3,
,,,289.80002E-6,896.000028E-3,
,,,290.00000E-6,896.000028E-3,
,,,290.20000E-6,896.000028E-3,
,,,290.40000E-6,896.000028E-3,
,,,290.60000E-6,896.000028E-3,
,,,290.80000E-6,896.000028E-3,
,,,291.00000E-6,896.000028E-3,
,,,291.20001E-6,904.000044E-3,
,,,291.40001E-6,904.000044E-3,
,,,291.60001E-6,888.000071E-3,
,,,291.80001E-6,904.000044E-3,
,,,292.00001E-6,896.000028E-3,
,,,292.20001E-6,896.000028E-3,
,,,292.40001E-6,904.000044E-3,
,,,292.60002E-6,904.000044E-3,
,,,292.80002E-6,904.000044E-3,
,,,293.00002E-6,904.000044E-3,
,,,293.20002E-6,896.000028E-3,
,,,293.40002E-6,896.000028E-3,
,,,293.60002E-6,888.000071E-3,
,,,293.80000E-6,888.000071E-3,
,,,294.00000E-6,896.000028E-3,
,,,294.20000E-6,888.000071E-3,
,,,294.40000E-6,896.000028E-3,
,,,294.60000E-6,896.000028E-3,
,,,294.80000E-6,896.000028E-3,
,,,295.00001E-6,904.000044E-3,
,,,295.20001E-6,888.000071E-3,
,,,295.40001E-6,896.000028E-3,
,,,295.60001E-6,888.000071E-3,
,,,295.80001E-6,896.000028E-3,
