Record Length,2500,Points,-244.00000E-6,-8.000000E-3,
Sample Interval,200.00000E-9,s,-243.79999E-6,-16.0000E-3,
Trigger Point,1.2200E3,Samples,-243.59999E-6,-8.000000E-3,
,,,-243.39999E-6,0.0,
,,,-243.19999E-6,-8.000000E-3,
,,,-243.00000E-6,-8.000000E-3,
Source,CH1,,-242.80000E-6,0.0,
Vertical Units,Volts,,-242.60000E-6,-8.000000E-3,
Vertical Scale,200.00001E-3,,-242.40000E-6,-16.0000E-3,
Vertical Offset,0,,-242.20000E-6,0.0,
Horizontal Units,s,,-241.99999E-6,-16.0000E-3,
Horizontal Scale,50.00000E-6,,-241.79999E-6,-8.000000E-3,
Pt Fmt,Y,,-241.59999E-6,0.0,
Yzero,-3.28000,,-241.39999E-6,-8.000000E-3,
Probe Atten,10.0000,,-241.19999E-6,0.0,
,,,-241.00000E-6,-8.000000E-3,
Note,TDS 1001B - 1:58:58 PM   5/3/2018,,-240.80000E-6,-8.000000E-3,
,,,-240.60000E-6,-8.000000E-3,
,,,-240.40000E-6,-8.000000E-3,
,,,-240.20000E-6,-8.000000E-3,
,,,-239.99999E-6,-8.000000E-3,
,,,-239.79999E-6,-8.000000E-3,
,,,-239.59999E-6,-8.000000E-3,
,,,-239.39999E-6,-8.000000E-3,
,,,-239.20000E-6,-16.0000E-3,
,,,-239.00000E-6,0.0,
,,,-238.80000E-6,-16.0000E-3,
,,,-238.60000E-6,-16.0000E-3,
,,,-238.40000E-6,-8.000000E-3,
,,,-238.19999E-6,8.000000E-3,
,,,-237.99999E-6,-8.000000E-3,
,,,-237.79999E-6,-8.000000E-3,
,,,-237.59999E-6,-16.0000E-3,
,,,-237.39999E-6,-8.000000E-3,
,,,-237.20000E-6,-8.000000E-3,
,,,-237.00000E-6,-8.000000E-3,
,,,-236.80000E-6,-8.000000E-3,
,,,-236.60000E-6,0.0,
,,,-236.40000E-6,0.0,
,,,-236.19999E-6,-8.000000E-3,
,,,-235.99999E-6,0.0,
,,,-235.79999E-6,0.0,
,,,-235.59999E-6,-8.000000E-3,
,,,-235.39999E-6,-8.000000E-3,
,,,-235.20000E-6,-8.000000E-3,
,,,-235.00000E-6,-8.000000E-3,
,,,-234.80000E-6,-8.000000E-3,
,,,-234.60000E-6,0.0,
,,,-234.39999E-6,0.0,
,,,-234.19999E-6,8.000000E-3,
,,,-233.99999E-6,0.0,
,,,-233.79999E-6,8.000000E-3,
,,,-233.59999E-6,-8.000000E-3,
,,,-233.40000E-6,-8.000000E-3,
,,,-233.20000E-6,0.0,
,,,-233.00000E-6,-8.000000E-3,
,,,-232.80000E-6,-8.000000E-3,
,,,-232.60000E-6,-8.000000E-3,
,,,-232.39999E-6,0.0,
,,,-232.19999E-6,-8.000000E-3,
,,,-231.99999E-6,-8.000000E-3,
,,,-231.79999E-6,-8.000000E-3,
,,,-231.59999E-6,-8.000000E-3,
,,,-231.40000E-6,-8.000000E-3,
,,,-231.20000E-6,-8.000000E-3,
,,,-231.00000E-6,-16.0000E-3,
,,,-230.80000E-6,-8.000000E-3,
,,,-230.60000E-6,-8.000000E-3,
,,,-230.39999E-6,0.0,
,,,-230.19999E-6,-16.0000E-3,
,,,-229.99999E-6,-16.0000E-3,
,,,-229.79999E-6,-16.0000E-3,
,,,-229.60000E-6,-8.000000E-3,
,,,-229.40000E-6,-8.000000E-3,
,,,-229.20000E-6,0.0,
,,,-229.00000E-6,-8.000000E-3,
,,,-228.80000E-6,-8.000000E-3,
,,,-228.59999E-6,-8.000000E-3,
,,,-228.39999E-6,-8.000000E-3,
,,,-228.19999E-6,0.0,
,,,-227.99999E-6,-8.000000E-3,
,,,-227.79999E-6,-8.000000E-3,
,,,-227.60000E-6,0.0,
,,,-227.40000E-6,0.0,
,,,-227.20000E-6,0.0,
,,,-227.00000E-6,-16.0000E-3,
,,,-226.80000E-6,0.0,
,,,-226.59999E-6,-8.000000E-3,
,,,-226.39999E-6,-8.000000E-3,
,,,-226.19999E-6,-8.000000E-3,
,,,-225.99999E-6,0.0,
,,,-225.80000E-6,-8.000000E-3,
,,,-225.60000E-6,0.0,
,,,-225.40000E-6,0.0,
,,,-225.20000E-6,-8.000000E-3,
,,,-225.00000E-6,-8.000000E-3,
,,,-224.79999E-6,-8.000000E-3,
,,,-224.59999E-6,-8.000000E-3,
,,,-224.39999E-6,-16.0000E-3,
,,,-224.19999E-6,-8.000000E-3,
,,,-223.99999E-6,0.0,
,,,-223.80000E-6,-16.0000E-3,
,,,-223.60000E-6,-16.0000E-3,
,,,-223.40000E-6,-8.000000E-3,
,,,-223.20000E-6,-8.000000E-3,
,,,-223.00000E-6,-8.000000E-3,
,,,-222.79999E-6,-16.0000E-3,
,,,-222.59999E-6,-16.0000E-3,
,,,-222.39999E-6,-16.0000E-3,
,,,-222.19999E-6,-8.000000E-3,
,,,-221.99999E-6,0.0,
,,,-221.80000E-6,-8.000000E-3,
,,,-221.60000E-6,-8.000000E-3,
,,,-221.40000E-6,-8.000000E-3,
,,,-221.20000E-6,-16.0000E-3,
,,,-220.99999E-6,-8.000000E-3,
,,,-220.79999E-6,-16.0000E-3,
,,,-220.59999E-6,-8.000000E-3,
,,,-220.39999E-6,0.0,
,,,-220.19999E-6,-8.000000E-3,
,,,-220.00000E-6,-8.000000E-3,
,,,-219.80000E-6,-8.000000E-3,
,,,-219.60000E-6,-8.000000E-3,
,,,-219.40000E-6,-8.000000E-3,
,,,-219.20000E-6,-8.000000E-3,
,,,-218.99999E-6,-8.000000E-3,
,,,-218.79999E-6,0.0,
,,,-218.59999E-6,-16.0000E-3,
,,,-218.39999E-6,-8.000000E-3,
,,,-218.19999E-6,-16.0000E-3,
,,,-218.00000E-6,0.0,
,,,-217.80000E-6,-16.0000E-3,
,,,-217.60000E-6,0.0,
,,,-217.40000E-6,0.0,
,,,-217.19999E-6,-8.000000E-3,
,,,-216.99999E-6,-8.000000E-3,
,,,-216.79999E-6,-8.000000E-3,
,,,-216.59999E-6,-8.000000E-3,
,,,-216.39999E-6,-16.0000E-3,
,,,-216.20000E-6,0.0,
,,,-216.00000E-6,-8.000000E-3,
,,,-215.80000E-6,-8.000000E-3,
,,,-215.60000E-6,0.0,
,,,-215.40000E-6,0.0,
,,,-215.19999E-6,-8.000000E-3,
,,,-214.99999E-6,-8.000000E-3,
,,,-214.79999E-6,-8.000000E-3,
,,,-214.59999E-6,-8.000000E-3,
,,,-214.39999E-6,8.000000E-3,
,,,-214.20000E-6,-8.000000E-3,
,,,-214.00000E-6,0.0,
,,,-213.80000E-6,0.0,
,,,-213.60000E-6,-8.000000E-3,
,,,-213.40000E-6,0.0,
,,,-213.19999E-6,-8.000000E-3,
,,,-212.99999E-6,-8.000000E-3,
,,,-212.79999E-6,0.0,
,,,-212.59999E-6,0.0,
,,,-212.40000E-6,0.0,
,,,-212.20000E-6,-16.0000E-3,
,,,-212.00000E-6,0.0,
,,,-211.80000E-6,0.0,
,,,-211.60000E-6,0.0,
,,,-211.39999E-6,0.0,
,,,-211.19999E-6,0.0,
,,,-210.99999E-6,-8.000000E-3,
,,,-210.79999E-6,-8.000000E-3,
,,,-210.59999E-6,-8.000000E-3,
,,,-210.40000E-6,-24.00000E-3,
,,,-210.20000E-6,-8.000000E-3,
,,,-210.00000E-6,-8.000000E-3,
,,,-209.80000E-6,0.0,
,,,-209.60000E-6,0.0,
,,,-209.39999E-6,-8.000000E-3,
,,,-209.19999E-6,-24.00000E-3,
,,,-208.99999E-6,-16.0000E-3,
,,,-208.79999E-6,-8.000000E-3,
,,,-208.59999E-6,-8.000000E-3,
,,,-208.40000E-6,-8.000000E-3,
,,,-208.20000E-6,-16.0000E-3,
,,,-208.00000E-6,-8.000000E-3,
,,,-207.80000E-6,-8.000000E-3,
,,,-207.59999E-6,-8.000000E-3,
,,,-207.39999E-6,-24.00000E-3,
,,,-207.19999E-6,-16.0000E-3,
,,,-206.99999E-6,0.0,
,,,-206.79999E-6,0.0,
,,,-206.60000E-6,-24.00000E-3,
,,,-206.40000E-6,-8.000000E-3,
,,,-206.20000E-6,-24.00000E-3,
,,,-206.00000E-6,0.0,
,,,-205.80000E-6,0.0,
,,,-205.59999E-6,-8.000000E-3,
,,,-205.39999E-6,-8.000000E-3,
,,,-205.19999E-6,-8.000000E-3,
,,,-204.99999E-6,-8.000000E-3,
,,,-204.79999E-6,-8.000000E-3,
,,,-204.60000E-6,-8.000000E-3,
,,,-204.40000E-6,-16.0000E-3,
,,,-204.20000E-6,-8.000000E-3,
,,,-204.00000E-6,0.0,
,,,-203.79999E-6,-16.0000E-3,
,,,-203.59999E-6,0.0,
,,,-203.39999E-6,-24.00000E-3,
,,,-203.19999E-6,-16.0000E-3,
,,,-202.99999E-6,-8.000000E-3,
,,,-202.80000E-6,-16.0000E-3,
,,,-202.60000E-6,-8.000000E-3,
,,,-202.40000E-6,0.0,
,,,-202.20000E-6,-16.0000E-3,
,,,-202.00000E-6,-8.000000E-3,
,,,-201.79999E-6,0.0,
,,,-201.59999E-6,-8.000000E-3,
,,,-201.39999E-6,-16.0000E-3,
,,,-201.19999E-6,-8.000000E-3,
,,,-200.99999E-6,0.0,
,,,-200.80000E-6,-8.000000E-3,
,,,-200.60000E-6,0.0,
,,,-200.40000E-6,-8.000000E-3,
,,,-200.20000E-6,-8.000000E-3,
,,,-199.99999E-6,-8.000000E-3,
,,,-199.79999E-6,-16.0000E-3,
,,,-199.59999E-6,-16.0000E-3,
,,,-199.39999E-6,-8.000000E-3,
,,,-199.19999E-6,-8.000000E-3,
,,,-199.00000E-6,-8.000000E-3,
,,,-198.80000E-6,-8.000000E-3,
,,,-198.60000E-6,-16.0000E-3,
,,,-198.40000E-6,-8.000000E-3,
,,,-198.20000E-6,0.0,
,,,-197.99999E-6,-8.000000E-3,
,,,-197.79999E-6,-8.000000E-3,
,,,-197.59999E-6,-16.0000E-3,
,,,-197.39999E-6,-16.0000E-3,
,,,-197.19999E-6,-8.000000E-3,
,,,-197.00000E-6,-8.000000E-3,
,,,-196.80000E-6,0.0,
,,,-196.60000E-6,0.0,
,,,-196.40000E-6,-16.0000E-3,
,,,-196.20000E-6,0.0,
,,,-195.99999E-6,0.0,
,,,-195.79999E-6,-16.0000E-3,
,,,-195.59999E-6,-8.000000E-3,
,,,-195.39999E-6,-8.000000E-3,
,,,-195.19999E-6,0.0,
,,,-195.00000E-6,-8.000000E-3,
,,,-194.80000E-6,-8.000000E-3,
,,,-194.60000E-6,-8.000000E-3,
,,,-194.40000E-6,0.0,
,,,-194.19999E-6,-8.000000E-3,
,,,-193.99999E-6,-8.000000E-3,
,,,-193.79999E-6,-8.000000E-3,
,,,-193.59999E-6,-8.000000E-3,
,,,-193.39999E-6,-16.0000E-3,
,,,-193.20000E-6,-16.0000E-3,
,,,-193.00000E-6,-16.0000E-3,
,,,-192.80000E-6,-16.0000E-3,
,,,-192.60000E-6,-8.000000E-3,
,,,-192.40000E-6,-8.000000E-3,
,,,-192.19999E-6,-8.000000E-3,
,,,-191.99999E-6,-8.000000E-3,
,,,-191.79999E-6,-16.0000E-3,
,,,-191.59999E-6,0.0,
,,,-191.39999E-6,-8.000000E-3,
,,,-191.20000E-6,0.0,
,,,-191.00000E-6,-8.000000E-3,
,,,-190.80000E-6,-8.000000E-3,
,,,-190.60000E-6,-16.0000E-3,
,,,-190.39999E-6,-16.0000E-3,
,,,-190.19999E-6,-8.000000E-3,
,,,-189.99999E-6,-16.0000E-3,
,,,-189.79999E-6,0.0,
,,,-189.59999E-6,-8.000000E-3,
,,,-189.40000E-6,-24.00000E-3,
,,,-189.20000E-6,-8.000000E-3,
,,,-189.00000E-6,8.000000E-3,
,,,-188.80000E-6,0.0,
,,,-188.60000E-6,-8.000000E-3,
,,,-188.39999E-6,-8.000000E-3,
,,,-188.19999E-6,0.0,
,,,-187.99999E-6,-8.000000E-3,
,,,-187.79999E-6,-8.000000E-3,
,,,-187.59999E-6,-8.000000E-3,
,,,-187.40000E-6,-16.0000E-3,
,,,-187.20000E-6,-8.000000E-3,
,,,-187.00000E-6,-16.0000E-3,
,,,-186.80000E-6,-16.0000E-3,
,,,-186.59999E-6,-16.0000E-3,
,,,-186.39999E-6,-8.000000E-3,
,,,-186.19999E-6,-8.000000E-3,
,,,-185.99999E-6,-8.000000E-3,
,,,-185.79999E-6,-8.000000E-3,
,,,-185.60000E-6,-16.0000E-3,
,,,-185.40000E-6,-8.000000E-3,
,,,-185.20000E-6,-8.000000E-3,
,,,-185.00000E-6,-8.000000E-3,
,,,-184.80000E-6,-8.000000E-3,
,,,-184.59999E-6,-8.000000E-3,
,,,-184.39999E-6,-16.0000E-3,
,,,-184.19999E-6,-8.000000E-3,
,,,-183.99999E-6,-8.000000E-3,
,,,-183.79999E-6,0.0,
,,,-183.60000E-6,-8.000000E-3,
,,,-183.40000E-6,-8.000000E-3,
,,,-183.20000E-6,-16.0000E-3,
,,,-183.00000E-6,-8.000000E-3,
,,,-182.79999E-6,8.000000E-3,
,,,-182.59999E-6,-16.0000E-3,
,,,-182.39999E-6,-8.000000E-3,
,,,-182.19999E-6,-8.000000E-3,
,,,-181.99999E-6,0.0,
,,,-181.79999E-6,-8.000000E-3,
,,,-181.60000E-6,-16.0000E-3,
,,,-181.40000E-6,-8.000000E-3,
,,,-181.20000E-6,-16.0000E-3,
,,,-181.00000E-6,-8.000000E-3,
,,,-180.79999E-6,-8.000000E-3,
,,,-180.59999E-6,-8.000000E-3,
,,,-180.39999E-6,0.0,
,,,-180.19999E-6,-8.000000E-3,
,,,-179.99999E-6,-16.0000E-3,
,,,-179.80000E-6,-16.0000E-3,
,,,-179.60000E-6,-8.000000E-3,
,,,-179.40000E-6,-16.0000E-3,
,,,-179.20000E-6,-8.000000E-3,
,,,-179.00000E-6,-8.000000E-3,
,,,-178.79999E-6,0.0,
,,,-178.59999E-6,0.0,
,,,-178.39999E-6,0.0,
,,,-178.19999E-6,-24.00000E-3,
,,,-177.99999E-6,-16.0000E-3,
,,,-177.80000E-6,-8.000000E-3,
,,,-177.60000E-6,-16.0000E-3,
,,,-177.40000E-6,-16.0000E-3,
,,,-177.20000E-6,-16.0000E-3,
,,,-176.99999E-6,-8.000000E-3,
,,,-176.79999E-6,-16.0000E-3,
,,,-176.59999E-6,-16.0000E-3,
,,,-176.39999E-6,0.0,
,,,-176.19999E-6,-8.000000E-3,
,,,-176.00000E-6,-8.000000E-3,
,,,-175.80000E-6,-16.0000E-3,
,,,-175.60000E-6,-16.0000E-3,
,,,-175.40000E-6,-8.000000E-3,
,,,-175.20000E-6,-8.000000E-3,
,,,-174.99999E-6,-16.0000E-3,
,,,-174.79999E-6,-16.0000E-3,
,,,-174.59999E-6,-8.000000E-3,
,,,-174.39999E-6,-8.000000E-3,
,,,-174.19999E-6,-8.000000E-3,
,,,-174.00000E-6,-8.000000E-3,
,,,-173.80000E-6,-8.000000E-3,
,,,-173.60000E-6,-16.0000E-3,
,,,-173.40000E-6,-16.0000E-3,
,,,-173.19999E-6,-16.0000E-3,
,,,-172.99999E-6,0.0,
,,,-172.79999E-6,0.0,
,,,-172.59999E-6,-8.000000E-3,
,,,-172.39999E-6,-8.000000E-3,
,,,-172.20000E-6,-8.000000E-3,
,,,-172.00000E-6,-8.000000E-3,
,,,-171.80000E-6,-8.000000E-3,
,,,-171.60000E-6,0.0,
,,,-171.40000E-6,0.0,
,,,-171.19999E-6,-16.0000E-3,
,,,-170.99999E-6,0.0,
,,,-170.79999E-6,-16.0000E-3,
,,,-170.59999E-6,-8.000000E-3,
,,,-170.39999E-6,-8.000000E-3,
,,,-170.20000E-6,-8.000000E-3,
,,,-170.00000E-6,-8.000000E-3,
,,,-169.80000E-6,-8.000000E-3,
,,,-169.60000E-6,-24.00000E-3,
,,,-169.39999E-6,-8.000000E-3,
,,,-169.19999E-6,0.0,
,,,-168.99999E-6,-8.000000E-3,
,,,-168.79999E-6,8.000000E-3,
,,,-168.59999E-6,-8.000000E-3,
,,,-168.39999E-6,0.0,
,,,-168.20000E-6,0.0,
,,,-168.00000E-6,-8.000000E-3,
,,,-167.80000E-6,-16.0000E-3,
,,,-167.60000E-6,-8.000000E-3,
,,,-167.39999E-6,-8.000000E-3,
,,,-167.19999E-6,0.0,
,,,-166.99999E-6,-16.0000E-3,
,,,-166.79999E-6,-8.000000E-3,
,,,-166.59999E-6,-8.000000E-3,
,,,-166.40000E-6,0.0,
,,,-166.20000E-6,8.000000E-3,
,,,-166.00000E-6,-16.0000E-3,
,,,-165.80000E-6,-16.0000E-3,
,,,-165.59999E-6,0.0,
,,,-165.39999E-6,-8.000000E-3,
,,,-165.19999E-6,-8.000000E-3,
,,,-164.99999E-6,-8.000000E-3,
,,,-164.79999E-6,0.0,
,,,-164.59999E-6,-8.000000E-3,
,,,-164.40000E-6,-8.000000E-3,
,,,-164.20000E-6,0.0,
,,,-164.00000E-6,0.0,
,,,-163.80000E-6,0.0,
,,,-163.59999E-6,-8.000000E-3,
,,,-163.39999E-6,-16.0000E-3,
,,,-163.19999E-6,-8.000000E-3,
,,,-162.99999E-6,-8.000000E-3,
,,,-162.79999E-6,-8.000000E-3,
,,,-162.60000E-6,-8.000000E-3,
,,,-162.40000E-6,-16.0000E-3,
,,,-162.20000E-6,-8.000000E-3,
,,,-162.00000E-6,-16.0000E-3,
,,,-161.80000E-6,-16.0000E-3,
,,,-161.59999E-6,-16.0000E-3,
,,,-161.39999E-6,-8.000000E-3,
,,,-161.19999E-6,-8.000000E-3,
,,,-160.99999E-6,-16.0000E-3,
,,,-160.79999E-6,8.000000E-3,
,,,-160.60000E-6,-8.000000E-3,
,,,-160.40000E-6,-8.000000E-3,
,,,-160.20000E-6,-8.000000E-3,
,,,-160.00000E-6,0.0,
,,,-159.79999E-6,0.0,
,,,-159.59999E-6,-8.000000E-3,
,,,-159.39999E-6,0.0,
,,,-159.19999E-6,0.0,
,,,-158.99999E-6,-8.000000E-3,
,,,-158.80000E-6,-8.000000E-3,
,,,-158.60000E-6,0.0,
,,,-158.40000E-6,-24.00000E-3,
,,,-158.20000E-6,-8.000000E-3,
,,,-158.00000E-6,-8.000000E-3,
,,,-157.79999E-6,-16.0000E-3,
,,,-157.59999E-6,-8.000000E-3,
,,,-157.39999E-6,-8.000000E-3,
,,,-157.19999E-6,0.0,
,,,-156.99999E-6,-8.000000E-3,
,,,-156.80000E-6,-8.000000E-3,
,,,-156.60000E-6,-8.000000E-3,
,,,-156.40000E-6,-8.000000E-3,
,,,-156.20000E-6,8.000000E-3,
,,,-155.99999E-6,-16.0000E-3,
,,,-155.79999E-6,0.0,
,,,-155.59999E-6,-8.000000E-3,
,,,-155.39999E-6,-8.000000E-3,
,,,-155.19999E-6,-16.0000E-3,
,,,-154.99999E-6,0.0,
,,,-154.80000E-6,-8.000000E-3,
,,,-154.60000E-6,-8.000000E-3,
,,,-154.40000E-6,-8.000000E-3,
,,,-154.20000E-6,-16.0000E-3,
,,,-153.99999E-6,-8.000000E-3,
,,,-153.79999E-6,-8.000000E-3,
,,,-153.59999E-6,0.0,
,,,-153.39999E-6,-8.000000E-3,
,,,-153.19999E-6,0.0,
,,,-153.00000E-6,-8.000000E-3,
,,,-152.80000E-6,-16.0000E-3,
,,,-152.60000E-6,0.0,
,,,-152.40000E-6,-8.000000E-3,
,,,-152.19999E-6,0.0,
,,,-151.99999E-6,0.0,
,,,-151.79999E-6,0.0,
,,,-151.59999E-6,0.0,
,,,-151.39999E-6,-8.000000E-3,
,,,-151.19999E-6,0.0,
,,,-151.00000E-6,-8.000000E-3,
,,,-150.80000E-6,-16.0000E-3,
,,,-150.60000E-6,0.0,
,,,-150.40000E-6,-8.000000E-3,
,,,-150.19999E-6,-8.000000E-3,
,,,-149.99999E-6,-8.000000E-3,
,,,-149.79999E-6,-24.00000E-3,
,,,-149.59999E-6,-8.000000E-3,
,,,-149.39999E-6,0.0,
,,,-149.20000E-6,0.0,
,,,-149.00000E-6,0.0,
,,,-148.80000E-6,-8.000000E-3,
,,,-148.60000E-6,-8.000000E-3,
,,,-148.4000E-6,-8.000000E-3,
,,,-148.2000E-6,-8.000000E-3,
,,,-148.0000E-6,-8.000000E-3,
,,,-147.8000E-6,0.0,
,,,-147.6000E-6,-16.0000E-3,
,,,-147.4000E-6,-8.000000E-3,
,,,-147.2000E-6,-16.0000E-3,
,,,-147.0000E-6,-8.000000E-3,
,,,-146.8000E-6,-8.000000E-3,
,,,-146.6000E-6,0.0,
,,,-146.4000E-6,0.0,
,,,-146.2000E-6,-8.000000E-3,
,,,-146.0000E-6,-16.0000E-3,
,,,-145.8000E-6,0.0,
,,,-145.6000E-6,0.0,
,,,-145.4000E-6,-16.0000E-3,
,,,-145.2000E-6,-8.000000E-3,
,,,-145.0000E-6,-8.000000E-3,
,,,-144.8000E-6,0.0,
,,,-144.6000E-6,-8.000000E-3,
,,,-144.4000E-6,0.0,
,,,-144.2000E-6,-8.000000E-3,
,,,-144.0000E-6,-16.0000E-3,
,,,-143.8000E-6,-8.000000E-3,
,,,-143.6000E-6,0.0,
,,,-143.4000E-6,-8.000000E-3,
,,,-143.2000E-6,-8.000000E-3,
,,,-143.0000E-6,-16.0000E-3,
,,,-142.8000E-6,-8.000000E-3,
,,,-142.6000E-6,-8.000000E-3,
,,,-142.4000E-6,0.0,
,,,-142.2000E-6,-16.0000E-3,
,,,-142.0000E-6,-24.00000E-3,
,,,-141.8000E-6,-8.000000E-3,
,,,-141.6000E-6,-8.000000E-3,
,,,-141.4000E-6,0.0,
,,,-141.2000E-6,-16.0000E-3,
,,,-141.0000E-6,0.0,
,,,-140.8000E-6,-8.000000E-3,
,,,-140.6000E-6,0.0,
,,,-140.4000E-6,-8.000000E-3,
,,,-140.2000E-6,0.0,
,,,-140.0000E-6,-8.000000E-3,
,,,-139.8000E-6,0.0,
,,,-139.6000E-6,0.0,
,,,-139.4000E-6,-16.0000E-3,
,,,-139.2000E-6,0.0,
,,,-139.0000E-6,0.0,
,,,-138.8000E-6,-8.000000E-3,
,,,-138.6000E-6,-8.000000E-3,
,,,-138.4000E-6,0.0,
,,,-138.2000E-6,-8.000000E-3,
,,,-138.0000E-6,-16.0000E-3,
,,,-137.8000E-6,0.0,
,,,-137.6000E-6,-8.000000E-3,
,,,-137.4000E-6,0.0,
,,,-137.2000E-6,-8.000000E-3,
,,,-137.0000E-6,8.000000E-3,
,,,-136.8000E-6,0.0,
,,,-136.6000E-6,-8.000000E-3,
,,,-136.4000E-6,0.0,
,,,-136.2000E-6,0.0,
,,,-136.0000E-6,-8.000000E-3,
,,,-135.8000E-6,-8.000000E-3,
,,,-135.6000E-6,-8.000000E-3,
,,,-135.4000E-6,-8.000000E-3,
,,,-135.2000E-6,0.0,
,,,-135.0000E-6,0.0,
,,,-134.8000E-6,0.0,
,,,-134.6000E-6,-8.000000E-3,
,,,-134.4000E-6,-8.000000E-3,
,,,-134.2000E-6,0.0,
,,,-134.0000E-6,-8.000000E-3,
,,,-133.8000E-6,-16.0000E-3,
,,,-133.6000E-6,-8.000000E-3,
,,,-133.4000E-6,0.0,
,,,-133.2000E-6,8.000000E-3,
,,,-133.0000E-6,-8.000000E-3,
,,,-132.8000E-6,0.0,
,,,-132.6000E-6,-16.0000E-3,
,,,-132.4000E-6,0.0,
,,,-132.2000E-6,-8.000000E-3,
,,,-132.0000E-6,0.0,
,,,-131.8000E-6,-8.000000E-3,
,,,-131.6000E-6,-8.000000E-3,
,,,-131.4000E-6,-8.000000E-3,
,,,-131.2000E-6,-16.0000E-3,
,,,-131.0000E-6,-16.0000E-3,
,,,-130.8000E-6,8.000000E-3,
,,,-130.6000E-6,0.0,
,,,-130.4000E-6,-16.0000E-3,
,,,-130.2000E-6,0.0,
,,,-130.0000E-6,-24.00000E-3,
,,,-129.8000E-6,-16.0000E-3,
,,,-129.6000E-6,-8.000000E-3,
,,,-129.4000E-6,-16.0000E-3,
,,,-129.2000E-6,-8.000000E-3,
,,,-129.0000E-6,-8.000000E-3,
,,,-128.8000E-6,-16.0000E-3,
,,,-128.6000E-6,-24.00000E-3,
,,,-128.4000E-6,-8.000000E-3,
,,,-128.2000E-6,-8.000000E-3,
,,,-128.0000E-6,-16.0000E-3,
,,,-127.8000E-6,-8.000000E-3,
,,,-127.6000E-6,-16.0000E-3,
,,,-127.4000E-6,-24.00000E-3,
,,,-127.2000E-6,-16.0000E-3,
,,,-127.0000E-6,-8.000000E-3,
,,,-126.8000E-6,-8.000000E-3,
,,,-126.6000E-6,-8.000000E-3,
,,,-126.4000E-6,-16.0000E-3,
,,,-126.2000E-6,-8.000000E-3,
,,,-126.0000E-6,-16.0000E-3,
,,,-125.8000E-6,-8.000000E-3,
,,,-125.6000E-6,-8.000000E-3,
,,,-125.4000E-6,-8.000000E-3,
,,,-125.2000E-6,0.0,
,,,-125.0000E-6,-24.00000E-3,
,,,-124.8000E-6,-8.000000E-3,
,,,-124.6000E-6,-8.000000E-3,
,,,-124.4000E-6,0.0,
,,,-124.2000E-6,-8.000000E-3,
,,,-124.0000E-6,-8.000000E-3,
,,,-123.8000E-6,-8.000000E-3,
,,,-123.6000E-6,-16.0000E-3,
,,,-123.4000E-6,-24.00000E-3,
,,,-123.2000E-6,-16.0000E-3,
,,,-123.0000E-6,-16.0000E-3,
,,,-122.8000E-6,-8.000000E-3,
,,,-122.6000E-6,-8.000000E-3,
,,,-122.4000E-6,-8.000000E-3,
,,,-122.2000E-6,-8.000000E-3,
,,,-122.0000E-6,-8.000000E-3,
,,,-121.8000E-6,-16.0000E-3,
,,,-121.6000E-6,-8.000000E-3,
,,,-121.4000E-6,-8.000000E-3,
,,,-121.2000E-6,-16.0000E-3,
,,,-121.0000E-6,-8.000000E-3,
,,,-120.8000E-6,0.0,
,,,-120.6000E-6,-24.00000E-3,
,,,-120.4000E-6,-8.000000E-3,
,,,-120.2000E-6,-8.000000E-3,
,,,-120.0000E-6,-8.000000E-3,
,,,-119.8000E-6,0.0,
,,,-119.6000E-6,-8.000000E-3,
,,,-119.4000E-6,-8.000000E-3,
,,,-119.2000E-6,-8.000000E-3,
,,,-119.0000E-6,-8.000000E-3,
,,,-118.8000E-6,-8.000000E-3,
,,,-118.6000E-6,0.0,
,,,-118.4000E-6,-8.000000E-3,
,,,-118.2000E-6,-24.00000E-3,
,,,-118.0000E-6,-8.000000E-3,
,,,-117.8000E-6,-8.000000E-3,
,,,-117.6000E-6,0.0,
,,,-117.4000E-6,-16.0000E-3,
,,,-117.2000E-6,-8.000000E-3,
,,,-117.0000E-6,-8.000000E-3,
,,,-116.8000E-6,0.0,
,,,-116.6000E-6,-8.000000E-3,
,,,-116.4000E-6,-8.000000E-3,
,,,-116.2000E-6,-8.000000E-3,
,,,-116.0000E-6,-16.0000E-3,
,,,-115.8000E-6,-8.000000E-3,
,,,-115.6000E-6,-16.0000E-3,
,,,-115.4000E-6,-8.000000E-3,
,,,-115.2000E-6,8.000000E-3,
,,,-115.0000E-6,-8.000000E-3,
,,,-114.8000E-6,0.0,
,,,-114.6000E-6,-16.0000E-3,
,,,-114.4000E-6,-8.000000E-3,
,,,-114.2000E-6,-8.000000E-3,
,,,-114.0000E-6,-8.000000E-3,
,,,-113.8000E-6,-24.00000E-3,
,,,-113.6000E-6,0.0,
,,,-113.4000E-6,-8.000000E-3,
,,,-113.2000E-6,-8.000000E-3,
,,,-113.0000E-6,-8.000000E-3,
,,,-112.8000E-6,-16.0000E-3,
,,,-112.6000E-6,-8.000000E-3,
,,,-112.4000E-6,-8.000000E-3,
,,,-112.2000E-6,-16.0000E-3,
,,,-112.0000E-6,-8.000000E-3,
,,,-111.8000E-6,-8.000000E-3,
,,,-111.6000E-6,-8.000000E-3,
,,,-111.4000E-6,-16.0000E-3,
,,,-111.2000E-6,-8.000000E-3,
,,,-111.0000E-6,0.0,
,,,-110.8000E-6,-8.000000E-3,
,,,-110.6000E-6,-8.000000E-3,
,,,-110.4000E-6,-8.000000E-3,
,,,-110.2000E-6,-24.00000E-3,
,,,-110.0000E-6,0.0,
,,,-109.8000E-6,-16.0000E-3,
,,,-109.6000E-6,0.0,
,,,-109.4000E-6,0.0,
,,,-109.2000E-6,-8.000000E-3,
,,,-109.0000E-6,-16.0000E-3,
,,,-108.8000E-6,-16.0000E-3,
,,,-108.6000E-6,0.0,
,,,-108.4000E-6,-16.0000E-3,
,,,-108.2000E-6,0.0,
,,,-108.0000E-6,-16.0000E-3,
,,,-107.8000E-6,-24.00000E-3,
,,,-107.6000E-6,-8.000000E-3,
,,,-107.4000E-6,-24.00000E-3,
,,,-107.2000E-6,0.0,
,,,-107.0000E-6,-8.000000E-3,
,,,-106.8000E-6,-8.000000E-3,
,,,-106.6000E-6,-16.0000E-3,
,,,-106.4000E-6,-8.000000E-3,
,,,-106.2000E-6,-16.0000E-3,
,,,-106.0000E-6,8.000000E-3,
,,,-105.8000E-6,-16.0000E-3,
,,,-105.6000E-6,-16.0000E-3,
,,,-105.4000E-6,-8.000000E-3,
,,,-105.2000E-6,-16.0000E-3,
,,,-105.0000E-6,0.0,
,,,-104.8000E-6,0.0,
,,,-104.6000E-6,8.000000E-3,
,,,-104.4000E-6,-16.0000E-3,
,,,-104.2000E-6,-8.000000E-3,
,,,-104.0000E-6,-8.000000E-3,
,,,-103.8000E-6,-8.000000E-3,
,,,-103.6000E-6,-16.0000E-3,
,,,-103.4000E-6,-8.000000E-3,
,,,-103.2000E-6,0.0,
,,,-103.0000E-6,-8.000000E-3,
,,,-102.8000E-6,-8.000000E-3,
,,,-102.6000E-6,-16.0000E-3,
,,,-102.4000E-6,-24.00000E-3,
,,,-102.2000E-6,-8.000000E-3,
,,,-102.0000E-6,-16.0000E-3,
,,,-101.8000E-6,-16.0000E-3,
,,,-101.6000E-6,-8.000000E-3,
,,,-101.4000E-6,0.0,
,,,-101.2000E-6,0.0,
,,,-101.0000E-6,-16.0000E-3,
,,,-100.8000E-6,-16.0000E-3,
,,,-100.6000E-6,-8.000000E-3,
,,,-100.4000E-6,-16.0000E-3,
,,,-100.2000E-6,-16.0000E-3,
,,,-99.999990E-6,0.0,
,,,-99.799996E-6,-16.0000E-3,
,,,-99.599994E-6,-16.0000E-3,
,,,-99.399993E-6,0.0,
,,,-99.199991E-6,-8.000000E-3,
,,,-98.999997E-6,-16.0000E-3,
,,,-98.799996E-6,-8.000000E-3,
,,,-98.599994E-6,-8.000000E-3,
,,,-98.399993E-6,-8.000000E-3,
,,,-98.199991E-6,-16.0000E-3,
,,,-97.999997E-6,-16.0000E-3,
,,,-97.799995E-6,0.0,
,,,-97.599994E-6,-16.0000E-3,
,,,-97.399992E-6,-16.0000E-3,
,,,-97.199991E-6,0.0,
,,,-96.999996E-6,-8.000000E-3,
,,,-96.799995E-6,-8.000000E-3,
,,,-96.599993E-6,0.0,
,,,-96.399992E-6,-8.000000E-3,
,,,-96.199990E-6,-8.000000E-3,
,,,-95.999996E-6,0.0,
,,,-95.799995E-6,-24.00000E-3,
,,,-95.599993E-6,0.0,
,,,-95.399992E-6,0.0,
,,,-95.199990E-6,0.0,
,,,-94.999996E-6,-8.000000E-3,
,,,-94.799994E-6,0.0,
,,,-94.599993E-6,-16.0000E-3,
,,,-94.399991E-6,-8.000000E-3,
,,,-94.199997E-6,-16.0000E-3,
,,,-93.999995E-6,-8.000000E-3,
,,,-93.799994E-6,-16.0000E-3,
,,,-93.599992E-6,-8.000000E-3,
,,,-93.399991E-6,-8.000000E-3,
,,,-93.199997E-6,-8.000000E-3,
,,,-92.999995E-6,-32.00000E-3,
,,,-92.799994E-6,-16.0000E-3,
,,,-92.599992E-6,-8.000000E-3,
,,,-92.399991E-6,8.000000E-3,
,,,-92.199996E-6,-8.000000E-3,
,,,-91.999995E-6,-8.000000E-3,
,,,-91.799993E-6,0.0,
,,,-91.599992E-6,-8.000000E-3,
,,,-91.399990E-6,0.0,
,,,-91.199996E-6,-8.000000E-3,
,,,-90.999994E-6,-8.000000E-3,
,,,-90.799993E-6,-16.0000E-3,
,,,-90.599991E-6,-16.0000E-3,
,,,-90.399990E-6,-24.00000E-3,
,,,-90.199996E-6,-8.000000E-3,
,,,-89.999994E-6,0.0,
,,,-89.799993E-6,-8.000000E-3,
,,,-89.599991E-6,8.000000E-3,
,,,-89.399997E-6,0.0,
,,,-89.199995E-6,-8.000000E-3,
,,,-88.999994E-6,0.0,
,,,-88.799992E-6,0.0,
,,,-88.599991E-6,-8.000000E-3,
,,,-88.399996E-6,-8.000000E-3,
,,,-88.199995E-6,0.0,
,,,-87.999993E-6,-16.0000E-3,
,,,-87.799992E-6,-16.0000E-3,
,,,-87.599990E-6,-8.000000E-3,
,,,-87.399996E-6,0.0,
,,,-87.199995E-6,0.0,
,,,-86.999993E-6,-8.000000E-3,
,,,-86.799992E-6,-8.000000E-3,
,,,-86.599990E-6,-8.000000E-3,
,,,-86.399996E-6,0.0,
,,,-86.199994E-6,-8.000000E-3,
,,,-85.999993E-6,-8.000000E-3,
,,,-85.799991E-6,0.0,
,,,-85.599997E-6,0.0,
,,,-85.399995E-6,-8.000000E-3,
,,,-85.199994E-6,-16.0000E-3,
,,,-84.999992E-6,-8.000000E-3,
,,,-84.799991E-6,0.0,
,,,-84.599997E-6,-8.000000E-3,
,,,-84.399995E-6,0.0,
,,,-84.199994E-6,-8.000000E-3,
,,,-83.999992E-6,-16.0000E-3,
,,,-83.799991E-6,-16.0000E-3,
,,,-83.599996E-6,-8.000000E-3,
,,,-83.399995E-6,-8.000000E-3,
,,,-83.199993E-6,8.000000E-3,
,,,-82.999992E-6,-8.000000E-3,
,,,-82.799990E-6,0.0,
,,,-82.599996E-6,-8.000000E-3,
,,,-82.399994E-6,0.0,
,,,-82.199993E-6,-8.000000E-3,
,,,-81.999991E-6,-16.0000E-3,
,,,-81.799990E-6,-8.000000E-3,
,,,-81.599996E-6,0.0,
,,,-81.399994E-6,-16.0000E-3,
,,,-81.199993E-6,0.0,
,,,-80.999991E-6,0.0,
,,,-80.799997E-6,-16.0000E-3,
,,,-80.599995E-6,-8.000000E-3,
,,,-80.399994E-6,-8.000000E-3,
,,,-80.199992E-6,-8.000000E-3,
,,,-79.999991E-6,0.0,
,,,-79.799996E-6,-16.0000E-3,
,,,-79.599995E-6,-8.000000E-3,
,,,-79.399993E-6,0.0,
,,,-79.199992E-6,-8.000000E-3,
,,,-78.999990E-6,0.0,
,,,-78.799996E-6,-8.000000E-3,
,,,-78.599995E-6,-16.0000E-3,
,,,-78.399993E-6,-8.000000E-3,
,,,-78.199992E-6,8.000000E-3,
,,,-77.999990E-6,0.0,
,,,-77.799996E-6,-8.000000E-3,
,,,-77.599994E-6,0.0,
,,,-77.399993E-6,0.0,
,,,-77.199991E-6,-8.000000E-3,
,,,-76.999997E-6,0.0,
,,,-76.799995E-6,0.0,
,,,-76.599994E-6,-8.000000E-3,
,,,-76.399992E-6,8.000000E-3,
,,,-76.199991E-6,-8.000000E-3,
,,,-75.999997E-6,-16.0000E-3,
,,,-75.799995E-6,-8.000000E-3,
,,,-75.599994E-6,-8.000000E-3,
,,,-75.399992E-6,-8.000000E-3,
,,,-75.199991E-6,-8.000000E-3,
,,,-74.999996E-6,-8.000000E-3,
,,,-74.799995E-6,-8.000000E-3,
,,,-74.599993E-6,-8.000000E-3,
,,,-74.399992E-6,-8.000000E-3,
,,,-74.199990E-6,-16.0000E-3,
,,,-73.999996E-6,-8.000000E-3,
,,,-73.799994E-6,-8.000000E-3,
,,,-73.599993E-6,0.0,
,,,-73.399991E-6,-8.000000E-3,
,,,-73.199990E-6,-8.000000E-3,
,,,-72.999996E-6,-8.000000E-3,
,,,-72.799994E-6,-16.0000E-3,
,,,-72.599993E-6,0.0,
,,,-72.399991E-6,0.0,
,,,-72.199997E-6,-8.000000E-3,
,,,-71.999995E-6,-8.000000E-3,
,,,-71.799994E-6,-8.000000E-3,
,,,-71.599992E-6,0.0,
,,,-71.399991E-6,-8.000000E-3,
,,,-71.199996E-6,0.0,
,,,-70.999995E-6,-16.0000E-3,
,,,-70.799993E-6,-8.000000E-3,
,,,-70.599992E-6,-16.0000E-3,
,,,-70.399990E-6,-8.000000E-3,
,,,-70.199996E-6,-8.000000E-3,
,,,-69.999995E-6,-8.000000E-3,
,,,-69.799993E-6,0.0,
,,,-69.599992E-6,0.0,
,,,-69.399990E-6,-16.0000E-3,
,,,-69.199996E-6,-8.000000E-3,
,,,-68.999994E-6,-8.000000E-3,
,,,-68.799993E-6,-8.000000E-3,
,,,-68.599991E-6,-16.0000E-3,
,,,-68.399990E-6,-8.000000E-3,
,,,-68.199995E-6,-16.0000E-3,
,,,-67.999994E-6,-16.0000E-3,
,,,-67.799992E-6,-8.000000E-3,
,,,-67.599991E-6,-8.000000E-3,
,,,-67.399997E-6,-8.000000E-3,
,,,-67.199995E-6,0.0,
,,,-66.999994E-6,-8.000000E-3,
,,,-66.799992E-6,-8.000000E-3,
,,,-66.599991E-6,0.0,
,,,-66.399996E-6,0.0,
,,,-66.199995E-6,0.0,
,,,-65.999993E-6,-8.000000E-3,
,,,-65.799992E-6,-8.000000E-3,
,,,-65.599990E-6,-8.000000E-3,
,,,-65.399996E-6,-8.000000E-3,
,,,-65.199994E-6,0.0,
,,,-64.999993E-6,0.0,
,,,-64.799991E-6,0.0,
,,,-64.599990E-6,-24.00000E-3,
,,,-64.399996E-6,-8.000000E-3,
,,,-64.199994E-6,-16.0000E-3,
,,,-63.999993E-6,-8.000000E-3,
,,,-63.799991E-6,-8.000000E-3,
,,,-63.599997E-6,-16.0000E-3,
,,,-63.399995E-6,0.0,
,,,-63.199994E-6,0.0,
,,,-62.999992E-6,-16.0000E-3,
,,,-62.799991E-6,0.0,
,,,-62.599996E-6,-8.000000E-3,
,,,-62.399995E-6,0.0,
,,,-62.199993E-6,0.0,
,,,-61.999992E-6,-8.000000E-3,
,,,-61.799990E-6,0.0,
,,,-61.599996E-6,0.0,
,,,-61.399995E-6,0.0,
,,,-61.199993E-6,-16.0000E-3,
,,,-60.999992E-6,-16.0000E-3,
,,,-60.799994E-6,-8.000000E-3,
,,,-60.599992E-6,-8.000000E-3,
,,,-60.399994E-6,0.0,
,,,-60.199993E-6,-16.0000E-3,
,,,-59.999995E-6,-16.0000E-3,
,,,-59.799993E-6,-8.000000E-3,
,,,-59.599992E-6,-8.000000E-3,
,,,-59.399994E-6,-16.0000E-3,
,,,-59.199992E-6,0.0,
,,,-58.999995E-6,-8.000000E-3,
,,,-58.799993E-6,0.0,
,,,-58.599991E-6,0.0,
,,,-58.399994E-6,8.000000E-3,
,,,-58.199992E-6,8.000000E-3,
,,,-57.999994E-6,0.0,
,,,-57.799993E-6,-16.0000E-3,
,,,-57.599995E-6,0.0,
,,,-57.399993E-6,0.0,
,,,-57.199992E-6,-8.000000E-3,
,,,-56.999994E-6,-8.000000E-3,
,,,-56.799992E-6,-8.000000E-3,
,,,-56.599994E-6,0.0,
,,,-56.399993E-6,-16.0000E-3,
,,,-56.199991E-6,-8.000000E-3,
,,,-55.999993E-6,-8.000000E-3,
,,,-55.799992E-6,0.0,
,,,-55.599994E-6,-8.000000E-3,
,,,-55.399993E-6,-8.000000E-3,
,,,-55.199995E-6,-16.0000E-3,
,,,-54.999993E-6,0.0,
,,,-54.799992E-6,-8.000000E-3,
,,,-54.599994E-6,-8.000000E-3,
,,,-54.39999E-6,-16.0000E-3,
,,,-54.19999E-6,-8.000000E-3,
,,,-53.99999E-6,-8.000000E-3,
,,,-53.79999E-6,-8.000000E-3,
,,,-53.59999E-6,-16.0000E-3,
,,,-53.39999E-6,-8.000000E-3,
,,,-53.19999E-6,-8.000000E-3,
,,,-52.99999E-6,-8.000000E-3,
,,,-52.79999E-6,0.0,
,,,-52.59999E-6,-8.000000E-3,
,,,-52.39999E-6,-16.0000E-3,
,,,-52.19999E-6,-8.000000E-3,
,,,-51.99999E-6,-16.0000E-3,
,,,-51.79999E-6,0.0,
,,,-51.59999E-6,-8.000000E-3,
,,,-51.39999E-6,-8.000000E-3,
,,,-51.19999E-6,-8.000000E-3,
,,,-50.99999E-6,-8.000000E-3,
,,,-50.79999E-6,-16.0000E-3,
,,,-50.59999E-6,-16.0000E-3,
,,,-50.39999E-6,0.0,
,,,-50.19999E-6,0.0,
,,,-49.99999E-6,0.0,
,,,-49.79999E-6,-16.0000E-3,
,,,-49.59999E-6,-16.0000E-3,
,,,-49.39999E-6,-8.000000E-3,
,,,-49.19999E-6,8.000000E-3,
,,,-48.99999E-6,-8.000000E-3,
,,,-48.79999E-6,-8.000000E-3,
,,,-48.59999E-6,-8.000000E-3,
,,,-48.39999E-6,-16.0000E-3,
,,,-48.19999E-6,-24.00000E-3,
,,,-47.99999E-6,-8.000000E-3,
,,,-47.79999E-6,-8.000000E-3,
,,,-47.59999E-6,-8.000000E-3,
,,,-47.39999E-6,0.0,
,,,-47.19999E-6,-16.0000E-3,
,,,-46.99999E-6,-8.000000E-3,
,,,-46.79999E-6,-8.000000E-3,
,,,-46.59999E-6,-8.000000E-3,
,,,-46.39999E-6,-16.0000E-3,
,,,-46.19999E-6,-8.000000E-3,
,,,-45.99999E-6,-8.000000E-3,
,,,-45.79999E-6,-24.00000E-3,
,,,-45.59999E-6,-16.0000E-3,
,,,-45.39999E-6,0.0,
,,,-45.19999E-6,-8.000000E-3,
,,,-44.99999E-6,0.0,
,,,-44.79999E-6,-16.0000E-3,
,,,-44.59999E-6,-8.000000E-3,
,,,-44.39999E-6,-16.0000E-3,
,,,-44.19999E-6,-16.0000E-3,
,,,-43.99999E-6,-16.0000E-3,
,,,-43.79999E-6,-16.0000E-3,
,,,-43.59999E-6,-8.000000E-3,
,,,-43.39999E-6,-16.0000E-3,
,,,-43.19999E-6,-8.000000E-3,
,,,-42.99999E-6,-16.0000E-3,
,,,-42.79999E-6,-8.000000E-3,
,,,-42.59999E-6,0.0,
,,,-42.39999E-6,-8.000000E-3,
,,,-42.19999E-6,-16.0000E-3,
,,,-41.99999E-6,-8.000000E-3,
,,,-41.79999E-6,-8.000000E-3,
,,,-41.59999E-6,0.0,
,,,-41.39999E-6,-16.0000E-3,
,,,-41.19999E-6,-8.000000E-3,
,,,-40.99999E-6,-8.000000E-3,
,,,-40.79999E-6,-16.0000E-3,
,,,-40.59999E-6,0.0,
,,,-40.39999E-6,-8.000000E-3,
,,,-40.19999E-6,-16.0000E-3,
,,,-39.99999E-6,-16.0000E-3,
,,,-39.79999E-6,-16.0000E-3,
,,,-39.59999E-6,-8.000000E-3,
,,,-39.39999E-6,0.0,
,,,-39.19999E-6,-8.000000E-3,
,,,-38.99999E-6,-8.000000E-3,
,,,-38.79999E-6,0.0,
,,,-38.59999E-6,0.0,
,,,-38.39999E-6,-8.000000E-3,
,,,-38.19999E-6,-16.0000E-3,
,,,-37.99999E-6,-16.0000E-3,
,,,-37.79999E-6,-8.000000E-3,
,,,-37.59999E-6,-8.000000E-3,
,,,-37.39999E-6,-8.000000E-3,
,,,-37.19999E-6,-8.000000E-3,
,,,-36.99999E-6,0.0,
,,,-36.79999E-6,-8.000000E-3,
,,,-36.59999E-6,-8.000000E-3,
,,,-36.39999E-6,-8.000000E-3,
,,,-36.19999E-6,0.0,
,,,-35.99999E-6,0.0,
,,,-35.79999E-6,-8.000000E-3,
,,,-35.59999E-6,-16.0000E-3,
,,,-35.39999E-6,-16.0000E-3,
,,,-35.19999E-6,8.000000E-3,
,,,-34.99999E-6,-8.000000E-3,
,,,-34.79999E-6,-16.0000E-3,
,,,-34.59999E-6,-16.0000E-3,
,,,-34.39999E-6,-8.000000E-3,
,,,-34.19999E-6,-8.000000E-3,
,,,-33.99999E-6,0.0,
,,,-33.79999E-6,-8.000000E-3,
,,,-33.59999E-6,-8.000000E-3,
,,,-33.39999E-6,-8.000000E-3,
,,,-33.19999E-6,-16.0000E-3,
,,,-32.99999E-6,-8.000000E-3,
,,,-32.79999E-6,-8.000000E-3,
,,,-32.59999E-6,-8.000000E-3,
,,,-32.39999E-6,-8.000000E-3,
,,,-32.19999E-6,-16.0000E-3,
,,,-31.99999E-6,-24.00000E-3,
,,,-31.79999E-6,-8.000000E-3,
,,,-31.59999E-6,-8.000000E-3,
,,,-31.39999E-6,-8.000000E-3,
,,,-31.19999E-6,-8.000000E-3,
,,,-30.99999E-6,-24.00000E-3,
,,,-30.79999E-6,-24.00000E-3,
,,,-30.59999E-6,0.0,
,,,-30.39999E-6,-8.000000E-3,
,,,-30.19999E-6,-8.000000E-3,
,,,-29.99999E-6,-16.0000E-3,
,,,-29.79999E-6,-8.000000E-3,
,,,-29.59999E-6,-16.0000E-3,
,,,-29.39999E-6,-8.000000E-3,
,,,-29.19999E-6,-8.000000E-3,
,,,-28.99999E-6,-24.00000E-3,
,,,-28.79999E-6,-16.0000E-3,
,,,-28.59999E-6,-16.0000E-3,
,,,-28.39999E-6,-16.0000E-3,
,,,-28.19999E-6,-8.000000E-3,
,,,-27.99999E-6,0.0,
,,,-27.79999E-6,-8.000000E-3,
,,,-27.59999E-6,-8.000000E-3,
,,,-27.39999E-6,-16.0000E-3,
,,,-27.19999E-6,-8.000000E-3,
,,,-26.99999E-6,0.0,
,,,-26.79999E-6,-16.0000E-3,
,,,-26.59999E-6,-16.0000E-3,
,,,-26.39999E-6,-8.000000E-3,
,,,-26.19999E-6,-8.000000E-3,
,,,-25.99999E-6,-32.00000E-3,
,,,-25.79999E-6,0.0,
,,,-25.59999E-6,-8.000000E-3,
,,,-25.39999E-6,0.0,
,,,-25.19999E-6,-8.000000E-3,
,,,-24.99999E-6,-8.000000E-3,
,,,-24.79999E-6,-8.000000E-3,
,,,-24.59999E-6,0.0,
,,,-24.39999E-6,-16.0000E-3,
,,,-24.19999E-6,-8.000000E-3,
,,,-23.99999E-6,-8.000000E-3,
,,,-23.79999E-6,-16.0000E-3,
,,,-23.59999E-6,-16.0000E-3,
,,,-23.39999E-6,-8.000000E-3,
,,,-23.19999E-6,-8.000000E-3,
,,,-22.99999E-6,0.0,
,,,-22.79999E-6,-8.000000E-3,
,,,-22.59999E-6,0.0,
,,,-22.39999E-6,-16.0000E-3,
,,,-22.19999E-6,0.0,
,,,-21.99999E-6,-8.000000E-3,
,,,-21.79999E-6,0.0,
,,,-21.59999E-6,-8.000000E-3,
,,,-21.39999E-6,-8.000000E-3,
,,,-21.19999E-6,-8.000000E-3,
,,,-20.99999E-6,-8.000000E-3,
,,,-20.79999E-6,0.0,
,,,-20.59999E-6,-8.000000E-3,
,,,-20.39999E-6,0.0,
,,,-20.19999E-6,-8.000000E-3,
,,,-20.0000E-6,-8.000000E-3,
,,,-19.8000E-6,-16.0000E-3,
,,,-19.6000E-6,0.0,
,,,-19.4000E-6,0.0,
,,,-19.2000E-6,-16.0000E-3,
,,,-19.0000E-6,-8.000000E-3,
,,,-18.8000E-6,-8.000000E-3,
,,,-18.6000E-6,0.0,
,,,-18.4000E-6,-8.000000E-3,
,,,-18.2000E-6,-8.000000E-3,
,,,-18.0000E-6,0.0,
,,,-17.8000E-6,0.0,
,,,-17.6000E-6,-8.000000E-3,
,,,-17.4000E-6,-16.0000E-3,
,,,-17.2000E-6,-16.0000E-3,
,,,-17.0000E-6,-8.000000E-3,
,,,-16.8000E-6,-8.000000E-3,
,,,-16.6000E-6,-32.00000E-3,
,,,-16.4000E-6,-16.0000E-3,
,,,-16.2000E-6,0.0,
,,,-16.0000E-6,0.0,
,,,-15.8000E-6,-8.000000E-3,
,,,-15.6000E-6,0.0,
,,,-15.4000E-6,0.0,
,,,-15.2000E-6,-8.000000E-3,
,,,-15.0000E-6,0.0,
,,,-14.8000E-6,0.0,
,,,-14.6000E-6,-8.000000E-3,
,,,-14.4000E-6,-16.0000E-3,
,,,-14.2000E-6,-8.000000E-3,
,,,-14.0000E-6,0.0,
,,,-13.8000E-6,-16.0000E-3,
,,,-13.6000E-6,-16.0000E-3,
,,,-13.4000E-6,-8.000000E-3,
,,,-13.2000E-6,8.000000E-3,
,,,-13.0000E-6,8.000000E-3,
,,,-12.8000E-6,-8.000000E-3,
,,,-12.6000E-6,8.000000E-3,
,,,-12.4000E-6,0.0,
,,,-12.2000E-6,0.0,
,,,-12.0000E-6,-8.000000E-3,
,,,-11.8000E-6,8.000000E-3,
,,,-11.6000E-6,0.0,
,,,-11.4000E-6,-8.000000E-3,
,,,-11.2000E-6,0.0,
,,,-11.0000E-6,0.0,
,,,-10.8000E-6,-8.000000E-3,
,,,-10.6000E-6,0.0,
,,,-10.4000E-6,8.000000E-3,
,,,-10.2000E-6,-8.000000E-3,
,,,-9.999992E-6,-16.0000E-3,
,,,-9.799993E-6,0.0,
,,,-9.599992E-6,8.000000E-3,
,,,-9.399992E-6,-8.000000E-3,
,,,-9.199993E-6,-8.000000E-3,
,,,-8.999992E-6,0.0,
,,,-8.799992E-6,-8.000000E-3,
,,,-8.599993E-6,-8.000000E-3,
,,,-8.399992E-6,0.0,
,,,-8.199992E-6,0.0,
,,,-7.999993E-6,-16.0000E-3,
,,,-7.799992E-6,-8.000000E-3,
,,,-7.599992E-6,8.000000E-3,
,,,-7.399993E-6,-8.000000E-3,
,,,-7.19999E-6,8.000000E-3,
,,,-6.99999E-6,0.0,
,,,-6.79999E-6,0.0,
,,,-6.59999E-6,-8.000000E-3,
,,,-6.39999E-6,-8.000000E-3,
,,,-6.19999E-6,-8.000000E-3,
,,,-5.99999E-6,-8.000000E-3,
,,,-5.79999E-6,0.0,
,,,-5.59999E-6,0.0,
,,,-5.39999E-6,0.0,
,,,-5.19999E-6,0.0,
,,,-4.99999E-6,-16.0000E-3,
,,,-4.79999E-6,-8.000000E-3,
,,,-4.59999E-6,0.0,
,,,-4.39999E-6,-8.000000E-3,
,,,-4.19999E-6,-8.000000E-3,
,,,-3.99999E-6,-8.000000E-3,
,,,-3.79999E-6,0.0,
,,,-3.59999E-6,-8.000000E-3,
,,,-3.39999E-6,-8.000000E-3,
,,,-3.19999E-6,-8.000000E-3,
,,,-2.99999E-6,0.0,
,,,-2.79999E-6,-8.000000E-3,
,,,-2.6000E-6,-8.000000E-3,
,,,-2.4000E-6,-8.000000E-3,
,,,-2.2000E-6,0.0,
,,,-2.0000E-6,8.000000E-3,
,,,-1.8000E-6,0.0,
,,,-1.6000E-6,0.0,
,,,-1.4000E-6,-8.000000E-3,
,,,-1.2000E-6,0.0,
,,,-1.000E-6,0.0,
,,,-799.992449E-9,-8.000000E-3,
,,,-599.992461E-9,-8.000000E-3,
,,,-399.99244E-9,0.0,
,,,-199.99244E-9,0.0,
,,,7.560175E-12,0.0,
,,,200.00756E-9,0.0,
,,,400.00756E-9,8.000000E-3,
,,,600.007581E-9,32.00000E-3,
,,,800.007570E-9,72.000004E-3,
,,,1.0000E-6,96.000001E-3,
,,,1.2000E-6,136.0000E-3,
,,,1.4000E-6,160.00001E-3,
,,,1.6000E-6,192.00000E-3,
,,,1.8000E-6,224.00001E-3,
,,,2.0000E-6,264.00000E-3,
,,,2.2000E-6,296.00000E-3,
,,,2.4000E-6,312.00001E-3,
,,,2.6000E-6,336.00003E-3,
,,,2.80001E-6,384.00000E-3,
,,,3.00001E-6,408.000022E-3,
,,,3.20001E-6,432.000011E-3,
,,,3.40001E-6,456.000030E-3,
,,,3.60001E-6,472.000033E-3,
,,,3.80001E-6,488.000035E-3,
,,,4.00001E-6,520.000041E-3,
,,,4.20001E-6,527.999997E-3,
,,,4.40001E-6,536.000013E-3,
,,,4.60001E-6,536.000013E-3,
,,,4.80001E-6,560.000002E-3,
,,,5.00001E-6,568.000019E-3,
,,,5.20001E-6,584.000051E-3,
,,,5.40001E-6,600.000024E-3,
,,,5.60001E-6,608.000040E-3,
,,,5.80001E-6,632.000029E-3,
,,,6.00001E-6,624.000013E-3,
,,,6.20001E-6,640.000045E-3,
,,,6.40001E-6,640.000045E-3,
,,,6.60001E-6,664.000034E-3,
,,,6.80001E-6,672.000051E-3,
,,,7.00001E-6,672.000051E-3,
,,,7.20001E-6,688.000023E-3,
,,,7.400008E-6,688.000023E-3,
,,,7.600008E-6,696.000040E-3,
,,,7.800008E-6,712.000012E-3,
,,,8.000007E-6,712.000012E-3,
,,,8.200008E-6,728.000045E-3,
,,,8.400008E-6,728.000045E-3,
,,,8.600007E-6,728.000045E-3,
,,,8.800008E-6,744.000018E-3,
,,,9.000008E-6,744.000018E-3,
,,,9.200007E-6,760.000050E-3,
,,,9.400008E-6,760.000050E-3,
,,,9.600008E-6,768.000007E-3,
,,,9.800007E-6,776.000023E-3,
,,,10.0000E-6,776.000023E-3,
,,,10.2000E-6,784.000039E-3,
,,,10.4000E-6,792.000055E-3,
,,,10.6000E-6,800.000012E-3,
,,,10.8000E-6,792.000055E-3,
,,,11.0000E-6,816.000044E-3,
,,,11.2000E-6,816.000044E-3,
,,,11.4000E-6,824.000061E-3,
,,,11.6000E-6,832.000017E-3,
,,,11.8000E-6,824.000061E-3,
,,,12.0000E-6,832.000017E-3,
,,,12.2000E-6,840.000033E-3,
,,,12.4000E-6,832.000017E-3,
,,,12.6000E-6,848.000050E-3,
,,,12.8000E-6,864.000022E-3,
,,,13.0000E-6,856.000066E-3,
,,,13.2000E-6,856.000066E-3,
,,,13.4000E-6,856.000066E-3,
,,,13.6000E-6,880.000055E-3,
,,,13.8000E-6,864.000022E-3,
,,,14.0000E-6,872.000039E-3,
,,,14.2000E-6,872.000039E-3,
,,,14.4000E-6,880.000055E-3,
,,,14.6000E-6,888.000071E-3,
,,,14.8000E-6,888.000071E-3,
,,,15.0000E-6,880.000055E-3,
,,,15.2000E-6,888.000071E-3,
,,,15.4000E-6,888.000071E-3,
,,,15.6000E-6,904.000044E-3,
,,,15.8000E-6,904.000044E-3,
,,,16.0000E-6,896.000028E-3,
,,,16.2000E-6,896.000028E-3,
,,,16.4000E-6,904.000044E-3,
,,,16.6000E-6,920.000017E-3,
,,,16.8000E-6,912.000060E-3,
,,,17.0000E-6,920.000017E-3,
,,,17.2000E-6,920.000017E-3,
,,,17.4000E-6,928.000033E-3,
,,,17.6000E-6,936.000049E-3,
,,,17.8000E-6,944.000065E-3,
,,,18.0000E-6,936.000049E-3,
,,,18.2000E-6,944.000065E-3,
,,,18.4000E-6,944.000065E-3,
,,,18.6000E-6,936.000049E-3,
,,,18.8000E-6,944.000065E-3,
,,,19.0000E-6,944.000065E-3,
,,,19.2000E-6,960.000038E-3,
,,,19.4000E-6,952.000022E-3,
,,,19.6000E-6,960.000038E-3,
,,,19.8000E-6,968.000054E-3,
,,,20.0000E-6,960.000038E-3,
,,,20.20001E-6,960.000038E-3,
,,,20.40001E-6,960.000038E-3,
,,,20.60001E-6,968.000054E-3,
,,,20.80001E-6,984.000027E-3,
,,,21.00001E-6,976.000071E-3,
,,,21.20001E-6,976.000071E-3,
,,,21.40001E-6,984.000027E-3,
,,,21.60001E-6,984.000027E-3,
,,,21.80001E-6,984.000027E-3,
,,,22.00001E-6,992.000043E-3,
,,,22.20001E-6,1.000,
,,,22.40001E-6,1.000,
,,,22.60001E-6,1.0080,
,,,22.80001E-6,1.0080,
,,,23.00001E-6,1.000,
,,,23.20001E-6,1.0160,
,,,23.40001E-6,992.000043E-3,
,,,23.60001E-6,1.0160,
,,,23.80001E-6,1.0080,
,,,24.00001E-6,1.0240,
,,,24.20001E-6,1.0080,
,,,24.40001E-6,1.0160,
,,,24.60001E-6,1.0160,
,,,24.80001E-6,1.0160,
,,,25.00001E-6,1.0160,
,,,25.20001E-6,1.0080,
,,,25.40001E-6,1.0240,
,,,25.60001E-6,1.0320,
,,,25.80001E-6,1.0320,
,,,26.00001E-6,1.0320,
,,,26.20001E-6,1.0400,
,,,26.40001E-6,1.0400,
,,,26.60001E-6,1.0400,
,,,26.80001E-6,1.0400,
,,,27.00001E-6,1.0320,
,,,27.20001E-6,1.0480,
,,,27.40001E-6,1.0480,
,,,27.60001E-6,1.0480,
,,,27.80001E-6,1.0480,
,,,28.00001E-6,1.0560,
,,,28.20001E-6,1.0400,
,,,28.40001E-6,1.0560,
,,,28.60001E-6,1.0480,
,,,28.80001E-6,1.0560,
,,,29.00001E-6,1.0560,
,,,29.20001E-6,1.0640,
,,,29.40001E-6,1.0560,
,,,29.60001E-6,1.0640,
,,,29.80001E-6,1.0560,
,,,30.00001E-6,1.0720,
,,,30.20001E-6,1.0640,
,,,30.40001E-6,1.0720,
,,,30.60001E-6,1.0720,
,,,30.80001E-6,1.0800,
,,,31.00001E-6,1.0880,
,,,31.20001E-6,1.0880,
,,,31.40001E-6,1.0720,
,,,31.60001E-6,1.0800,
,,,31.80001E-6,1.0800,
,,,32.00001E-6,1.0960,
,,,32.20001E-6,1.0880,
,,,32.40001E-6,1.0960,
,,,32.60001E-6,1.0880,
,,,32.80001E-6,1.0960,
,,,33.00001E-6,1.0880,
,,,33.20001E-6,1.0960,
,,,33.40001E-6,1.1040,
,,,33.60001E-6,1.0960,
,,,33.80001E-6,1.0880,
,,,34.00001E-6,1.0960,
,,,34.20001E-6,1.0960,
,,,34.40001E-6,1.1040,
,,,34.60001E-6,1.1120,
,,,34.80001E-6,1.1040,
,,,35.00001E-6,1.1120,
,,,35.20001E-6,1.1120,
,,,35.40001E-6,1.1120,
,,,35.60001E-6,1.1120,
,,,35.80001E-6,1.1120,
,,,36.00001E-6,1.1120,
,,,36.20001E-6,1.1280,
,,,36.40001E-6,1.1200,
,,,36.60001E-6,1.1280,
,,,36.80001E-6,1.1200,
,,,37.00001E-6,1.1120,
,,,37.20001E-6,1.1280,
,,,37.40001E-6,1.1200,
,,,37.60001E-6,1.1200,
,,,37.80001E-6,1.1280,
,,,38.00001E-6,1.1280,
,,,38.20001E-6,1.1280,
,,,38.40001E-6,1.1280,
,,,38.60001E-6,1.1360,
,,,38.80001E-6,1.1280,
,,,39.00001E-6,1.1360,
,,,39.20001E-6,1.1360,
,,,39.40001E-6,1.1440,
,,,39.60001E-6,1.1520,
,,,39.80001E-6,1.1440,
,,,40.00001E-6,1.1440,
,,,40.20001E-6,1.1360,
,,,40.40001E-6,1.1520,
,,,40.60001E-6,1.1520,
,,,40.80001E-6,1.1360,
,,,41.00001E-6,1.1520,
,,,41.20001E-6,1.1520,
,,,41.40001E-6,1.1520,
,,,41.60001E-6,1.1520,
,,,41.80001E-6,1.1440,
,,,42.00001E-6,1.1600,
,,,42.20001E-6,1.1600,
,,,42.40001E-6,1.1520,
,,,42.60001E-6,1.1680,
,,,42.80001E-6,1.1680,
,,,43.00001E-6,1.1760,
,,,43.20001E-6,1.1600,
,,,43.40001E-6,1.1520,
,,,43.60001E-6,1.1600,
,,,43.80001E-6,1.1760,
,,,44.00001E-6,1.1680,
,,,44.20001E-6,1.1680,
,,,44.40001E-6,1.1760,
,,,44.60001E-6,1.1680,
,,,44.80001E-6,1.1600,
,,,45.00001E-6,1.1600,
,,,45.20001E-6,1.1680,
,,,45.40001E-6,1.1760,
,,,45.60001E-6,1.1760,
,,,45.80001E-6,1.1760,
,,,46.00001E-6,1.1760,
,,,46.20001E-6,1.1840,
,,,46.40001E-6,1.1680,
,,,46.60001E-6,1.1760,
,,,46.80001E-6,1.1840,
,,,47.00001E-6,1.1920,
,,,47.20001E-6,1.1840,
,,,47.40001E-6,1.1840,
,,,47.60001E-6,1.1920,
,,,47.80001E-6,1.1840,
,,,48.00001E-6,1.1840,
,,,48.20001E-6,1.1840,
,,,48.40001E-6,1.1760,
,,,48.60001E-6,1.1920,
,,,48.80001E-6,1.1840,
,,,49.00001E-6,1.1920,
,,,49.20001E-6,1.2000,
,,,49.40001E-6,1.1920,
,,,49.60001E-6,1.2000,
,,,49.80001E-6,1.1920,
,,,50.00001E-6,1.1920,
,,,50.20001E-6,1.2000,
,,,50.40001E-6,1.2000,
,,,50.60001E-6,1.2080,
,,,50.80001E-6,1.2080,
,,,51.00001E-6,1.2000,
,,,51.20001E-6,1.2080,
,,,51.40001E-6,1.1920,
,,,51.60001E-6,1.2000,
,,,51.80001E-6,1.2000,
,,,52.00001E-6,1.2000,
,,,52.20001E-6,1.2080,
,,,52.40001E-6,1.2080,
,,,52.60001E-6,1.1920,
,,,52.80001E-6,1.2160,
,,,53.00001E-6,1.2160,
,,,53.20001E-6,1.2160,
,,,53.40001E-6,1.2080,
,,,53.60001E-6,1.2080,
,,,53.80001E-6,1.2160,
,,,54.00001E-6,1.2080,
,,,54.20001E-6,1.2240,
,,,54.40001E-6,1.2240,
,,,54.600008E-6,1.2160,
,,,54.800010E-6,1.2240,
,,,55.000008E-6,1.2240,
,,,55.200009E-6,1.2160,
,,,55.400007E-6,1.2240,
,,,55.600009E-6,1.2240,
,,,55.800007E-6,1.2160,
,,,56.000008E-6,1.2240,
,,,56.200010E-6,1.2240,
,,,56.400007E-6,1.2240,
,,,56.600009E-6,1.2320,
,,,56.800007E-6,1.2160,
,,,57.000008E-6,1.2240,
,,,57.200010E-6,1.2320,
,,,57.400008E-6,1.2240,
,,,57.600009E-6,1.2320,
,,,57.800007E-6,1.2320,
,,,58.000009E-6,1.2160,
,,,58.200007E-6,1.2160,
,,,58.400008E-6,1.2400,
,,,58.600010E-6,1.2400,
,,,58.800008E-6,1.2320,
,,,59.000009E-6,1.2240,
,,,59.200007E-6,1.2320,
,,,59.400008E-6,1.2480,
,,,59.600010E-6,1.2400,
,,,59.800008E-6,1.2320,
,,,60.000009E-6,1.2320,
,,,60.200007E-6,1.2480,
,,,60.400009E-6,1.2400,
,,,60.600007E-6,1.2400,
,,,60.800008E-6,1.2480,
,,,61.000010E-6,1.2400,
,,,61.200008E-6,1.2480,
,,,61.400009E-6,1.2480,
,,,61.600011E-6,1.2400,
,,,61.800005E-6,1.2480,
,,,62.000006E-6,1.2480,
,,,62.200008E-6,1.2560,
,,,62.400009E-6,1.2480,
,,,62.600011E-6,1.2480,
,,,62.800005E-6,1.2560,
,,,63.000007E-6,1.2480,
,,,63.200008E-6,1.2560,
,,,63.400010E-6,1.2560,
,,,63.600011E-6,1.2560,
,,,63.800006E-6,1.2560,
,,,64.000007E-6,1.2640,
,,,64.200009E-6,1.2560,
,,,64.400010E-6,1.2560,
,,,64.600012E-6,1.2560,
,,,64.800006E-6,1.2560,
,,,65.000007E-6,1.2560,
,,,65.200009E-6,1.2720,
,,,65.400010E-6,1.2560,
,,,65.600005E-6,1.2720,
,,,65.800006E-6,1.2640,
,,,66.000008E-6,1.2640,
,,,66.200009E-6,1.2640,
,,,66.400011E-6,1.2720,
,,,66.600005E-6,1.2720,
,,,66.800007E-6,1.2720,
,,,67.000008E-6,1.2720,
,,,67.200010E-6,1.2640,
,,,67.400011E-6,1.2720,
,,,67.600005E-6,1.2720,
,,,67.800007E-6,1.2640,
,,,68.000008E-6,1.2720,
,,,68.200010E-6,1.2640,
,,,68.400012E-6,1.2720,
,,,68.600006E-6,1.2720,
,,,68.800007E-6,1.2640,
,,,69.000009E-6,1.2720,
,,,69.200010E-6,1.2720,
,,,69.400012E-6,1.2720,
,,,69.600006E-6,1.2720,
,,,69.800008E-6,1.2720,
,,,70.000009E-6,1.2800,
,,,70.200011E-6,1.2720,
,,,70.400005E-6,1.2720,
,,,70.600006E-6,1.2800,
,,,70.800008E-6,1.2800,
,,,71.000009E-6,1.2800,
,,,71.200011E-6,1.2720,
,,,71.400005E-6,1.2800,
,,,71.600007E-6,1.2800,
,,,71.800008E-6,1.2720,
,,,72.000010E-6,1.2880,
,,,72.200011E-6,1.2880,
,,,72.400006E-6,1.2800,
,,,72.600007E-6,1.2800,
,,,72.800009E-6,1.2880,
,,,73.000010E-6,1.2960,
,,,73.200012E-6,1.2800,
,,,73.400006E-6,1.2880,
,,,73.600007E-6,1.2960,
,,,73.800009E-6,1.2800,
,,,74.000010E-6,1.2880,
,,,74.200012E-6,1.2880,
,,,74.400006E-6,1.2880,
,,,74.600008E-6,1.2880,
,,,74.800009E-6,1.2880,
,,,75.000011E-6,1.2880,
,,,75.200005E-6,1.3120,
,,,75.400007E-6,1.2960,
,,,75.600008E-6,1.2960,
,,,75.800010E-6,1.2960,
,,,76.000011E-6,1.2960,
,,,76.200005E-6,1.2880,
,,,76.400007E-6,1.2880,
,,,76.600008E-6,1.3040,
,,,76.800010E-6,1.2960,
,,,77.000012E-6,1.2960,
,,,77.200006E-6,1.2960,
,,,77.400007E-6,1.3040,
,,,77.600009E-6,1.3040,
,,,77.800010E-6,1.2960,
,,,78.000012E-6,1.2960,
,,,78.200006E-6,1.3040,
,,,78.400008E-6,1.2960,
,,,78.600009E-6,1.3120,
,,,78.800011E-6,1.2880,
,,,79.000005E-6,1.3040,
,,,79.200006E-6,1.3040,
,,,79.400008E-6,1.2960,
,,,79.600009E-6,1.3120,
,,,79.800011E-6,1.3040,
,,,80.000005E-6,1.3040,
,,,80.200007E-6,1.3040,
,,,80.400008E-6,1.3120,
,,,80.600010E-6,1.3040,
,,,80.800011E-6,1.3120,
,,,81.000006E-6,1.3200,
,,,81.200007E-6,1.3040,
,,,81.400009E-6,1.3200,
,,,81.600010E-6,1.3200,
,,,81.800012E-6,1.3200,
,,,82.000006E-6,1.3120,
,,,82.200007E-6,1.3040,
,,,82.400009E-6,1.3200,
,,,82.600011E-6,1.3040,
,,,82.800012E-6,1.3040,
,,,83.000006E-6,1.3040,
,,,83.200008E-6,1.3200,
,,,83.400009E-6,1.3120,
,,,83.600011E-6,1.3120,
,,,83.800005E-6,1.3200,
,,,84.000007E-6,1.3280,
,,,84.200008E-6,1.3120,
,,,84.400010E-6,1.3120,
,,,84.600011E-6,1.3280,
,,,84.800005E-6,1.3200,
,,,85.000007E-6,1.3200,
,,,85.200008E-6,1.3280,
,,,85.400010E-6,1.3280,
,,,85.600012E-6,1.3200,
,,,85.800006E-6,1.3280,
,,,86.000007E-6,1.3280,
,,,86.200009E-6,1.3200,
,,,86.400010E-6,1.3280,
,,,86.600012E-6,1.3280,
,,,86.800006E-6,1.3200,
,,,87.000008E-6,1.3280,
,,,87.200009E-6,1.3360,
,,,87.400011E-6,1.3360,
,,,87.600012E-6,1.3280,
,,,87.800006E-6,1.3360,
,,,88.000008E-6,1.3200,
,,,88.200009E-6,1.3200,
,,,88.400011E-6,1.3280,
,,,88.600005E-6,1.3280,
,,,88.800007E-6,1.3280,
,,,89.000008E-6,1.3360,
,,,89.200010E-6,1.3360,
,,,89.400011E-6,1.3360,
,,,89.600006E-6,1.3360,
,,,89.800007E-6,1.3360,
,,,90.000009E-6,1.3280,
,,,90.200010E-6,1.3440,
,,,90.400012E-6,1.3440,
,,,90.600006E-6,1.3360,
,,,90.800007E-6,1.3440,
,,,91.000009E-6,1.3360,
,,,91.200011E-6,1.3360,
,,,91.400012E-6,1.3360,
,,,91.600006E-6,1.3280,
,,,91.800008E-6,1.3280,
,,,92.000009E-6,1.3360,
,,,92.200011E-6,1.3440,
,,,92.400005E-6,1.3440,
,,,92.600007E-6,1.3440,
,,,92.800008E-6,1.3440,
,,,93.000010E-6,1.3440,
,,,93.200011E-6,1.3440,
,,,93.400005E-6,1.3440,
,,,93.600007E-6,1.3360,
,,,93.800008E-6,1.3440,
,,,94.000010E-6,1.3520,
,,,94.200012E-6,1.3360,
,,,94.400006E-6,1.3440,
,,,94.600007E-6,1.3440,
,,,94.800009E-6,1.3440,
,,,95.000010E-6,1.3520,
,,,95.200012E-6,1.3440,
,,,95.400006E-6,1.3440,
,,,95.600008E-6,1.3520,
,,,95.800009E-6,1.3440,
,,,96.000011E-6,1.3360,
,,,96.200012E-6,1.3440,
,,,96.400006E-6,1.3520,
,,,96.600008E-6,1.3440,
,,,96.800009E-6,1.3440,
,,,97.000011E-6,1.3520,
,,,97.200005E-6,1.3520,
,,,97.400007E-6,1.3440,
,,,97.600008E-6,1.3360,
,,,97.800010E-6,1.3520,
,,,98.000011E-6,1.3600,
,,,98.200006E-6,1.3600,
,,,98.400007E-6,1.3520,
,,,98.600009E-6,1.3520,
,,,98.800010E-6,1.3520,
,,,99.000012E-6,1.3600,
,,,99.200006E-6,1.3520,
,,,99.400007E-6,1.3520,
,,,99.600009E-6,1.3520,
,,,99.800011E-6,1.3600,
,,,100.0000E-6,1.3600,
,,,100.2000E-6,1.3520,
,,,100.4000E-6,1.3600,
,,,100.6000E-6,1.3600,
,,,100.8000E-6,1.3600,
,,,101.0000E-6,1.3520,
,,,101.2000E-6,1.3600,
,,,101.4000E-6,1.3520,
,,,101.6000E-6,1.3600,
,,,101.8000E-6,1.3440,
,,,102.0000E-6,1.3520,
,,,102.2000E-6,1.3440,
,,,102.4000E-6,1.3600,
,,,102.6000E-6,1.3520,
,,,102.8000E-6,1.3520,
,,,103.0000E-6,1.3440,
,,,103.2000E-6,1.3520,
,,,103.4000E-6,1.3520,
,,,103.6000E-6,1.3680,
,,,103.8000E-6,1.3600,
,,,104.0000E-6,1.3520,
,,,104.2000E-6,1.3520,
,,,104.4000E-6,1.3520,
,,,104.6000E-6,1.3520,
,,,104.8000E-6,1.3600,
,,,105.0000E-6,1.3600,
,,,105.2000E-6,1.3600,
,,,105.4000E-6,1.3600,
,,,105.6000E-6,1.3760,
,,,105.8000E-6,1.3600,
,,,106.0000E-6,1.3600,
,,,106.2000E-6,1.3600,
,,,106.4000E-6,1.3600,
,,,106.6000E-6,1.3760,
,,,106.8000E-6,1.3680,
,,,107.0000E-6,1.3680,
,,,107.2000E-6,1.3680,
,,,107.4000E-6,1.3600,
,,,107.6000E-6,1.3680,
,,,107.8000E-6,1.3600,
,,,108.0000E-6,1.3680,
,,,108.2000E-6,1.3600,
,,,108.4000E-6,1.3600,
,,,108.6000E-6,1.3600,
,,,108.8000E-6,1.3600,
,,,109.0000E-6,1.3680,
,,,109.2000E-6,1.3680,
,,,109.4000E-6,1.3760,
,,,109.6000E-6,1.3680,
,,,109.8000E-6,1.3600,
,,,110.0000E-6,1.3680,
,,,110.2000E-6,1.3600,
,,,110.4000E-6,1.3680,
,,,110.6000E-6,1.3760,
,,,110.8000E-6,1.3680,
,,,111.0000E-6,1.3600,
,,,111.2000E-6,1.3680,
,,,111.4000E-6,1.3680,
,,,111.6000E-6,1.3680,
,,,111.8000E-6,1.3680,
,,,112.0000E-6,1.3600,
,,,112.2000E-6,1.3680,
,,,112.4000E-6,1.3600,
,,,112.6000E-6,1.3760,
,,,112.8000E-6,1.3600,
,,,113.0000E-6,1.3760,
,,,113.2000E-6,1.3600,
,,,113.4000E-6,1.3760,
,,,113.6000E-6,1.3680,
,,,113.8000E-6,1.3760,
,,,114.0000E-6,1.3680,
,,,114.2000E-6,1.3600,
,,,114.4000E-6,1.3840,
,,,114.6000E-6,1.3680,
,,,114.8000E-6,1.3760,
,,,115.0000E-6,1.3760,
,,,115.2000E-6,1.3680,
,,,115.4000E-6,1.3840,
,,,115.6000E-6,1.3760,
,,,115.8000E-6,1.3680,
,,,116.0000E-6,1.3680,
,,,116.2000E-6,1.3600,
,,,116.4000E-6,1.3680,
,,,116.6000E-6,1.3760,
,,,116.8000E-6,1.3680,
,,,117.0000E-6,1.3760,
,,,117.2000E-6,1.3760,
,,,117.4000E-6,1.3680,
,,,117.6000E-6,1.3680,
,,,117.8000E-6,1.3840,
,,,118.0000E-6,1.3680,
,,,118.2000E-6,1.3760,
,,,118.4000E-6,1.3760,
,,,118.6000E-6,1.3840,
,,,118.8000E-6,1.3760,
,,,119.0000E-6,1.3760,
,,,119.2000E-6,1.3760,
,,,119.4000E-6,1.3760,
,,,119.6000E-6,1.3760,
,,,119.8000E-6,1.3680,
,,,120.0000E-6,1.3680,
,,,120.2000E-6,1.3760,
,,,120.4000E-6,1.3840,
,,,120.6000E-6,1.3680,
,,,120.8000E-6,1.3760,
,,,121.0000E-6,1.3760,
,,,121.2000E-6,1.3680,
,,,121.4000E-6,1.3840,
,,,121.6000E-6,1.3760,
,,,121.8000E-6,1.3760,
,,,122.0000E-6,1.3840,
,,,122.2000E-6,1.3680,
,,,122.4000E-6,1.3600,
,,,122.6000E-6,1.3760,
,,,122.8000E-6,1.3840,
,,,123.0000E-6,1.3840,
,,,123.2000E-6,1.3760,
,,,123.4000E-6,1.3840,
,,,123.6000E-6,1.3680,
,,,123.8000E-6,1.3920,
,,,124.0000E-6,1.3760,
,,,124.2000E-6,1.3760,
,,,124.4000E-6,1.3760,
,,,124.6000E-6,1.3840,
,,,124.8000E-6,1.3760,
,,,125.0000E-6,1.3760,
,,,125.2000E-6,1.3840,
,,,125.4000E-6,1.3840,
,,,125.6000E-6,1.3680,
,,,125.8000E-6,1.3840,
,,,126.0000E-6,1.3680,
,,,126.2000E-6,1.3840,
,,,126.4000E-6,1.3760,
,,,126.6000E-6,1.3760,
,,,126.8000E-6,1.3680,
,,,127.0000E-6,1.3920,
,,,127.2000E-6,1.3760,
,,,127.4000E-6,1.3760,
,,,127.6000E-6,1.3760,
,,,127.8000E-6,1.3760,
,,,128.0000E-6,1.3840,
,,,128.2000E-6,1.3760,
,,,128.4000E-6,1.3760,
,,,128.6000E-6,1.3920,
,,,128.8000E-6,1.3760,
,,,129.0000E-6,1.3760,
,,,129.2000E-6,1.3760,
,,,129.4000E-6,1.3760,
,,,129.6000E-6,1.3760,
,,,129.8000E-6,1.3760,
,,,130.0000E-6,1.3680,
,,,130.2000E-6,1.3840,
,,,130.4000E-6,1.3760,
,,,130.6000E-6,1.3760,
,,,130.8000E-6,1.3760,
,,,131.0000E-6,1.3680,
,,,131.2000E-6,1.3760,
,,,131.4000E-6,1.3760,
,,,131.6000E-6,1.3760,
,,,131.8000E-6,1.3840,
,,,132.0000E-6,1.3760,
,,,132.2000E-6,1.3920,
,,,132.4000E-6,1.3920,
,,,132.6000E-6,1.3680,
,,,132.8000E-6,1.3840,
,,,133.0000E-6,1.3920,
,,,133.2000E-6,1.3840,
,,,133.4000E-6,1.3920,
,,,133.6000E-6,1.3760,
,,,133.8000E-6,1.3680,
,,,134.0000E-6,1.3840,
,,,134.2000E-6,1.3840,
,,,134.4000E-6,1.3760,
,,,134.6000E-6,1.3760,
,,,134.8000E-6,1.3840,
,,,135.0000E-6,1.3920,
,,,135.2000E-6,1.3840,
,,,135.4000E-6,1.3760,
,,,135.6000E-6,1.3840,
,,,135.8000E-6,1.3840,
,,,136.0000E-6,1.3840,
,,,136.2000E-6,1.3840,
,,,136.4000E-6,1.3840,
,,,136.6000E-6,1.3760,
,,,136.8000E-6,1.4000,
,,,137.0000E-6,1.3840,
,,,137.2000E-6,1.3760,
,,,137.4000E-6,1.3760,
,,,137.6000E-6,1.3840,
,,,137.8000E-6,1.3920,
,,,138.0000E-6,1.3760,
,,,138.2000E-6,1.3840,
,,,138.4000E-6,1.3840,
,,,138.6000E-6,1.3840,
,,,138.8000E-6,1.3760,
,,,139.0000E-6,1.3840,
,,,139.2000E-6,1.3760,
,,,139.4000E-6,1.3840,
,,,139.6000E-6,1.3760,
,,,139.8000E-6,1.3840,
,,,140.0000E-6,1.3920,
,,,140.2000E-6,1.3840,
,,,140.4000E-6,1.3840,
,,,140.6000E-6,1.3680,
,,,140.8000E-6,1.3840,
,,,141.0000E-6,1.3840,
,,,141.2000E-6,1.3840,
,,,141.4000E-6,1.3760,
,,,141.6000E-6,1.3760,
,,,141.8000E-6,1.3920,
,,,142.0000E-6,1.3760,
,,,142.2000E-6,1.3760,
,,,142.4000E-6,1.3760,
,,,142.6000E-6,1.3760,
,,,142.8000E-6,1.3840,
,,,143.0000E-6,1.3760,
,,,143.2000E-6,1.3920,
,,,143.4000E-6,1.3840,
,,,143.6000E-6,1.3920,
,,,143.8000E-6,1.3920,
,,,144.0000E-6,1.3760,
,,,144.2000E-6,1.3760,
,,,144.4000E-6,1.3680,
,,,144.6000E-6,1.3840,
,,,144.8000E-6,1.3840,
,,,145.0000E-6,1.3840,
,,,145.2000E-6,1.3760,
,,,145.4000E-6,1.3680,
,,,145.6000E-6,1.3840,
,,,145.8000E-6,1.3680,
,,,146.0000E-6,1.3840,
,,,146.2000E-6,1.3840,
,,,146.4000E-6,1.3760,
,,,146.6000E-6,1.3680,
,,,146.8000E-6,1.3840,
,,,147.0000E-6,1.3840,
,,,147.2000E-6,1.3760,
,,,147.4000E-6,1.3840,
,,,147.6000E-6,1.3840,
,,,147.8000E-6,1.3840,
,,,148.0000E-6,1.3680,
,,,148.2000E-6,1.3760,
,,,148.4000E-6,1.3920,
,,,148.60001E-6,1.3840,
,,,148.80001E-6,1.3760,
,,,149.00001E-6,1.3760,
,,,149.20002E-6,1.3920,
,,,149.40000E-6,1.3760,
,,,149.60000E-6,1.3840,
,,,149.80001E-6,1.3840,
,,,150.00001E-6,1.3840,
,,,150.20001E-6,1.3680,
,,,150.40001E-6,1.3760,
,,,150.60001E-6,1.3840,
,,,150.80001E-6,1.3920,
,,,151.00001E-6,1.3840,
,,,151.20002E-6,1.3680,
,,,151.40000E-6,1.3760,
,,,151.60000E-6,1.3760,
,,,151.80001E-6,1.3840,
,,,152.00001E-6,1.3760,
,,,152.20001E-6,1.3840,
,,,152.40001E-6,1.3760,
,,,152.60001E-6,1.3840,
,,,152.80001E-6,1.3760,
,,,153.00002E-6,1.3760,
,,,153.20000E-6,1.3840,
,,,153.40000E-6,1.3920,
,,,153.60001E-6,1.3680,
,,,153.80001E-6,1.3840,
,,,154.00001E-6,1.3840,
,,,154.20001E-6,1.3840,
,,,154.40001E-6,1.3840,
,,,154.60001E-6,1.3760,
,,,154.80001E-6,1.3840,
,,,155.00002E-6,1.3840,
,,,155.20000E-6,1.3680,
,,,155.40000E-6,1.3760,
,,,155.60001E-6,1.3680,
,,,155.80001E-6,1.3840,
,,,156.00001E-6,1.3760,
,,,156.20001E-6,1.3680,
,,,156.40001E-6,1.3840,
,,,156.60001E-6,1.3920,
,,,156.80002E-6,1.3840,
,,,157.00000E-6,1.3840,
,,,157.20000E-6,1.3760,
,,,157.40001E-6,1.3840,
,,,157.60001E-6,1.3760,
,,,157.80001E-6,1.3680,
,,,158.00001E-6,1.3760,
,,,158.20001E-6,1.3840,
,,,158.40001E-6,1.3760,
,,,158.60001E-6,1.3760,
,,,158.80002E-6,1.3840,
,,,159.00000E-6,1.3760,
,,,159.20000E-6,1.3760,
,,,159.40001E-6,1.3760,
,,,159.60001E-6,1.3680,
,,,159.80001E-6,1.3760,
,,,160.00001E-6,1.3920,
,,,160.20001E-6,1.3840,
,,,160.40001E-6,1.3840,
,,,160.60002E-6,1.3760,
,,,160.80002E-6,1.3840,
,,,161.00000E-6,1.3840,
,,,161.20001E-6,1.3760,
,,,161.40001E-6,1.3760,
,,,161.60001E-6,1.3840,
,,,161.80001E-6,1.3920,
,,,162.00001E-6,1.3760,
,,,162.20001E-6,1.3760,
,,,162.40001E-6,1.3840,
,,,162.60002E-6,1.3840,
,,,162.80000E-6,1.3760,
,,,163.00000E-6,1.3840,
,,,163.20001E-6,1.3760,
,,,163.40001E-6,1.3760,
,,,163.60001E-6,1.3760,
,,,163.80001E-6,1.3680,
,,,164.00001E-6,1.3840,
,,,164.20001E-6,1.3760,
,,,164.40001E-6,1.3680,
,,,164.60002E-6,1.3760,
,,,164.80000E-6,1.3840,
,,,165.00000E-6,1.3840,
,,,165.20001E-6,1.3680,
,,,165.40001E-6,1.3760,
,,,165.60001E-6,1.3680,
,,,165.80001E-6,1.3760,
,,,166.00001E-6,1.3840,
,,,166.20001E-6,1.3760,
,,,166.40002E-6,1.3760,
,,,166.60000E-6,1.3760,
,,,166.80000E-6,1.3840,
,,,167.00001E-6,1.3760,
,,,167.20001E-6,1.3760,
,,,167.40001E-6,1.3680,
,,,167.60001E-6,1.3680,
,,,167.80001E-6,1.3680,
,,,168.00001E-6,1.3760,
,,,168.20001E-6,1.3840,
,,,168.40002E-6,1.3760,
,,,168.60000E-6,1.3680,
,,,168.80000E-6,1.3760,
,,,169.00001E-6,1.3760,
,,,169.20001E-6,1.3760,
,,,169.40001E-6,1.3760,
,,,169.60001E-6,1.3760,
,,,169.80001E-6,1.3840,
,,,170.00001E-6,1.3760,
,,,170.20002E-6,1.3760,
,,,170.40000E-6,1.3680,
,,,170.60000E-6,1.3760,
,,,170.80001E-6,1.3680,
,,,171.00001E-6,1.3760,
,,,171.20001E-6,1.3680,
,,,171.40001E-6,1.3840,
,,,171.60001E-6,1.3760,
,,,171.80001E-6,1.3680,
,,,172.00001E-6,1.3840,
,,,172.20002E-6,1.3760,
,,,172.40000E-6,1.3760,
,,,172.60000E-6,1.3760,
,,,172.80001E-6,1.3680,
,,,173.00001E-6,1.3680,
,,,173.20001E-6,1.3840,
,,,173.40001E-6,1.3680,
,,,173.60001E-6,1.3600,
,,,173.80001E-6,1.3680,
,,,174.00002E-6,1.3760,
,,,174.20002E-6,1.3760,
,,,174.40000E-6,1.3760,
,,,174.60001E-6,1.3760,
,,,174.80001E-6,1.3760,
,,,175.00001E-6,1.3760,
,,,175.20001E-6,1.3680,
,,,175.40001E-6,1.3680,
,,,175.60001E-6,1.3760,
,,,175.80001E-6,1.3760,
,,,176.00002E-6,1.3680,
,,,176.20000E-6,1.3760,
,,,176.40000E-6,1.3840,
,,,176.60001E-6,1.3840,
,,,176.80001E-6,1.3760,
,,,177.00001E-6,1.3680,
,,,177.20001E-6,1.3760,
,,,177.40001E-6,1.3760,
,,,177.60001E-6,1.3680,
,,,177.80002E-6,1.3680,
,,,178.00002E-6,1.3760,
,,,178.20000E-6,1.3760,
,,,178.40001E-6,1.3760,
,,,178.60001E-6,1.3840,
,,,178.80001E-6,1.3680,
,,,179.00001E-6,1.3760,
,,,179.20001E-6,1.3600,
,,,179.40001E-6,1.3760,
,,,179.60001E-6,1.3760,
,,,179.80002E-6,1.3680,
,,,180.00000E-6,1.3680,
,,,180.20000E-6,1.3680,
,,,180.40001E-6,1.3840,
,,,180.60001E-6,1.3760,
,,,180.80001E-6,1.3760,
,,,181.00001E-6,1.3760,
,,,181.20001E-6,1.3680,
,,,181.40001E-6,1.3760,
,,,181.60001E-6,1.3760,
,,,181.80002E-6,1.3600,
,,,182.00000E-6,1.3600,
,,,182.20000E-6,1.3760,
,,,182.40001E-6,1.3760,
,,,182.60001E-6,1.3760,
,,,182.80001E-6,1.3760,
,,,183.00001E-6,1.3680,
,,,183.20001E-6,1.3840,
,,,183.40001E-6,1.3600,
,,,183.60002E-6,1.3600,
,,,183.80000E-6,1.3600,
,,,184.00000E-6,1.3760,
,,,184.20001E-6,1.3680,
,,,184.40001E-6,1.3680,
,,,184.60001E-6,1.3680,
,,,184.80001E-6,1.3680,
,,,185.00001E-6,1.3600,
,,,185.20001E-6,1.3680,
,,,185.40001E-6,1.3600,
,,,185.60002E-6,1.3600,
,,,185.80000E-6,1.3760,
,,,186.00000E-6,1.3600,
,,,186.20001E-6,1.3840,
,,,186.40001E-6,1.3920,
,,,186.60001E-6,1.3680,
,,,186.80001E-6,1.3680,
,,,187.00001E-6,1.3680,
,,,187.20001E-6,1.3600,
,,,187.40002E-6,1.3840,
,,,187.60002E-6,1.3680,
,,,187.80000E-6,1.3680,
,,,188.00001E-6,1.3760,
,,,188.20001E-6,1.3840,
,,,188.40001E-6,1.3760,
,,,188.60001E-6,1.3680,
,,,188.80001E-6,1.3600,
,,,189.00001E-6,1.3600,
,,,189.20001E-6,1.3760,
,,,189.40002E-6,1.3680,
,,,189.60000E-6,1.3680,
,,,189.80000E-6,1.3680,
,,,190.00001E-6,1.3760,
,,,190.20001E-6,1.3680,
,,,190.40001E-6,1.3600,
,,,190.60001E-6,1.3680,
,,,190.80001E-6,1.3680,
,,,191.00001E-6,1.3760,
,,,191.20002E-6,1.3680,
,,,191.40002E-6,1.3600,
,,,191.60000E-6,1.3680,
,,,191.80001E-6,1.3760,
,,,192.00001E-6,1.3600,
,,,192.20001E-6,1.3760,
,,,192.40001E-6,1.3680,
,,,192.60001E-6,1.3680,
,,,192.80001E-6,1.3760,
,,,193.00001E-6,1.3760,
,,,193.20002E-6,1.3600,
,,,193.40000E-6,1.3680,
,,,193.60000E-6,1.3680,
,,,193.80001E-6,1.3680,
,,,194.00001E-6,1.3680,
,,,194.20001E-6,1.3680,
,,,194.40001E-6,1.3680,
,,,194.60001E-6,1.3600,
,,,194.80001E-6,1.3680,
,,,195.00002E-6,1.3680,
,,,195.20002E-6,1.3680,
,,,195.40000E-6,1.3680,
,,,195.60001E-6,1.3680,
,,,195.80001E-6,1.3680,
,,,196.00001E-6,1.3760,
,,,196.20001E-6,1.3760,
,,,196.40001E-6,1.3760,
,,,196.60001E-6,1.3680,
,,,196.80001E-6,1.3680,
,,,197.00002E-6,1.3760,
,,,197.20000E-6,1.3600,
,,,197.40000E-6,1.3520,
,,,197.60001E-6,1.3680,
,,,197.80001E-6,1.3760,
,,,198.00001E-6,1.3760,
,,,198.20001E-6,1.3680,
,,,198.40001E-6,1.3680,
,,,198.60001E-6,1.3680,
,,,198.80001E-6,1.3680,
,,,199.00002E-6,1.3760,
,,,199.20000E-6,1.3600,
,,,199.40000E-6,1.3760,
,,,199.60001E-6,1.3760,
,,,199.80001E-6,1.3600,
,,,200.00001E-6,1.3600,
,,,200.20001E-6,1.3760,
,,,200.40001E-6,1.3680,
,,,200.60001E-6,1.3680,
,,,200.80002E-6,1.3680,
,,,201.00002E-6,1.3680,
,,,201.20000E-6,1.3760,
,,,201.40001E-6,1.3680,
,,,201.60001E-6,1.3520,
,,,201.80001E-6,1.3680,
,,,202.00001E-6,1.3760,
,,,202.20001E-6,1.3840,
,,,202.40001E-6,1.3680,
,,,202.60001E-6,1.3760,
,,,202.80002E-6,1.3760,
,,,203.00000E-6,1.3840,
,,,203.20000E-6,1.3600,
,,,203.40001E-6,1.3680,
,,,203.60001E-6,1.3680,
,,,203.80001E-6,1.3600,
,,,204.00001E-6,1.3760,
,,,204.20001E-6,1.3680,
,,,204.40001E-6,1.3760,
,,,204.60002E-6,1.3840,
,,,204.80002E-6,1.3680,
,,,205.00000E-6,1.3680,
,,,205.20001E-6,1.3600,
,,,205.40001E-6,1.3760,
,,,205.60001E-6,1.3680,
,,,205.80001E-6,1.3680,
,,,206.00001E-6,1.3680,
,,,206.20001E-6,1.3920,
,,,206.40001E-6,1.3760,
,,,206.60002E-6,1.3840,
,,,206.80000E-6,1.3680,
,,,207.00000E-6,1.3680,
,,,207.20001E-6,1.3680,
,,,207.40001E-6,1.3600,
,,,207.60001E-6,1.3680,
,,,207.80001E-6,1.3680,
,,,208.00001E-6,1.3680,
,,,208.20001E-6,1.3680,
,,,208.40002E-6,1.3680,
,,,208.60002E-6,1.3680,
,,,208.80000E-6,1.3680,
,,,209.00001E-6,1.3600,
,,,209.20001E-6,1.3600,
,,,209.40001E-6,1.3840,
,,,209.60001E-6,1.3680,
,,,209.80001E-6,1.3600,
,,,210.00001E-6,1.3680,
,,,210.20001E-6,1.3600,
,,,210.40002E-6,1.3680,
,,,210.60000E-6,1.3680,
,,,210.80000E-6,1.3680,
,,,211.00001E-6,1.3600,
,,,211.20001E-6,1.3600,
,,,211.40001E-6,1.3600,
,,,211.60001E-6,1.3760,
,,,211.80001E-6,1.3680,
,,,212.00001E-6,1.3600,
,,,212.20002E-6,1.3680,
,,,212.40002E-6,1.3680,
,,,212.60000E-6,1.3760,
,,,212.80001E-6,1.3680,
,,,213.00001E-6,1.3600,
,,,213.20001E-6,1.3680,
,,,213.40001E-6,1.3680,
,,,213.60001E-6,1.3600,
,,,213.80001E-6,1.3600,
,,,214.00001E-6,1.3680,
,,,214.20002E-6,1.3600,
,,,214.40002E-6,1.3680,
,,,214.60000E-6,1.3680,
,,,214.80001E-6,1.3520,
,,,215.00001E-6,1.3680,
,,,215.20001E-6,1.3600,
,,,215.40001E-6,1.3520,
,,,215.60001E-6,1.3760,
,,,215.80001E-6,1.3680,
,,,216.00001E-6,1.3760,
,,,216.20002E-6,1.3600,
,,,216.40000E-6,1.3520,
,,,216.60000E-6,1.3600,
,,,216.80001E-6,1.3680,
,,,217.00001E-6,1.3680,
,,,217.20001E-6,1.3680,
,,,217.40001E-6,1.3680,
,,,217.60001E-6,1.3760,
,,,217.80001E-6,1.3680,
,,,218.00002E-6,1.3680,
,,,218.20002E-6,1.3760,
,,,218.40000E-6,1.3600,
,,,218.60001E-6,1.3760,
,,,218.80001E-6,1.3680,
,,,219.00001E-6,1.3680,
,,,219.20001E-6,1.3520,
,,,219.40001E-6,1.3760,
,,,219.60001E-6,1.3680,
,,,219.80001E-6,1.3680,
,,,220.00002E-6,1.3680,
,,,220.20000E-6,1.3680,
,,,220.40000E-6,1.3760,
,,,220.60001E-6,1.3680,
,,,220.80001E-6,1.3680,
,,,221.00001E-6,1.3600,
,,,221.20001E-6,1.3680,
,,,221.40001E-6,1.3600,
,,,221.60001E-6,1.3600,
,,,221.80002E-6,1.3680,
,,,222.00002E-6,1.3680,
,,,222.20000E-6,1.3600,
,,,222.40001E-6,1.3600,
,,,222.60001E-6,1.3680,
,,,222.80001E-6,1.3680,
,,,223.00001E-6,1.3680,
,,,223.20001E-6,1.3600,
,,,223.40001E-6,1.3600,
,,,223.60001E-6,1.3600,
,,,223.80002E-6,1.3600,
,,,224.00000E-6,1.3600,
,,,224.20000E-6,1.3760,
,,,224.40001E-6,1.3680,
,,,224.60001E-6,1.3520,
,,,224.80001E-6,1.3520,
,,,225.00001E-6,1.3520,
,,,225.20001E-6,1.3520,
,,,225.40001E-6,1.3600,
,,,225.60002E-6,1.3440,
,,,225.80002E-6,1.3600,
,,,226.00000E-6,1.3680,
,,,226.20001E-6,1.3600,
,,,226.40001E-6,1.3600,
,,,226.60001E-6,1.3680,
,,,226.80001E-6,1.3680,
,,,227.00001E-6,1.3680,
,,,227.20001E-6,1.3520,
,,,227.40001E-6,1.3600,
,,,227.60002E-6,1.3520,
,,,227.80002E-6,1.3600,
,,,228.00000E-6,1.3680,
,,,228.20001E-6,1.3600,
,,,228.40001E-6,1.3760,
,,,228.60001E-6,1.3520,
,,,228.80001E-6,1.3600,
,,,229.00001E-6,1.3680,
,,,229.20001E-6,1.3600,
,,,229.40002E-6,1.3680,
,,,229.60002E-6,1.3600,
,,,229.80000E-6,1.3520,
,,,230.00001E-6,1.3680,
,,,230.20001E-6,1.3600,
,,,230.40001E-6,1.3520,
,,,230.60001E-6,1.3680,
,,,230.80001E-6,1.3680,
,,,231.00001E-6,1.3600,
,,,231.20001E-6,1.3680,
,,,231.40002E-6,1.3680,
,,,231.60002E-6,1.3600,
,,,231.80000E-6,1.3600,
,,,232.00001E-6,1.3600,
,,,232.20001E-6,1.3600,
,,,232.40001E-6,1.3680,
,,,232.60001E-6,1.3680,
,,,232.80001E-6,1.3600,
,,,233.00001E-6,1.3680,
,,,233.20001E-6,1.3520,
,,,233.40002E-6,1.3600,
,,,233.60000E-6,1.3680,
,,,233.80000E-6,1.3600,
,,,234.00001E-6,1.3600,
,,,234.20001E-6,1.3760,
,,,234.40001E-6,1.3520,
,,,234.60001E-6,1.3520,
,,,234.80001E-6,1.3440,
,,,235.00001E-6,1.3520,
,,,235.20002E-6,1.3520,
,,,235.40002E-6,1.3600,
,,,235.60000E-6,1.3520,
,,,235.80001E-6,1.3600,
,,,236.00001E-6,1.3600,
,,,236.20001E-6,1.3520,
,,,236.40001E-6,1.3600,
,,,236.60001E-6,1.3600,
,,,236.80001E-6,1.3520,
,,,237.00001E-6,1.3520,
,,,237.20002E-6,1.3600,
,,,237.40000E-6,1.3520,
,,,237.60000E-6,1.3600,
,,,237.80001E-6,1.3600,
,,,238.00001E-6,1.3600,
,,,238.20001E-6,1.3520,
,,,238.40001E-6,1.3520,
,,,238.60001E-6,1.3520,
,,,238.80001E-6,1.3360,
,,,239.00002E-6,1.3520,
,,,239.20002E-6,1.3600,
,,,239.40000E-6,1.3600,
,,,239.60001E-6,1.3600,
,,,239.80001E-6,1.3680,
,,,240.00001E-6,1.3680,
,,,240.20001E-6,1.3600,
,,,240.40001E-6,1.3680,
,,,240.60001E-6,1.3520,
,,,240.80001E-6,1.3680,
,,,241.00002E-6,1.3600,
,,,241.20002E-6,1.3520,
,,,241.40000E-6,1.3520,
,,,241.60001E-6,1.3600,
,,,241.80001E-6,1.3600,
,,,242.00001E-6,1.3520,
,,,242.20001E-6,1.3680,
,,,242.40001E-6,1.3680,
,,,242.60001E-6,1.3760,
,,,242.80002E-6,1.3600,
,,,243.00002E-6,1.3520,
,,,243.20000E-6,1.3600,
,,,243.40001E-6,1.3520,
,,,243.60001E-6,1.3600,
,,,243.80001E-6,1.3520,
,,,244.00001E-6,1.3600,
,,,244.20000E-6,1.3520,
,,,244.40000E-6,1.3440,
,,,244.60000E-6,1.3520,
,,,244.80000E-6,1.3600,
,,,245.00000E-6,1.3600,
,,,245.20000E-6,1.3520,
,,,245.40001E-6,1.3600,
,,,245.60001E-6,1.3600,
,,,245.80001E-6,1.3600,
,,,246.00001E-6,1.3680,
,,,246.20001E-6,1.3520,
,,,246.40001E-6,1.3520,
,,,246.60002E-6,1.3680,
,,,246.80002E-6,1.3680,
,,,247.00002E-6,1.3520,
,,,247.20002E-6,1.3520,
,,,247.40002E-6,1.3680,
,,,247.60002E-6,1.3600,
,,,247.80002E-6,1.3600,
,,,248.00000E-6,1.3520,
,,,248.20000E-6,1.3760,
,,,248.40000E-6,1.3440,
,,,248.60000E-6,1.3680,
,,,248.80000E-6,1.3600,
,,,249.00000E-6,1.3680,
,,,249.20001E-6,1.3600,
,,,249.40001E-6,1.3600,
,,,249.60001E-6,1.3520,
,,,249.80001E-6,1.3520,
,,,250.00001E-6,1.3440,
,,,250.20001E-6,1.3440,
,,,250.40001E-6,1.3520,
,,,250.60002E-6,1.3600,
,,,250.80002E-6,1.3600,
,,,251.00002E-6,1.3440,
,,,251.20002E-6,1.3600,
,,,251.40002E-6,1.3600,
,,,251.60002E-6,1.3520,
,,,251.80000E-6,1.3520,
,,,252.00000E-6,1.3520,
,,,252.20000E-6,1.3600,
,,,252.40000E-6,1.3600,
,,,252.60000E-6,1.3520,
,,,252.80000E-6,1.3440,
,,,253.00001E-6,1.3520,
,,,253.20001E-6,1.3680,
,,,253.40001E-6,1.3600,
,,,253.60001E-6,1.3520,
,,,253.80001E-6,1.3600,
,,,254.00001E-6,1.3600,
,,,254.20001E-6,1.3520,
,,,254.40002E-6,1.3520,
,,,254.60002E-6,1.3440,
,,,254.80002E-6,1.3440,
,,,255.00002E-6,1.3520,
,,,255.20002E-6,1.3520,
,,,255.40002E-6,1.3520,
,,,255.60000E-6,1.3520,
,,,255.80000E-6,1.3600,
