Record Length,2500,Points,-4.12000E-6,-8.000000E-3,
Sample Interval,4.00000E-9,s,-4.11600E-6,-8.000000E-3,
Trigger Point,1.0300E3,Samples,-4.11200E-6,-8.000000E-3,
,,,-4.10800E-6,-8.000000E-3,
,,,-4.10400E-6,0.0,
,,,-4.10000E-6,-8.000000E-3,
Source,CH1,,-4.09600E-6,-8.000000E-3,
Vertical Units,Volts,,-4.09200E-6,0.0,
Vertical Scale,200.00001E-3,,-4.08800E-6,-8.000000E-3,
Vertical Offset,0,,-4.08400E-6,-8.000000E-3,
Horizontal Units,s,,-4.08000E-6,-8.000000E-3,
Horizontal Scale,1.000E-6,,-4.07600E-6,-8.000000E-3,
Pt Fmt,Y,,-4.07200E-6,-16.0000E-3,
Yzero,-3.28000,,-4.06800E-6,-16.0000E-3,
Probe Atten,10.0000,,-4.06400E-6,0.0,
,,,-4.06000E-6,-8.000000E-3,
Note,TDS 1001B - 2:12:44 PM   5/3/2018,,-4.05600E-6,-8.000000E-3,
,,,-4.05200E-6,0.0,
,,,-4.04800E-6,0.0,
,,,-4.04400E-6,8.000000E-3,
,,,-4.04000E-6,8.000000E-3,
,,,-4.03600E-6,0.0,
,,,-4.03200E-6,0.0,
,,,-4.02800E-6,0.0,
,,,-4.02400E-6,0.0,
,,,-4.02000E-6,-8.000000E-3,
,,,-4.01600E-6,-8.000000E-3,
,,,-4.01200E-6,0.0,
,,,-4.00800E-6,-8.000000E-3,
,,,-4.00400E-6,-8.000000E-3,
,,,-4.00000E-6,-8.000000E-3,
,,,-3.99600E-6,-16.0000E-3,
,,,-3.99200E-6,-8.000000E-3,
,,,-3.98800E-6,0.0,
,,,-3.98400E-6,-8.000000E-3,
,,,-3.98000E-6,0.0,
,,,-3.97600E-6,0.0,
,,,-3.97200E-6,-16.0000E-3,
,,,-3.96800E-6,-8.000000E-3,
,,,-3.96400E-6,-16.0000E-3,
,,,-3.96000E-6,0.0,
,,,-3.95600E-6,-8.000000E-3,
,,,-3.95200E-6,-8.000000E-3,
,,,-3.94800E-6,0.0,
,,,-3.94400E-6,0.0,
,,,-3.94000E-6,-8.000000E-3,
,,,-3.93600E-6,-8.000000E-3,
,,,-3.93200E-6,0.0,
,,,-3.92800E-6,0.0,
,,,-3.92400E-6,8.000000E-3,
,,,-3.92000E-6,8.000000E-3,
,,,-3.91600E-6,-8.000000E-3,
,,,-3.91200E-6,-16.0000E-3,
,,,-3.90800E-6,-8.000000E-3,
,,,-3.90400E-6,-8.000000E-3,
,,,-3.90000E-6,-8.000000E-3,
,,,-3.89600E-6,0.0,
,,,-3.89200E-6,0.0,
,,,-3.88800E-6,-8.000000E-3,
,,,-3.88400E-6,0.0,
,,,-3.88000E-6,0.0,
,,,-3.87600E-6,-8.000000E-3,
,,,-3.87200E-6,0.0,
,,,-3.86800E-6,0.0,
,,,-3.86400E-6,-8.000000E-3,
,,,-3.86000E-6,-16.0000E-3,
,,,-3.85600E-6,-16.0000E-3,
,,,-3.85200E-6,-8.000000E-3,
,,,-3.84800E-6,-16.0000E-3,
,,,-3.84400E-6,-8.000000E-3,
,,,-3.84000E-6,0.0,
,,,-3.83600E-6,-24.00000E-3,
,,,-3.83200E-6,8.000000E-3,
,,,-3.82800E-6,-8.000000E-3,
,,,-3.82400E-6,0.0,
,,,-3.82000E-6,0.0,
,,,-3.81600E-6,-8.000000E-3,
,,,-3.81200E-6,-8.000000E-3,
,,,-3.80800E-6,-16.0000E-3,
,,,-3.80400E-6,0.0,
,,,-3.80000E-6,-8.000000E-3,
,,,-3.79600E-6,0.0,
,,,-3.79200E-6,-8.000000E-3,
,,,-3.78800E-6,-8.000000E-3,
,,,-3.78400E-6,0.0,
,,,-3.78000E-6,-8.000000E-3,
,,,-3.77600E-6,0.0,
,,,-3.77200E-6,-8.000000E-3,
,,,-3.76800E-6,-8.000000E-3,
,,,-3.76400E-6,-8.000000E-3,
,,,-3.76000E-6,-8.000000E-3,
,,,-3.75600E-6,-8.000000E-3,
,,,-3.75200E-6,-8.000000E-3,
,,,-3.74800E-6,-8.000000E-3,
,,,-3.74400E-6,0.0,
,,,-3.74000E-6,-8.000000E-3,
,,,-3.73600E-6,-8.000000E-3,
,,,-3.73200E-6,-16.0000E-3,
,,,-3.72800E-6,0.0,
,,,-3.72400E-6,-8.000000E-3,
,,,-3.72000E-6,-8.000000E-3,
,,,-3.71600E-6,-16.0000E-3,
,,,-3.71200E-6,-16.0000E-3,
,,,-3.70800E-6,-8.000000E-3,
,,,-3.70400E-6,-16.0000E-3,
,,,-3.70000E-6,-8.000000E-3,
,,,-3.69600E-6,-8.000000E-3,
,,,-3.69200E-6,-24.00000E-3,
,,,-3.68800E-6,0.0,
,,,-3.68400E-6,-8.000000E-3,
,,,-3.68000E-6,-8.000000E-3,
,,,-3.67600E-6,-8.000000E-3,
,,,-3.67200E-6,-8.000000E-3,
,,,-3.66800E-6,0.0,
,,,-3.66400E-6,-16.0000E-3,
,,,-3.66000E-6,-8.000000E-3,
,,,-3.65600E-6,-8.000000E-3,
,,,-3.65200E-6,0.0,
,,,-3.64800E-6,-16.0000E-3,
,,,-3.64400E-6,0.0,
,,,-3.64000E-6,-16.0000E-3,
,,,-3.63600E-6,-8.000000E-3,
,,,-3.63200E-6,8.000000E-3,
,,,-3.62800E-6,-16.0000E-3,
,,,-3.62400E-6,-16.0000E-3,
,,,-3.62000E-6,-16.0000E-3,
,,,-3.61600E-6,0.0,
,,,-3.61200E-6,-24.00000E-3,
,,,-3.60800E-6,-8.000000E-3,
,,,-3.60400E-6,0.0,
,,,-3.60000E-6,-8.000000E-3,
,,,-3.59600E-6,-8.000000E-3,
,,,-3.59200E-6,0.0,
,,,-3.58800E-6,-16.0000E-3,
,,,-3.58400E-6,0.0,
,,,-3.58000E-6,-16.0000E-3,
,,,-3.57600E-6,-8.000000E-3,
,,,-3.57200E-6,-8.000000E-3,
,,,-3.56800E-6,0.0,
,,,-3.56400E-6,-8.000000E-3,
,,,-3.56000E-6,-16.0000E-3,
,,,-3.55600E-6,-8.000000E-3,
,,,-3.55200E-6,0.0,
,,,-3.54800E-6,-8.000000E-3,
,,,-3.54400E-6,-8.000000E-3,
,,,-3.54000E-6,0.0,
,,,-3.53600E-6,-8.000000E-3,
,,,-3.53200E-6,-24.00000E-3,
,,,-3.52800E-6,-8.000000E-3,
,,,-3.52400E-6,-16.0000E-3,
,,,-3.52000E-6,-16.0000E-3,
,,,-3.51600E-6,-8.000000E-3,
,,,-3.51200E-6,-8.000000E-3,
,,,-3.50800E-6,-8.000000E-3,
,,,-3.50400E-6,-8.000000E-3,
,,,-3.50000E-6,-16.0000E-3,
,,,-3.49600E-6,0.0,
,,,-3.49200E-6,8.000000E-3,
,,,-3.48800E-6,-16.0000E-3,
,,,-3.48400E-6,-8.000000E-3,
,,,-3.48000E-6,-16.0000E-3,
,,,-3.47600E-6,-16.0000E-3,
,,,-3.47200E-6,-16.0000E-3,
,,,-3.46800E-6,0.0,
,,,-3.46400E-6,-8.000000E-3,
,,,-3.46000E-6,-8.000000E-3,
,,,-3.45600E-6,-8.000000E-3,
,,,-3.45200E-6,-16.0000E-3,
,,,-3.44800E-6,-8.000000E-3,
,,,-3.44400E-6,-8.000000E-3,
,,,-3.44000E-6,-16.0000E-3,
,,,-3.43600E-6,0.0,
,,,-3.43200E-6,8.000000E-3,
,,,-3.42800E-6,-8.000000E-3,
,,,-3.42400E-6,0.0,
,,,-3.42000E-6,-8.000000E-3,
,,,-3.41600E-6,-8.000000E-3,
,,,-3.41200E-6,-8.000000E-3,
,,,-3.40800E-6,-16.0000E-3,
,,,-3.40400E-6,-16.0000E-3,
,,,-3.40000E-6,0.0,
,,,-3.39600E-6,0.0,
,,,-3.39200E-6,-8.000000E-3,
,,,-3.38800E-6,0.0,
,,,-3.38400E-6,0.0,
,,,-3.38000E-6,-8.000000E-3,
,,,-3.37600E-6,-8.000000E-3,
,,,-3.37200E-6,0.0,
,,,-3.36800E-6,0.0,
,,,-3.36400E-6,-8.000000E-3,
,,,-3.36000E-6,-8.000000E-3,
,,,-3.35600E-6,-8.000000E-3,
,,,-3.35200E-6,0.0,
,,,-3.34800E-6,8.000000E-3,
,,,-3.34400E-6,-8.000000E-3,
,,,-3.34000E-6,-8.000000E-3,
,,,-3.33600E-6,-8.000000E-3,
,,,-3.33200E-6,0.0,
,,,-3.32800E-6,-8.000000E-3,
,,,-3.32400E-6,-8.000000E-3,
,,,-3.32000E-6,-8.000000E-3,
,,,-3.31600E-6,0.0,
,,,-3.31200E-6,-24.00000E-3,
,,,-3.30800E-6,-8.000000E-3,
,,,-3.30400E-6,-16.0000E-3,
,,,-3.30000E-6,-8.000000E-3,
,,,-3.29600E-6,-24.00000E-3,
,,,-3.29200E-6,8.000000E-3,
,,,-3.28800E-6,-16.0000E-3,
,,,-3.28400E-6,-16.0000E-3,
,,,-3.28000E-6,0.0,
,,,-3.27600E-6,0.0,
,,,-3.27200E-6,-8.000000E-3,
,,,-3.26800E-6,-8.000000E-3,
,,,-3.26400E-6,0.0,
,,,-3.26000E-6,0.0,
,,,-3.25600E-6,-16.0000E-3,
,,,-3.25200E-6,-16.0000E-3,
,,,-3.24800E-6,0.0,
,,,-3.24400E-6,0.0,
,,,-3.24000E-6,-8.000000E-3,
,,,-3.23600E-6,-8.000000E-3,
,,,-3.23200E-6,0.0,
,,,-3.22800E-6,-8.000000E-3,
,,,-3.22400E-6,-8.000000E-3,
,,,-3.22000E-6,-8.000000E-3,
,,,-3.21600E-6,-16.0000E-3,
,,,-3.21200E-6,0.0,
,,,-3.20800E-6,0.0,
,,,-3.20400E-6,-8.000000E-3,
,,,-3.20000E-6,-16.0000E-3,
,,,-3.19600E-6,-16.0000E-3,
,,,-3.19200E-6,-16.0000E-3,
,,,-3.18800E-6,-8.000000E-3,
,,,-3.18400E-6,-8.000000E-3,
,,,-3.18000E-6,-8.000000E-3,
,,,-3.17600E-6,-8.000000E-3,
,,,-3.17200E-6,-16.0000E-3,
,,,-3.16800E-6,-8.000000E-3,
,,,-3.16400E-6,-16.0000E-3,
,,,-3.16000E-6,0.0,
,,,-3.15600E-6,-16.0000E-3,
,,,-3.15200E-6,-8.000000E-3,
,,,-3.14800E-6,-16.0000E-3,
,,,-3.14400E-6,-8.000000E-3,
,,,-3.14000E-6,0.0,
,,,-3.13600E-6,0.0,
,,,-3.13200E-6,0.0,
,,,-3.12800E-6,0.0,
,,,-3.12400E-6,-8.000000E-3,
,,,-3.12000E-6,0.0,
,,,-3.11600E-6,-8.000000E-3,
,,,-3.11200E-6,-8.000000E-3,
,,,-3.10800E-6,-16.0000E-3,
,,,-3.10400E-6,-16.0000E-3,
,,,-3.10000E-6,-8.000000E-3,
,,,-3.09600E-6,-8.000000E-3,
,,,-3.09200E-6,-8.000000E-3,
,,,-3.08800E-6,-32.00000E-3,
,,,-3.08400E-6,-16.0000E-3,
,,,-3.08000E-6,-24.00000E-3,
,,,-3.07600E-6,-8.000000E-3,
,,,-3.07200E-6,0.0,
,,,-3.06800E-6,-8.000000E-3,
,,,-3.06400E-6,0.0,
,,,-3.06000E-6,-8.000000E-3,
,,,-3.05600E-6,-16.0000E-3,
,,,-3.05200E-6,-8.000000E-3,
,,,-3.04800E-6,-8.000000E-3,
,,,-3.04400E-6,-8.000000E-3,
,,,-3.04000E-6,-8.000000E-3,
,,,-3.03600E-6,-8.000000E-3,
,,,-3.03200E-6,-8.000000E-3,
,,,-3.02800E-6,0.0,
,,,-3.02400E-6,-8.000000E-3,
,,,-3.02000E-6,-16.0000E-3,
,,,-3.01600E-6,-16.0000E-3,
,,,-3.01200E-6,0.0,
,,,-3.00800E-6,-8.000000E-3,
,,,-3.00400E-6,0.0,
,,,-3.00000E-6,0.0,
,,,-2.99600E-6,-8.000000E-3,
,,,-2.99200E-6,0.0,
,,,-2.98800E-6,0.0,
,,,-2.98400E-6,-8.000000E-3,
,,,-2.98000E-6,-8.000000E-3,
,,,-2.97600E-6,-8.000000E-3,
,,,-2.97200E-6,-8.000000E-3,
,,,-2.96800E-6,-8.000000E-3,
,,,-2.96400E-6,-8.000000E-3,
,,,-2.96000E-6,0.0,
,,,-2.95600E-6,0.0,
,,,-2.95200E-6,0.0,
,,,-2.94800E-6,-16.0000E-3,
,,,-2.94400E-6,0.0,
,,,-2.94000E-6,-8.000000E-3,
,,,-2.93600E-6,0.0,
,,,-2.93200E-6,-8.000000E-3,
,,,-2.92800E-6,-8.000000E-3,
,,,-2.92400E-6,-16.0000E-3,
,,,-2.92000E-6,-8.000000E-3,
,,,-2.91600E-6,-8.000000E-3,
,,,-2.91200E-6,-8.000000E-3,
,,,-2.90800E-6,-8.000000E-3,
,,,-2.90400E-6,-16.0000E-3,
,,,-2.90000E-6,-16.0000E-3,
,,,-2.89600E-6,-8.000000E-3,
,,,-2.89200E-6,-8.000000E-3,
,,,-2.88800E-6,-8.000000E-3,
,,,-2.88400E-6,0.0,
,,,-2.88000E-6,-8.000000E-3,
,,,-2.87600E-6,0.0,
,,,-2.87200E-6,0.0,
,,,-2.86800E-6,0.0,
,,,-2.86400E-6,-8.000000E-3,
,,,-2.86000E-6,8.000000E-3,
,,,-2.85600E-6,-8.000000E-3,
,,,-2.85200E-6,-8.000000E-3,
,,,-2.84800E-6,0.0,
,,,-2.84400E-6,0.0,
,,,-2.84000E-6,-8.000000E-3,
,,,-2.83600E-6,0.0,
,,,-2.83200E-6,-16.0000E-3,
,,,-2.82800E-6,-8.000000E-3,
,,,-2.82400E-6,0.0,
,,,-2.82000E-6,-16.0000E-3,
,,,-2.81600E-6,0.0,
,,,-2.81200E-6,-8.000000E-3,
,,,-2.80800E-6,-8.000000E-3,
,,,-2.80400E-6,-8.000000E-3,
,,,-2.80000E-6,-8.000000E-3,
,,,-2.79600E-6,-8.000000E-3,
,,,-2.79200E-6,8.000000E-3,
,,,-2.78800E-6,0.0,
,,,-2.78400E-6,-8.000000E-3,
,,,-2.78000E-6,-8.000000E-3,
,,,-2.77600E-6,0.0,
,,,-2.77200E-6,-8.000000E-3,
,,,-2.76800E-6,-8.000000E-3,
,,,-2.76400E-6,0.0,
,,,-2.76000E-6,-8.000000E-3,
,,,-2.75600E-6,0.0,
,,,-2.75200E-6,-8.000000E-3,
,,,-2.74800E-6,0.0,
,,,-2.74400E-6,8.000000E-3,
,,,-2.74000E-6,-8.000000E-3,
,,,-2.73600E-6,0.0,
,,,-2.73200E-6,0.0,
,,,-2.72800E-6,-8.000000E-3,
,,,-2.72400E-6,0.0,
,,,-2.72000E-6,0.0,
,,,-2.7160E-6,-8.000000E-3,
,,,-2.7120E-6,-8.000000E-3,
,,,-2.7080E-6,-8.000000E-3,
,,,-2.7040E-6,0.0,
,,,-2.7000E-6,0.0,
,,,-2.6960E-6,8.000000E-3,
,,,-2.6920E-6,0.0,
,,,-2.6880E-6,-16.0000E-3,
,,,-2.6840E-6,-8.000000E-3,
,,,-2.6800E-6,-8.000000E-3,
,,,-2.6760E-6,0.0,
,,,-2.6720E-6,0.0,
,,,-2.6680E-6,0.0,
,,,-2.6640E-6,0.0,
,,,-2.6600E-6,-8.000000E-3,
,,,-2.6560E-6,-8.000000E-3,
,,,-2.6520E-6,-16.0000E-3,
,,,-2.6480E-6,-8.000000E-3,
,,,-2.6440E-6,0.0,
,,,-2.6400E-6,-8.000000E-3,
,,,-2.6360E-6,-8.000000E-3,
,,,-2.6320E-6,-16.0000E-3,
,,,-2.6280E-6,-16.0000E-3,
,,,-2.6240E-6,-16.0000E-3,
,,,-2.6200E-6,-8.000000E-3,
,,,-2.6160E-6,0.0,
,,,-2.6120E-6,-8.000000E-3,
,,,-2.6080E-6,0.0,
,,,-2.6040E-6,-8.000000E-3,
,,,-2.6000E-6,-16.0000E-3,
,,,-2.5960E-6,-8.000000E-3,
,,,-2.5920E-6,0.0,
,,,-2.5880E-6,0.0,
,,,-2.5840E-6,-8.000000E-3,
,,,-2.5800E-6,-8.000000E-3,
,,,-2.5760E-6,0.0,
,,,-2.5720E-6,0.0,
,,,-2.5680E-6,-8.000000E-3,
,,,-2.5640E-6,0.0,
,,,-2.5600E-6,0.0,
,,,-2.5560E-6,-8.000000E-3,
,,,-2.5520E-6,-8.000000E-3,
,,,-2.5480E-6,0.0,
,,,-2.5440E-6,-8.000000E-3,
,,,-2.5400E-6,-8.000000E-3,
,,,-2.5360E-6,-8.000000E-3,
,,,-2.5320E-6,8.000000E-3,
,,,-2.5280E-6,-8.000000E-3,
,,,-2.5240E-6,0.0,
,,,-2.5200E-6,0.0,
,,,-2.5160E-6,-8.000000E-3,
,,,-2.5120E-6,-8.000000E-3,
,,,-2.5080E-6,-8.000000E-3,
,,,-2.5040E-6,-8.000000E-3,
,,,-2.5000E-6,8.000000E-3,
,,,-2.4960E-6,-16.0000E-3,
,,,-2.4920E-6,-16.0000E-3,
,,,-2.4880E-6,8.000000E-3,
,,,-2.4840E-6,0.0,
,,,-2.4800E-6,0.0,
,,,-2.4760E-6,0.0,
,,,-2.4720E-6,0.0,
,,,-2.4680E-6,8.000000E-3,
,,,-2.4640E-6,0.0,
,,,-2.4600E-6,0.0,
,,,-2.4560E-6,0.0,
,,,-2.4520E-6,0.0,
,,,-2.4480E-6,0.0,
,,,-2.4440E-6,-8.000000E-3,
,,,-2.4400E-6,-8.000000E-3,
,,,-2.4360E-6,-8.000000E-3,
,,,-2.4320E-6,-8.000000E-3,
,,,-2.4280E-6,-8.000000E-3,
,,,-2.4240E-6,-16.0000E-3,
,,,-2.4200E-6,0.0,
,,,-2.4160E-6,0.0,
,,,-2.4120E-6,-16.0000E-3,
,,,-2.4080E-6,-8.000000E-3,
,,,-2.4040E-6,-8.000000E-3,
,,,-2.4000E-6,-16.0000E-3,
,,,-2.3960E-6,8.000000E-3,
,,,-2.3920E-6,0.0,
,,,-2.3880E-6,-8.000000E-3,
,,,-2.3840E-6,-16.0000E-3,
,,,-2.3800E-6,0.0,
,,,-2.3760E-6,-8.000000E-3,
,,,-2.3720E-6,-16.0000E-3,
,,,-2.3680E-6,0.0,
,,,-2.3640E-6,0.0,
,,,-2.3600E-6,0.0,
,,,-2.3560E-6,-8.000000E-3,
,,,-2.3520E-6,0.0,
,,,-2.3480E-6,0.0,
,,,-2.3440E-6,0.0,
,,,-2.3400E-6,0.0,
,,,-2.3360E-6,-8.000000E-3,
,,,-2.3320E-6,-8.000000E-3,
,,,-2.3280E-6,-8.000000E-3,
,,,-2.3240E-6,0.0,
,,,-2.3200E-6,0.0,
,,,-2.3160E-6,-8.000000E-3,
,,,-2.3120E-6,0.0,
,,,-2.3080E-6,-8.000000E-3,
,,,-2.3040E-6,-16.0000E-3,
,,,-2.3000E-6,0.0,
,,,-2.2960E-6,-8.000000E-3,
,,,-2.2920E-6,0.0,
,,,-2.2880E-6,-8.000000E-3,
,,,-2.2840E-6,-8.000000E-3,
,,,-2.2800E-6,-8.000000E-3,
,,,-2.2760E-6,0.0,
,,,-2.2720E-6,0.0,
,,,-2.2680E-6,-8.000000E-3,
,,,-2.2640E-6,-16.0000E-3,
,,,-2.2600E-6,-8.000000E-3,
,,,-2.2560E-6,-8.000000E-3,
,,,-2.2520E-6,-24.00000E-3,
,,,-2.2480E-6,-8.000000E-3,
,,,-2.2440E-6,-8.000000E-3,
,,,-2.2400E-6,-8.000000E-3,
,,,-2.2360E-6,0.0,
,,,-2.2320E-6,-8.000000E-3,
,,,-2.2280E-6,-8.000000E-3,
,,,-2.2240E-6,-8.000000E-3,
,,,-2.2200E-6,0.0,
,,,-2.2160E-6,-8.000000E-3,
,,,-2.2120E-6,-8.000000E-3,
,,,-2.2080E-6,-8.000000E-3,
,,,-2.2040E-6,-16.0000E-3,
,,,-2.2000E-6,-16.0000E-3,
,,,-2.1960E-6,-8.000000E-3,
,,,-2.1920E-6,0.0,
,,,-2.1880E-6,-8.000000E-3,
,,,-2.1840E-6,0.0,
,,,-2.1800E-6,-8.000000E-3,
,,,-2.1760E-6,-8.000000E-3,
,,,-2.1720E-6,0.0,
,,,-2.1680E-6,-8.000000E-3,
,,,-2.1640E-6,0.0,
,,,-2.1600E-6,-8.000000E-3,
,,,-2.1560E-6,-8.000000E-3,
,,,-2.1520E-6,-8.000000E-3,
,,,-2.1480E-6,0.0,
,,,-2.1440E-6,0.0,
,,,-2.1400E-6,-16.0000E-3,
,,,-2.1360E-6,-8.000000E-3,
,,,-2.1320E-6,-16.0000E-3,
,,,-2.1280E-6,8.000000E-3,
,,,-2.1240E-6,-16.0000E-3,
,,,-2.1200E-6,-8.000000E-3,
,,,-2.1160E-6,0.0,
,,,-2.1120E-6,-8.000000E-3,
,,,-2.1080E-6,-16.0000E-3,
,,,-2.1040E-6,-8.000000E-3,
,,,-2.1000E-6,-8.000000E-3,
,,,-2.0960E-6,0.0,
,,,-2.0920E-6,-8.000000E-3,
,,,-2.0880E-6,-8.000000E-3,
,,,-2.0840E-6,0.0,
,,,-2.0800E-6,-16.0000E-3,
,,,-2.0760E-6,-8.000000E-3,
,,,-2.0720E-6,0.0,
,,,-2.0680E-6,-16.0000E-3,
,,,-2.0640E-6,-16.0000E-3,
,,,-2.0600E-6,-8.000000E-3,
,,,-2.0560E-6,-8.000000E-3,
,,,-2.0520E-6,-8.000000E-3,
,,,-2.0480E-6,0.0,
,,,-2.0440E-6,-8.000000E-3,
,,,-2.0400E-6,-8.000000E-3,
,,,-2.0360E-6,-16.0000E-3,
,,,-2.0320E-6,-8.000000E-3,
,,,-2.0280E-6,-8.000000E-3,
,,,-2.0240E-6,0.0,
,,,-2.0200E-6,0.0,
,,,-2.0160E-6,0.0,
,,,-2.0120E-6,0.0,
,,,-2.0080E-6,0.0,
,,,-2.0040E-6,-16.0000E-3,
,,,-2.0000E-6,-8.000000E-3,
,,,-1.9960E-6,-16.0000E-3,
,,,-1.9920E-6,-8.000000E-3,
,,,-1.9880E-6,-16.0000E-3,
,,,-1.9840E-6,-8.000000E-3,
,,,-1.9800E-6,-8.000000E-3,
,,,-1.9760E-6,-8.000000E-3,
,,,-1.9720E-6,0.0,
,,,-1.9680E-6,-8.000000E-3,
,,,-1.9640E-6,0.0,
,,,-1.9600E-6,-8.000000E-3,
,,,-1.9560E-6,0.0,
,,,-1.9520E-6,0.0,
,,,-1.9480E-6,-8.000000E-3,
,,,-1.9440E-6,-8.000000E-3,
,,,-1.9400E-6,-8.000000E-3,
,,,-1.9360E-6,-8.000000E-3,
,,,-1.9320E-6,0.0,
,,,-1.9280E-6,-8.000000E-3,
,,,-1.9240E-6,0.0,
,,,-1.9200E-6,-8.000000E-3,
,,,-1.9160E-6,-8.000000E-3,
,,,-1.9120E-6,-8.000000E-3,
,,,-1.9080E-6,0.0,
,,,-1.9040E-6,0.0,
,,,-1.9000E-6,-8.000000E-3,
,,,-1.8960E-6,-8.000000E-3,
,,,-1.8920E-6,-8.000000E-3,
,,,-1.8880E-6,-8.000000E-3,
,,,-1.8840E-6,0.0,
,,,-1.8800E-6,0.0,
,,,-1.8760E-6,0.0,
,,,-1.8720E-6,0.0,
,,,-1.8680E-6,0.0,
,,,-1.8640E-6,0.0,
,,,-1.8600E-6,0.0,
,,,-1.8560E-6,-16.0000E-3,
,,,-1.8520E-6,8.000000E-3,
,,,-1.8480E-6,0.0,
,,,-1.8440E-6,-8.000000E-3,
,,,-1.8400E-6,-8.000000E-3,
,,,-1.8360E-6,-8.000000E-3,
,,,-1.8320E-6,-8.000000E-3,
,,,-1.8280E-6,-24.00000E-3,
,,,-1.8240E-6,0.0,
,,,-1.8200E-6,0.0,
,,,-1.8160E-6,-8.000000E-3,
,,,-1.8120E-6,-16.0000E-3,
,,,-1.8080E-6,-8.000000E-3,
,,,-1.8040E-6,-16.0000E-3,
,,,-1.8000E-6,0.0,
,,,-1.7960E-6,-8.000000E-3,
,,,-1.7920E-6,-16.0000E-3,
,,,-1.7880E-6,-16.0000E-3,
,,,-1.7840E-6,0.0,
,,,-1.7800E-6,-16.0000E-3,
,,,-1.7760E-6,-8.000000E-3,
,,,-1.7720E-6,-8.000000E-3,
,,,-1.7680E-6,0.0,
,,,-1.7640E-6,0.0,
,,,-1.7600E-6,-8.000000E-3,
,,,-1.7560E-6,-8.000000E-3,
,,,-1.7520E-6,-16.0000E-3,
,,,-1.7480E-6,-8.000000E-3,
,,,-1.7440E-6,-16.0000E-3,
,,,-1.7400E-6,0.0,
,,,-1.7360E-6,0.0,
,,,-1.7320E-6,-8.000000E-3,
,,,-1.7280E-6,-16.0000E-3,
,,,-1.7240E-6,0.0,
,,,-1.7200E-6,-8.000000E-3,
,,,-1.7160E-6,-16.0000E-3,
,,,-1.7120E-6,-16.0000E-3,
,,,-1.7080E-6,8.000000E-3,
,,,-1.7040E-6,-8.000000E-3,
,,,-1.7000E-6,0.0,
,,,-1.6960E-6,-8.000000E-3,
,,,-1.6920E-6,0.0,
,,,-1.6880E-6,-8.000000E-3,
,,,-1.6840E-6,-16.0000E-3,
,,,-1.6800E-6,-8.000000E-3,
,,,-1.6760E-6,0.0,
,,,-1.6720E-6,0.0,
,,,-1.6680E-6,-8.000000E-3,
,,,-1.6640E-6,0.0,
,,,-1.6600E-6,-8.000000E-3,
,,,-1.6560E-6,-8.000000E-3,
,,,-1.6520E-6,0.0,
,,,-1.6480E-6,-8.000000E-3,
,,,-1.6440E-6,0.0,
,,,-1.6400E-6,-8.000000E-3,
,,,-1.6360E-6,-8.000000E-3,
,,,-1.6320E-6,-16.0000E-3,
,,,-1.6280E-6,0.0,
,,,-1.6240E-6,0.0,
,,,-1.6200E-6,-16.0000E-3,
,,,-1.6160E-6,0.0,
,,,-1.6120E-6,0.0,
,,,-1.6080E-6,-8.000000E-3,
,,,-1.6040E-6,0.0,
,,,-1.6000E-6,-8.000000E-3,
,,,-1.5960E-6,-8.000000E-3,
,,,-1.5920E-6,-8.000000E-3,
,,,-1.5880E-6,0.0,
,,,-1.5840E-6,-8.000000E-3,
,,,-1.5800E-6,-8.000000E-3,
,,,-1.5760E-6,-8.000000E-3,
,,,-1.5720E-6,-8.000000E-3,
,,,-1.5680E-6,-8.000000E-3,
,,,-1.5640E-6,-8.000000E-3,
,,,-1.5600E-6,-8.000000E-3,
,,,-1.5560E-6,-8.000000E-3,
,,,-1.5520E-6,0.0,
,,,-1.5480E-6,8.000000E-3,
,,,-1.5440E-6,0.0,
,,,-1.5400E-6,-8.000000E-3,
,,,-1.5360E-6,-16.0000E-3,
,,,-1.5320E-6,0.0,
,,,-1.5280E-6,0.0,
,,,-1.5240E-6,0.0,
,,,-1.5200E-6,-8.000000E-3,
,,,-1.5160E-6,-16.0000E-3,
,,,-1.5120E-6,0.0,
,,,-1.5080E-6,-8.000000E-3,
,,,-1.5040E-6,-24.00000E-3,
,,,-1.5000E-6,-32.00000E-3,
,,,-1.4960E-6,-8.000000E-3,
,,,-1.4920E-6,-8.000000E-3,
,,,-1.4880E-6,-8.000000E-3,
,,,-1.4840E-6,-8.000000E-3,
,,,-1.4800E-6,0.0,
,,,-1.4760E-6,-16.0000E-3,
,,,-1.4720E-6,-8.000000E-3,
,,,-1.4680E-6,-8.000000E-3,
,,,-1.4640E-6,8.000000E-3,
,,,-1.4600E-6,-16.0000E-3,
,,,-1.4560E-6,8.000000E-3,
,,,-1.4520E-6,16.0000E-3,
,,,-1.4480E-6,0.0,
,,,-1.4440E-6,0.0,
,,,-1.4400E-6,-8.000000E-3,
,,,-1.4360E-6,-8.000000E-3,
,,,-1.4320E-6,-8.000000E-3,
,,,-1.4280E-6,-8.000000E-3,
,,,-1.4240E-6,0.0,
,,,-1.4200E-6,0.0,
,,,-1.4160E-6,-8.000000E-3,
,,,-1.4120E-6,-8.000000E-3,
,,,-1.4080E-6,0.0,
,,,-1.4040E-6,8.000000E-3,
,,,-1.4000E-6,0.0,
,,,-1.3960E-6,-8.000000E-3,
,,,-1.3920E-6,-16.0000E-3,
,,,-1.3880E-6,0.0,
,,,-1.3840E-6,0.0,
,,,-1.3800E-6,-8.000000E-3,
,,,-1.3760E-6,-16.0000E-3,
,,,-1.3720E-6,0.0,
,,,-1.3680E-6,-8.000000E-3,
,,,-1.3640E-6,-8.000000E-3,
,,,-1.3600E-6,-8.000000E-3,
,,,-1.3560E-6,-8.000000E-3,
,,,-1.3520E-6,0.0,
,,,-1.3480E-6,0.0,
,,,-1.3440E-6,0.0,
,,,-1.3400E-6,-8.000000E-3,
,,,-1.3360E-6,-8.000000E-3,
,,,-1.3320E-6,-8.000000E-3,
,,,-1.3280E-6,-8.000000E-3,
,,,-1.3240E-6,-8.000000E-3,
,,,-1.3200E-6,-8.000000E-3,
,,,-1.3160E-6,-8.000000E-3,
,,,-1.3120E-6,8.000000E-3,
,,,-1.3080E-6,-8.000000E-3,
,,,-1.3040E-6,0.0,
,,,-1.3000E-6,-16.0000E-3,
,,,-1.2960E-6,0.0,
,,,-1.2920E-6,0.0,
,,,-1.2880E-6,-8.000000E-3,
,,,-1.2840E-6,-8.000000E-3,
,,,-1.2800E-6,0.0,
,,,-1.2760E-6,8.000000E-3,
,,,-1.2720E-6,8.000000E-3,
,,,-1.2680E-6,0.0,
,,,-1.2640E-6,0.0,
,,,-1.2600E-6,0.0,
,,,-1.2560E-6,0.0,
,,,-1.2520E-6,0.0,
,,,-1.2480E-6,0.0,
,,,-1.2440E-6,-8.000000E-3,
,,,-1.2400E-6,0.0,
,,,-1.2360E-6,0.0,
,,,-1.2320E-6,0.0,
,,,-1.2280E-6,0.0,
,,,-1.2240E-6,0.0,
,,,-1.2200E-6,0.0,
,,,-1.2160E-6,8.000000E-3,
,,,-1.2120E-6,-8.000000E-3,
,,,-1.2080E-6,16.0000E-3,
,,,-1.2040E-6,0.0,
,,,-1.2000E-6,0.0,
,,,-1.1960E-6,0.0,
,,,-1.1920E-6,0.0,
,,,-1.1880E-6,0.0,
,,,-1.1840E-6,0.0,
,,,-1.1800E-6,0.0,
,,,-1.1760E-6,-8.000000E-3,
,,,-1.1720E-6,0.0,
,,,-1.1680E-6,-8.000000E-3,
,,,-1.1640E-6,-8.000000E-3,
,,,-1.1600E-6,0.0,
,,,-1.1560E-6,0.0,
,,,-1.1520E-6,0.0,
,,,-1.1480E-6,-8.000000E-3,
,,,-1.1440E-6,0.0,
,,,-1.1400E-6,8.000000E-3,
,,,-1.1360E-6,-8.000000E-3,
,,,-1.1320E-6,-8.000000E-3,
,,,-1.1280E-6,-8.000000E-3,
,,,-1.1240E-6,-8.000000E-3,
,,,-1.1200E-6,0.0,
,,,-1.1160E-6,0.0,
,,,-1.1120E-6,8.000000E-3,
,,,-1.1080E-6,0.0,
,,,-1.1040E-6,-8.000000E-3,
,,,-1.1000E-6,-8.000000E-3,
,,,-1.0960E-6,-8.000000E-3,
,,,-1.0920E-6,0.0,
,,,-1.0880E-6,0.0,
,,,-1.0840E-6,0.0,
,,,-1.0800E-6,8.000000E-3,
,,,-1.0760E-6,-8.000000E-3,
,,,-1.0720E-6,-8.000000E-3,
,,,-1.0680E-6,16.0000E-3,
,,,-1.0640E-6,0.0,
,,,-1.0600E-6,0.0,
,,,-1.0560E-6,0.0,
,,,-1.0520E-6,-8.000000E-3,
,,,-1.0480E-6,-8.000000E-3,
,,,-1.0440E-6,-8.000000E-3,
,,,-1.0400E-6,0.0,
,,,-1.0360E-6,0.0,
,,,-1.0320E-6,-8.000000E-3,
,,,-1.0280E-6,-8.000000E-3,
,,,-1.0240E-6,0.0,
,,,-1.0200E-6,0.0,
,,,-1.0160E-6,0.0,
,,,-1.0120E-6,-8.000000E-3,
,,,-1.0080E-6,0.0,
,,,-1.0040E-6,-16.0000E-3,
,,,-1.0000E-6,-8.000000E-3,
,,,-996.000153E-9,0.0,
,,,-992.000196E-9,0.0,
,,,-988.000124E-9,0.0,
,,,-984.000167E-9,8.000000E-3,
,,,-980.000209E-9,0.0,
,,,-976.000138E-9,-8.000000E-3,
,,,-972.000180E-9,0.0,
,,,-968.000222E-9,-8.000000E-3,
,,,-964.000151E-9,-8.000000E-3,
,,,-960.000193E-9,-8.000000E-3,
,,,-956.000122E-9,-8.000000E-3,
,,,-952.000164E-9,-8.000000E-3,
,,,-948.000149E-9,0.0,
,,,-944.000192E-9,0.0,
,,,-940.000177E-9,8.000000E-3,
,,,-936.000163E-9,0.0,
,,,-932.000148E-9,-8.000000E-3,
,,,-928.000190E-9,0.0,
,,,-924.000176E-9,-8.000000E-3,
,,,-920.000161E-9,-16.0000E-3,
,,,-916.000204E-9,-8.000000E-3,
,,,-912.000189E-9,0.0,
,,,-908.000175E-9,0.0,
,,,-904.000160E-9,0.0,
,,,-900.000202E-9,0.0,
,,,-896.000188E-9,-8.000000E-3,
,,,-892.000173E-9,0.0,
,,,-888.000159E-9,0.0,
,,,-884.000201E-9,0.0,
,,,-880.000186E-9,0.0,
,,,-876.000172E-9,0.0,
,,,-872.000157E-9,-8.000000E-3,
,,,-868.000200E-9,0.0,
,,,-864.000185E-9,0.0,
,,,-860.000171E-9,0.0,
,,,-856.000156E-9,8.000000E-3,
,,,-852.000198E-9,0.0,
,,,-848.000184E-9,-8.000000E-3,
,,,-844.000169E-9,0.0,
,,,-840.000155E-9,-8.000000E-3,
,,,-836.000197E-9,0.0,
,,,-832.000183E-9,8.000000E-3,
,,,-828.000168E-9,0.0,
,,,-824.000153E-9,0.0,
,,,-820.000196E-9,0.0,
,,,-816.000181E-9,0.0,
,,,-812.000167E-9,0.0,
,,,-808.000152E-9,8.000000E-3,
,,,-804.000194E-9,0.0,
,,,-800.000180E-9,-8.000000E-3,
,,,-796.000165E-9,-8.000000E-3,
,,,-792.000151E-9,-16.0000E-3,
,,,-788.000193E-9,-16.0000E-3,
,,,-784.000179E-9,-8.000000E-3,
,,,-780.000164E-9,-8.000000E-3,
,,,-776.000206E-9,-16.0000E-3,
,,,-772.000192E-9,0.0,
,,,-768.000177E-9,0.0,
,,,-764.000163E-9,0.0,
,,,-760.000205E-9,0.0,
,,,-756.000190E-9,0.0,
,,,-752.000176E-9,8.000000E-3,
,,,-748.000161E-9,0.0,
,,,-744.000204E-9,-8.000000E-3,
,,,-740.000189E-9,-16.0000E-3,
,,,-736.000175E-9,-8.000000E-3,
,,,-732.000160E-9,0.0,
,,,-728.000202E-9,-8.000000E-3,
,,,-724.000188E-9,0.0,
,,,-720.000173E-9,8.000000E-3,
,,,-716.000159E-9,8.000000E-3,
,,,-712.000201E-9,8.000000E-3,
,,,-708.000186E-9,0.0,
,,,-704.000172E-9,8.000000E-3,
,,,-700.000157E-9,0.0,
,,,-696.000200E-9,0.0,
,,,-692.000185E-9,0.0,
,,,-688.000171E-9,8.000000E-3,
,,,-684.000156E-9,-8.000000E-3,
,,,-680.000198E-9,-8.000000E-3,
,,,-676.000184E-9,-8.000000E-3,
,,,-672.000169E-9,0.0,
,,,-668.000155E-9,-16.0000E-3,
,,,-664.000197E-9,8.000000E-3,
,,,-660.000183E-9,0.0,
,,,-656.000168E-9,0.0,
,,,-652.000210E-9,0.0,
,,,-648.000196E-9,8.000000E-3,
,,,-644.000181E-9,0.0,
,,,-640.000167E-9,0.0,
,,,-636.000209E-9,8.000000E-3,
,,,-632.000194E-9,8.000000E-3,
,,,-628.000180E-9,8.000000E-3,
,,,-624.000165E-9,0.0,
,,,-620.000208E-9,0.0,
,,,-616.000193E-9,8.000000E-3,
,,,-612.000179E-9,16.0000E-3,
,,,-608.000164E-9,8.000000E-3,
,,,-604.000206E-9,0.0,
,,,-600.000192E-9,8.000000E-3,
,,,-596.000177E-9,16.0000E-3,
,,,-592.000163E-9,0.0,
,,,-588.000205E-9,8.000000E-3,
,,,-584.000190E-9,8.000000E-3,
,,,-580.000176E-9,8.000000E-3,
,,,-576.000161E-9,16.0000E-3,
,,,-572.000204E-9,8.000000E-3,
,,,-568.000189E-9,24.00000E-3,
,,,-564.000175E-9,8.000000E-3,
,,,-560.000160E-9,16.0000E-3,
,,,-556.000202E-9,8.000000E-3,
,,,-552.000188E-9,8.000000E-3,
,,,-548.000173E-9,16.0000E-3,
,,,-544.000159E-9,24.00000E-3,
,,,-540.000201E-9,16.0000E-3,
,,,-536.000186E-9,24.00000E-3,
,,,-532.000172E-9,24.00000E-3,
,,,-528.000214E-9,16.0000E-3,
,,,-524.000200E-9,8.000000E-3,
,,,-520.000185E-9,24.00000E-3,
,,,-516.000171E-9,16.0000E-3,
,,,-512.000213E-9,24.00000E-3,
,,,-508.000198E-9,16.0000E-3,
,,,-504.000184E-9,24.00000E-3,
,,,-500.000169E-9,24.00000E-3,
,,,-496.000212E-9,24.00000E-3,
,,,-492.000197E-9,24.00000E-3,
,,,-488.000182E-9,24.00000E-3,
,,,-484.000168E-9,24.00000E-3,
,,,-480.000210E-9,24.00000E-3,
,,,-476.000196E-9,32.00000E-3,
,,,-472.000181E-9,32.00000E-3,
,,,-468.000195E-9,32.00000E-3,
,,,-464.000181E-9,40.00000E-3,
,,,-460.000194E-9,32.00000E-3,
,,,-456.000180E-9,32.00000E-3,
,,,-452.000194E-9,24.00000E-3,
,,,-448.000179E-9,48.00000E-3,
,,,-444.000193E-9,24.00000E-3,
,,,-440.000179E-9,48.00000E-3,
,,,-436.000192E-9,40.00000E-3,
,,,-432.000178E-9,40.00000E-3,
,,,-428.000192E-9,40.00000E-3,
,,,-424.000177E-9,40.00000E-3,
,,,-420.000191E-9,24.00000E-3,
,,,-416.000177E-9,48.00000E-3,
,,,-412.000190E-9,32.00000E-3,
,,,-408.000176E-9,48.00000E-3,
,,,-404.000190E-9,40.00000E-3,
,,,-400.00020E-9,40.00000E-3,
,,,-396.00019E-9,56.000002E-3,
,,,-392.00020E-9,48.00000E-3,
,,,-388.00019E-9,48.00000E-3,
,,,-384.00020E-9,48.00000E-3,
,,,-380.00019E-9,40.00000E-3,
,,,-376.00020E-9,40.00000E-3,
,,,-372.00019E-9,48.00000E-3,
,,,-368.00020E-9,48.00000E-3,
,,,-364.00019E-9,40.00000E-3,
,,,-360.00020E-9,64.000003E-3,
,,,-356.00019E-9,56.000002E-3,
,,,-352.00020E-9,40.00000E-3,
,,,-348.00019E-9,48.00000E-3,
,,,-344.00020E-9,56.000002E-3,
,,,-340.00018E-9,64.000003E-3,
,,,-336.00020E-9,48.00000E-3,
,,,-332.00018E-9,56.000002E-3,
,,,-328.00020E-9,56.000002E-3,
,,,-324.00018E-9,64.000003E-3,
,,,-320.00020E-9,56.000002E-3,
,,,-316.00018E-9,64.000003E-3,
,,,-312.00020E-9,48.00000E-3,
,,,-308.00018E-9,56.000002E-3,
,,,-304.00020E-9,64.000003E-3,
,,,-300.00018E-9,72.000004E-3,
,,,-296.00020E-9,72.000004E-3,
,,,-292.00018E-9,72.000004E-3,
,,,-288.00019E-9,64.000003E-3,
,,,-284.00018E-9,56.000002E-3,
,,,-280.00019E-9,64.000003E-3,
,,,-276.00021E-9,72.000004E-3,
,,,-272.00019E-9,56.000002E-3,
,,,-268.00021E-9,80.000006E-3,
,,,-264.00019E-9,64.000003E-3,
,,,-260.00021E-9,72.000004E-3,
,,,-256.00019E-9,80.000006E-3,
,,,-252.00021E-9,72.000004E-3,
,,,-248.00019E-9,72.000004E-3,
,,,-244.00020E-9,72.000004E-3,
,,,-240.00019E-9,72.000004E-3,
,,,-236.00019E-9,64.000003E-3,
,,,-232.00019E-9,80.000006E-3,
,,,-228.00019E-9,80.000006E-3,
,,,-224.00019E-9,80.000006E-3,
,,,-220.00019E-9,80.000006E-3,
,,,-216.00019E-9,88.000007E-3,
,,,-212.00020E-9,80.000006E-3,
,,,-208.00020E-9,80.000006E-3,
,,,-204.00020E-9,80.000006E-3,
,,,-200.00020E-9,80.000006E-3,
,,,-196.00020E-9,88.000007E-3,
,,,-192.00020E-9,96.000001E-3,
,,,-188.00020E-9,80.000006E-3,
,,,-184.00020E-9,96.000001E-3,
,,,-180.00020E-9,88.000007E-3,
,,,-176.00020E-9,88.000007E-3,
,,,-172.00020E-9,88.000007E-3,
,,,-168.00020E-9,80.000006E-3,
,,,-164.00020E-9,88.000007E-3,
,,,-160.00020E-9,80.000006E-3,
,,,-156.00020E-9,88.000007E-3,
,,,-152.00020E-9,88.000007E-3,
,,,-148.0002E-9,88.000007E-3,
,,,-144.0002E-9,88.000007E-3,
,,,-140.0002E-9,88.000007E-3,
,,,-136.0002E-9,96.000001E-3,
,,,-132.0002E-9,96.000001E-3,
,,,-128.0002E-9,96.000001E-3,
,,,-124.0002E-9,104.0000E-3,
,,,-120.0002E-9,96.000001E-3,
,,,-116.0002E-9,88.000007E-3,
,,,-112.0002E-9,104.0000E-3,
,,,-108.0002E-9,96.000001E-3,
,,,-104.0002E-9,104.0000E-3,
,,,-100.0002E-9,112.0000E-3,
,,,-96.000200E-9,112.0000E-3,
,,,-92.000199E-9,120.0000E-3,
,,,-88.000199E-9,104.0000E-3,
,,,-84.000199E-9,96.000001E-3,
,,,-80.000198E-9,112.0000E-3,
,,,-76.000198E-9,112.0000E-3,
,,,-72.000198E-9,104.0000E-3,
,,,-68.000197E-9,104.0000E-3,
,,,-64.000197E-9,104.0000E-3,
,,,-60.000197E-9,112.0000E-3,
,,,-56.000200E-9,112.0000E-3,
,,,-52.00020E-9,112.0000E-3,
,,,-48.00020E-9,96.000001E-3,
,,,-44.00020E-9,112.0000E-3,
,,,-40.00020E-9,120.0000E-3,
,,,-36.00020E-9,120.0000E-3,
,,,-32.00020E-9,120.0000E-3,
,,,-28.00020E-9,120.0000E-3,
,,,-24.00020E-9,104.0000E-3,
,,,-20.0002E-9,128.0000E-3,
,,,-16.0002E-9,120.0000E-3,
,,,-12.0002E-9,120.0000E-3,
,,,-8.000201E-9,112.0000E-3,
,,,-4.00020E-9,120.0000E-3,
,,,-201.61650E-15,120.0000E-3,
,,,3.99980E-9,120.0000E-3,
,,,7.999798E-9,120.0000E-3,
,,,11.9998E-9,128.0000E-3,
,,,15.9998E-9,128.0000E-3,
,,,19.9998E-9,128.0000E-3,
,,,23.99980E-9,128.0000E-3,
,,,27.99980E-9,120.0000E-3,
,,,31.99980E-9,128.0000E-3,
,,,35.99980E-9,128.0000E-3,
,,,39.99980E-9,136.0000E-3,
,,,43.99980E-9,128.0000E-3,
,,,47.99980E-9,136.0000E-3,
,,,51.99980E-9,128.0000E-3,
,,,55.999799E-9,136.0000E-3,
,,,59.999799E-9,136.0000E-3,
,,,63.999799E-9,128.0000E-3,
,,,67.999800E-9,144.0000E-3,
,,,71.999793E-9,136.0000E-3,
,,,75.999793E-9,136.0000E-3,
,,,79.999793E-9,144.0000E-3,
,,,83.999794E-9,136.0000E-3,
,,,87.999794E-9,144.0000E-3,
,,,91.999794E-9,144.0000E-3,
,,,95.999795E-9,136.0000E-3,
,,,99.999795E-9,144.0000E-3,
,,,103.9998E-9,152.00001E-3,
,,,107.9998E-9,144.0000E-3,
,,,111.9998E-9,152.00001E-3,
,,,115.9998E-9,152.00001E-3,
,,,119.9998E-9,144.0000E-3,
,,,123.9998E-9,144.0000E-3,
,,,127.9998E-9,152.00001E-3,
,,,131.9998E-9,152.00001E-3,
,,,135.9998E-9,160.00001E-3,
,,,139.9998E-9,152.00001E-3,
,,,143.9998E-9,152.00001E-3,
,,,147.9998E-9,168.00001E-3,
,,,151.99980E-9,144.0000E-3,
,,,155.99980E-9,152.00001E-3,
,,,159.99980E-9,152.00001E-3,
,,,163.99980E-9,168.00001E-3,
,,,167.99979E-9,152.00001E-3,
,,,171.99979E-9,160.00001E-3,
,,,175.99979E-9,160.00001E-3,
,,,179.99979E-9,168.00001E-3,
,,,183.99979E-9,168.00001E-3,
,,,187.99979E-9,160.00001E-3,
,,,191.99979E-9,160.00001E-3,
,,,195.99979E-9,168.00001E-3,
,,,199.99979E-9,168.00001E-3,
,,,203.99979E-9,152.00001E-3,
,,,207.99979E-9,176.00001E-3,
,,,211.99979E-9,168.00001E-3,
,,,215.99979E-9,168.00001E-3,
,,,219.99979E-9,168.00001E-3,
,,,223.99979E-9,168.00001E-3,
,,,227.99979E-9,176.00001E-3,
,,,231.99979E-9,168.00001E-3,
,,,235.99979E-9,176.00001E-3,
,,,239.99979E-9,176.00001E-3,
,,,243.99978E-9,176.00001E-3,
,,,247.99979E-9,184.00002E-3,
,,,251.99978E-9,160.00001E-3,
,,,255.99979E-9,176.00001E-3,
,,,259.99978E-9,184.00002E-3,
,,,263.99979E-9,176.00001E-3,
,,,267.99978E-9,160.00001E-3,
,,,271.99980E-9,168.00001E-3,
,,,275.99978E-9,176.00001E-3,
,,,279.99980E-9,176.00001E-3,
,,,283.99978E-9,184.00002E-3,
,,,287.99980E-9,184.00002E-3,
,,,291.99978E-9,184.00002E-3,
,,,295.99980E-9,184.00002E-3,
,,,299.99978E-9,184.00002E-3,
,,,303.99980E-9,184.00002E-3,
,,,307.99978E-9,192.00000E-3,
,,,311.99980E-9,184.00002E-3,
,,,315.99978E-9,176.00001E-3,
,,,319.99980E-9,192.00000E-3,
,,,323.99979E-9,184.00002E-3,
,,,327.99980E-9,184.00002E-3,
,,,331.99979E-9,184.00002E-3,
,,,335.99980E-9,192.00000E-3,
,,,339.99979E-9,192.00000E-3,
,,,343.99980E-9,184.00002E-3,
,,,347.99979E-9,184.00002E-3,
,,,351.99980E-9,192.00000E-3,
,,,355.99979E-9,192.00000E-3,
,,,359.99977E-9,192.00000E-3,
,,,363.99979E-9,192.00000E-3,
,,,367.99977E-9,200.00000E-3,
,,,371.99979E-9,200.00000E-3,
,,,375.99978E-9,208.00000E-3,
,,,379.99979E-9,208.00000E-3,
,,,383.99978E-9,200.00000E-3,
,,,387.99979E-9,192.00000E-3,
,,,391.99978E-9,200.00000E-3,
,,,395.99979E-9,200.00000E-3,
,,,399.99978E-9,200.00000E-3,
,,,403.999792E-9,216.00001E-3,
,,,407.999778E-9,208.00000E-3,
,,,411.999793E-9,208.00000E-3,
,,,415.999779E-9,216.00001E-3,
,,,419.999793E-9,216.00001E-3,
,,,423.999779E-9,208.00000E-3,
,,,427.999794E-9,200.00000E-3,
,,,431.999780E-9,216.00001E-3,
,,,435.999794E-9,208.00000E-3,
,,,439.999781E-9,208.00000E-3,
,,,443.999795E-9,200.00000E-3,
,,,447.999781E-9,208.00000E-3,
,,,451.999796E-9,216.00001E-3,
,,,455.999782E-9,216.00001E-3,
,,,459.999796E-9,224.00001E-3,
,,,463.999783E-9,232.00001E-3,
,,,467.999797E-9,216.00001E-3,
,,,471.999783E-9,224.00001E-3,
,,,475.999798E-9,208.00000E-3,
,,,479.999812E-9,216.00001E-3,
,,,483.999770E-9,216.00001E-3,
,,,487.999785E-9,224.00001E-3,
,,,491.999799E-9,224.00001E-3,
,,,495.999757E-9,224.00001E-3,
,,,499.999771E-9,224.00001E-3,
,,,503.999786E-9,224.00001E-3,
,,,507.999800E-9,232.00001E-3,
,,,511.999758E-9,232.00001E-3,
,,,515.999773E-9,224.00001E-3,
,,,519.999787E-9,216.00001E-3,
,,,523.999802E-9,232.00001E-3,
,,,527.999759E-9,232.00001E-3,
,,,531.999774E-9,232.00001E-3,
,,,535.999789E-9,224.00001E-3,
,,,539.999803E-9,232.00001E-3,
,,,543.999761E-9,240.00001E-3,
,,,547.999775E-9,240.00001E-3,
,,,551.999790E-9,232.00001E-3,
,,,555.999804E-9,232.00001E-3,
,,,559.999762E-9,240.00001E-3,
,,,563.999777E-9,240.00001E-3,
,,,567.999791E-9,240.00001E-3,
,,,571.999806E-9,232.00001E-3,
,,,575.999763E-9,240.00001E-3,
,,,579.999778E-9,240.00001E-3,
,,,583.999793E-9,240.00001E-3,
,,,587.999807E-9,232.00001E-3,
,,,591.999765E-9,240.00001E-3,
,,,595.999779E-9,240.00001E-3,
,,,599.999794E-9,248.00001E-3,
,,,603.999808E-9,240.00001E-3,
,,,607.999766E-9,248.00001E-3,
,,,611.999781E-9,248.00001E-3,
,,,615.999795E-9,248.00001E-3,
,,,619.999753E-9,248.00001E-3,
,,,623.999767E-9,248.00001E-3,
,,,627.999782E-9,240.00001E-3,
,,,631.999796E-9,248.00001E-3,
,,,635.999754E-9,248.00001E-3,
,,,639.999769E-9,256.00001E-3,
,,,643.999783E-9,256.00001E-3,
,,,647.999798E-9,256.00001E-3,
,,,651.999756E-9,256.00001E-3,
,,,655.999770E-9,248.00001E-3,
,,,659.999785E-9,256.00001E-3,
,,,663.999799E-9,248.00001E-3,
,,,667.999757E-9,256.00001E-3,
,,,671.999771E-9,248.00001E-3,
,,,675.999786E-9,256.00001E-3,
,,,679.999800E-9,256.00001E-3,
,,,683.999758E-9,256.00001E-3,
,,,687.999773E-9,256.00001E-3,
,,,691.999787E-9,256.00001E-3,
,,,695.999802E-9,256.00001E-3,
,,,699.999759E-9,256.00001E-3,
,,,703.999774E-9,272.00001E-3,
,,,707.999789E-9,272.00001E-3,
,,,711.999803E-9,272.00001E-3,
,,,715.999761E-9,264.00000E-3,
,,,719.999775E-9,264.00000E-3,
,,,723.999790E-9,272.00001E-3,
,,,727.999804E-9,264.00000E-3,
,,,731.999762E-9,272.00001E-3,
,,,735.999777E-9,272.00001E-3,
,,,739.999791E-9,272.00001E-3,
,,,743.999749E-9,272.00001E-3,
,,,747.999763E-9,280.00000E-3,
,,,751.999778E-9,272.00001E-3,
,,,755.999793E-9,272.00001E-3,
,,,759.999750E-9,272.00001E-3,
,,,763.999765E-9,272.00001E-3,
,,,767.999779E-9,272.00001E-3,
,,,771.999794E-9,288.00002E-3,
,,,775.999752E-9,280.00000E-3,
,,,779.999766E-9,280.00000E-3,
,,,783.999781E-9,280.00000E-3,
,,,787.999795E-9,272.00001E-3,
,,,791.999753E-9,280.00000E-3,
,,,795.999767E-9,272.00001E-3,
,,,799.999782E-9,280.00000E-3,
,,,803.999797E-9,272.00001E-3,
,,,807.999754E-9,280.00000E-3,
,,,811.999769E-9,288.00002E-3,
,,,815.999783E-9,280.00000E-3,
,,,819.999798E-9,280.00000E-3,
,,,823.999756E-9,280.00000E-3,
,,,827.999770E-9,288.00002E-3,
,,,831.999785E-9,288.00002E-3,
,,,835.999799E-9,288.00002E-3,
,,,839.999757E-9,280.00000E-3,
,,,843.999771E-9,288.00002E-3,
,,,847.999786E-9,296.00000E-3,
,,,851.999800E-9,304.00002E-3,
,,,855.999758E-9,296.00000E-3,
,,,859.999773E-9,296.00000E-3,
,,,863.999787E-9,296.00000E-3,
,,,867.999802E-9,304.00002E-3,
,,,871.999760E-9,296.00000E-3,
,,,875.999774E-9,296.00000E-3,
,,,879.999789E-9,296.00000E-3,
,,,883.999746E-9,296.00000E-3,
,,,887.999761E-9,304.00002E-3,
,,,891.999775E-9,304.00002E-3,
,,,895.999790E-9,304.00002E-3,
,,,899.999748E-9,304.00002E-3,
,,,903.999762E-9,304.00002E-3,
,,,907.999777E-9,312.00001E-3,
,,,911.999791E-9,296.00000E-3,
,,,915.999749E-9,304.00002E-3,
,,,919.999763E-9,304.00002E-3,
,,,923.999778E-9,304.00002E-3,
,,,927.999793E-9,312.00001E-3,
,,,931.999750E-9,312.00001E-3,
,,,935.999765E-9,320.00002E-3,
,,,939.999779E-9,312.00001E-3,
,,,943.999794E-9,312.00001E-3,
,,,947.999752E-9,312.00001E-3,
,,,951.999766E-9,320.00002E-3,
,,,955.999781E-9,312.00001E-3,
,,,959.999738E-9,304.00002E-3,
,,,963.999810E-9,312.00001E-3,
,,,967.999767E-9,320.00002E-3,
,,,971.999725E-9,328.00001E-3,
,,,975.999797E-9,320.00002E-3,
,,,979.999754E-9,312.00001E-3,
,,,983.999826E-9,328.00001E-3,
,,,987.999783E-9,328.00001E-3,
,,,991.999741E-9,328.00001E-3,
,,,995.999812E-9,320.00002E-3,
,,,1.000E-6,336.00003E-3,
,,,1.0040E-6,320.00002E-3,
,,,1.0080E-6,320.00002E-3,
,,,1.0120E-6,328.00001E-3,
,,,1.0160E-6,312.00001E-3,
,,,1.0200E-6,328.00001E-3,
,,,1.0240E-6,328.00001E-3,
,,,1.0280E-6,336.00003E-3,
,,,1.0320E-6,336.00003E-3,
,,,1.0360E-6,336.00003E-3,
,,,1.0400E-6,336.00003E-3,
,,,1.0440E-6,320.00002E-3,
,,,1.0480E-6,328.00001E-3,
,,,1.0520E-6,328.00001E-3,
,,,1.0560E-6,336.00003E-3,
,,,1.0600E-6,328.00001E-3,
,,,1.0640E-6,344.00001E-3,
,,,1.0680E-6,344.00001E-3,
,,,1.0720E-6,336.00003E-3,
,,,1.0760E-6,336.00003E-3,
,,,1.0800E-6,344.00001E-3,
,,,1.0840E-6,344.00001E-3,
,,,1.0880E-6,344.00001E-3,
,,,1.0920E-6,352.00003E-3,
,,,1.0960E-6,344.00001E-3,
,,,1.1000E-6,352.00003E-3,
,,,1.1040E-6,344.00001E-3,
,,,1.1080E-6,352.00003E-3,
,,,1.1120E-6,352.00003E-3,
,,,1.1160E-6,344.00001E-3,
,,,1.1200E-6,344.00001E-3,
,,,1.1240E-6,352.00003E-3,
,,,1.1280E-6,344.00001E-3,
,,,1.1320E-6,344.00001E-3,
,,,1.1360E-6,352.00003E-3,
,,,1.1400E-6,352.00003E-3,
,,,1.1440E-6,368.00003E-3,
,,,1.1480E-6,360.00001E-3,
,,,1.1520E-6,360.00001E-3,
,,,1.1560E-6,360.00001E-3,
,,,1.1600E-6,360.00001E-3,
,,,1.1640E-6,352.00003E-3,
,,,1.1680E-6,360.00001E-3,
,,,1.1720E-6,360.00001E-3,
,,,1.1760E-6,360.00001E-3,
,,,1.1800E-6,352.00003E-3,
,,,1.1840E-6,352.00003E-3,
,,,1.1880E-6,360.00001E-3,
,,,1.1920E-6,368.00003E-3,
,,,1.1960E-6,360.00001E-3,
,,,1.2000E-6,352.00003E-3,
,,,1.2040E-6,368.00003E-3,
,,,1.2080E-6,368.00003E-3,
,,,1.2120E-6,368.00003E-3,
,,,1.2160E-6,368.00003E-3,
,,,1.2200E-6,368.00003E-3,
,,,1.2240E-6,376.00002E-3,
,,,1.2280E-6,368.00003E-3,
,,,1.2320E-6,368.00003E-3,
,,,1.2360E-6,360.00001E-3,
,,,1.2400E-6,368.00003E-3,
,,,1.2440E-6,368.00003E-3,
,,,1.2480E-6,368.00003E-3,
,,,1.2520E-6,376.00002E-3,
,,,1.2560E-6,376.00002E-3,
,,,1.2600E-6,376.00002E-3,
,,,1.2640E-6,376.00002E-3,
,,,1.2680E-6,376.00002E-3,
,,,1.2720E-6,376.00002E-3,
,,,1.2760E-6,384.00000E-3,
,,,1.2800E-6,376.00002E-3,
,,,1.2840E-6,384.00000E-3,
,,,1.2880E-6,392.00002E-3,
,,,1.2920E-6,376.00002E-3,
,,,1.2960E-6,368.00003E-3,
,,,1.3000E-6,384.00000E-3,
,,,1.3040E-6,384.00000E-3,
,,,1.3080E-6,384.00000E-3,
,,,1.3120E-6,384.00000E-3,
,,,1.3160E-6,400.00001E-3,
,,,1.3200E-6,392.00002E-3,
,,,1.3240E-6,392.00002E-3,
,,,1.3280E-6,392.00002E-3,
,,,1.3320E-6,392.00002E-3,
,,,1.3360E-6,400.00001E-3,
,,,1.3400E-6,384.00000E-3,
,,,1.3440E-6,392.00002E-3,
,,,1.3480E-6,392.00002E-3,
,,,1.3520E-6,400.00001E-3,
,,,1.3560E-6,400.00001E-3,
,,,1.3600E-6,400.00001E-3,
,,,1.3640E-6,400.00001E-3,
,,,1.3680E-6,400.00001E-3,
,,,1.3720E-6,392.00002E-3,
,,,1.3760E-6,392.00002E-3,
,,,1.3800E-6,400.00001E-3,
,,,1.3840E-6,400.00001E-3,
,,,1.3880E-6,400.00001E-3,
,,,1.3920E-6,408.000022E-3,
,,,1.3960E-6,392.00002E-3,
,,,1.4000E-6,408.000022E-3,
,,,1.4040E-6,400.00001E-3,
,,,1.4080E-6,408.000022E-3,
,,,1.4120E-6,408.000022E-3,
,,,1.4160E-6,408.000022E-3,
,,,1.4200E-6,416.000009E-3,
,,,1.4240E-6,408.000022E-3,
,,,1.4280E-6,408.000022E-3,
,,,1.4320E-6,416.000009E-3,
,,,1.4360E-6,416.000009E-3,
,,,1.4400E-6,416.000009E-3,
,,,1.4440E-6,408.000022E-3,
,,,1.4480E-6,416.000009E-3,
,,,1.4520E-6,408.000022E-3,
,,,1.4560E-6,408.000022E-3,
,,,1.4600E-6,416.000009E-3,
,,,1.4640E-6,424.000025E-3,
,,,1.4680E-6,424.000025E-3,
,,,1.4720E-6,416.000009E-3,
,,,1.4760E-6,408.000022E-3,
,,,1.4800E-6,416.000009E-3,
,,,1.4840E-6,424.000025E-3,
,,,1.4880E-6,424.000025E-3,
,,,1.4920E-6,424.000025E-3,
,,,1.4960E-6,432.000011E-3,
,,,1.5000E-6,424.000025E-3,
,,,1.5040E-6,432.000011E-3,
,,,1.5080E-6,440.000027E-3,
,,,1.5120E-6,432.000011E-3,
,,,1.5160E-6,448.000014E-3,
,,,1.5200E-6,440.000027E-3,
,,,1.5240E-6,432.000011E-3,
,,,1.5280E-6,440.000027E-3,
,,,1.5320E-6,432.000011E-3,
,,,1.5360E-6,440.000027E-3,
,,,1.5400E-6,440.000027E-3,
,,,1.5440E-6,432.000011E-3,
,,,1.5480E-6,432.000011E-3,
,,,1.5520E-6,440.000027E-3,
,,,1.5560E-6,440.000027E-3,
,,,1.5600E-6,432.000011E-3,
,,,1.5640E-6,456.000030E-3,
,,,1.5680E-6,440.000027E-3,
,,,1.5720E-6,440.000027E-3,
,,,1.5760E-6,448.000014E-3,
,,,1.5800E-6,448.000014E-3,
,,,1.5840E-6,448.000014E-3,
,,,1.5880E-6,448.000014E-3,
,,,1.5920E-6,456.000030E-3,
,,,1.5960E-6,456.000030E-3,
,,,1.6000E-6,464.000016E-3,
,,,1.6040E-6,448.000014E-3,
,,,1.6080E-6,448.000014E-3,
,,,1.6120E-6,472.000033E-3,
,,,1.6160E-6,456.000030E-3,
,,,1.6200E-6,456.000030E-3,
,,,1.6240E-6,472.000033E-3,
,,,1.6280E-6,464.000016E-3,
,,,1.6320E-6,464.000016E-3,
,,,1.6360E-6,464.000016E-3,
,,,1.6400E-6,464.000016E-3,
,,,1.6440E-6,464.000016E-3,
,,,1.6480E-6,472.000033E-3,
,,,1.6520E-6,464.000016E-3,
,,,1.6560E-6,464.000016E-3,
,,,1.6600E-6,472.000033E-3,
,,,1.6640E-6,472.000033E-3,
,,,1.6680E-6,464.000016E-3,
,,,1.6720E-6,456.000030E-3,
,,,1.6760E-6,472.000033E-3,
,,,1.6800E-6,472.000033E-3,
,,,1.6840E-6,464.000016E-3,
,,,1.6880E-6,472.000033E-3,
,,,1.6920E-6,472.000033E-3,
,,,1.6960E-6,472.000033E-3,
,,,1.7000E-6,472.000033E-3,
,,,1.7040E-6,472.000033E-3,
,,,1.7080E-6,472.000033E-3,
,,,1.7120E-6,480.000019E-3,
,,,1.7160E-6,472.000033E-3,
,,,1.7200E-6,480.000019E-3,
,,,1.7240E-6,472.000033E-3,
,,,1.7280E-6,472.000033E-3,
,,,1.7320E-6,472.000033E-3,
,,,1.7360E-6,472.000033E-3,
,,,1.7400E-6,480.000019E-3,
,,,1.7440E-6,480.000019E-3,
,,,1.7480E-6,480.000019E-3,
,,,1.7520E-6,488.000035E-3,
,,,1.7560E-6,488.000035E-3,
,,,1.7600E-6,480.000019E-3,
,,,1.7640E-6,488.000035E-3,
,,,1.7680E-6,488.000035E-3,
,,,1.7720E-6,488.000035E-3,
,,,1.7760E-6,488.000035E-3,
,,,1.7800E-6,496.000022E-3,
,,,1.7840E-6,488.000035E-3,
,,,1.7880E-6,496.000022E-3,
,,,1.7920E-6,496.000022E-3,
,,,1.7960E-6,496.000022E-3,
,,,1.8000E-6,488.000035E-3,
,,,1.8040E-6,480.000019E-3,
,,,1.8080E-6,488.000035E-3,
,,,1.8120E-6,504.000008E-3,
,,,1.8160E-6,496.000022E-3,
,,,1.8200E-6,496.000022E-3,
,,,1.8240E-6,488.000035E-3,
,,,1.8280E-6,496.000022E-3,
,,,1.8320E-6,504.000008E-3,
,,,1.8360E-6,496.000022E-3,
,,,1.8400E-6,504.000008E-3,
,,,1.8440E-6,504.000008E-3,
,,,1.8480E-6,496.000022E-3,
,,,1.8520E-6,496.000022E-3,
,,,1.8560E-6,504.000008E-3,
,,,1.8600E-6,512.000024E-3,
,,,1.8640E-6,504.000008E-3,
,,,1.8680E-6,504.000008E-3,
,,,1.8720E-6,496.000022E-3,
,,,1.8760E-6,512.000024E-3,
,,,1.8800E-6,504.000008E-3,
,,,1.8840E-6,496.000022E-3,
,,,1.8880E-6,512.000024E-3,
,,,1.8920E-6,520.000041E-3,
,,,1.8960E-6,512.000024E-3,
,,,1.9000E-6,512.000024E-3,
,,,1.9040E-6,512.000024E-3,
,,,1.9080E-6,504.000008E-3,
,,,1.9120E-6,504.000008E-3,
,,,1.9160E-6,504.000008E-3,
,,,1.9200E-6,512.000024E-3,
,,,1.9240E-6,512.000024E-3,
,,,1.9280E-6,520.000041E-3,
,,,1.9320E-6,512.000024E-3,
,,,1.9360E-6,512.000024E-3,
,,,1.9400E-6,520.000041E-3,
,,,1.9440E-6,520.000041E-3,
,,,1.9480E-6,527.999997E-3,
,,,1.9520E-6,527.999997E-3,
,,,1.9560E-6,520.000041E-3,
,,,1.9600E-6,520.000041E-3,
,,,1.9640E-6,512.000024E-3,
,,,1.9680E-6,527.999997E-3,
,,,1.9720E-6,520.000041E-3,
,,,1.9760E-6,512.000024E-3,
,,,1.9800E-6,520.000041E-3,
,,,1.9840E-6,527.999997E-3,
,,,1.9880E-6,536.000013E-3,
,,,1.9920E-6,520.000041E-3,
,,,1.9960E-6,527.999997E-3,
,,,2.0000E-6,536.000013E-3,
,,,2.0040E-6,527.999997E-3,
,,,2.0080E-6,536.000013E-3,
,,,2.0120E-6,520.000041E-3,
,,,2.0160E-6,527.999997E-3,
,,,2.0200E-6,544.000030E-3,
,,,2.0240E-6,536.000013E-3,
,,,2.0280E-6,544.000030E-3,
,,,2.0320E-6,544.000030E-3,
,,,2.0360E-6,527.999997E-3,
,,,2.0400E-6,544.000030E-3,
,,,2.0440E-6,536.000013E-3,
,,,2.0480E-6,536.000013E-3,
,,,2.0520E-6,527.999997E-3,
,,,2.0560E-6,536.000013E-3,
,,,2.0600E-6,536.000013E-3,
,,,2.0640E-6,536.000013E-3,
,,,2.0680E-6,536.000013E-3,
,,,2.0720E-6,536.000013E-3,
,,,2.0760E-6,536.000013E-3,
,,,2.0800E-6,544.000030E-3,
,,,2.0840E-6,536.000013E-3,
,,,2.0880E-6,536.000013E-3,
,,,2.0920E-6,544.000030E-3,
,,,2.0960E-6,536.000013E-3,
,,,2.1000E-6,536.000013E-3,
,,,2.1040E-6,536.000013E-3,
,,,2.1080E-6,552.000046E-3,
,,,2.1120E-6,544.000030E-3,
,,,2.1160E-6,536.000013E-3,
,,,2.1200E-6,544.000030E-3,
,,,2.1240E-6,552.000046E-3,
,,,2.1280E-6,552.000046E-3,
,,,2.1320E-6,552.000046E-3,
,,,2.1360E-6,544.000030E-3,
,,,2.1400E-6,552.000046E-3,
,,,2.1440E-6,552.000046E-3,
,,,2.1480E-6,544.000030E-3,
,,,2.1520E-6,552.000046E-3,
,,,2.1560E-6,552.000046E-3,
,,,2.1600E-6,552.000046E-3,
,,,2.1640E-6,552.000046E-3,
,,,2.1680E-6,552.000046E-3,
,,,2.1720E-6,544.000030E-3,
,,,2.1760E-6,552.000046E-3,
,,,2.1800E-6,552.000046E-3,
,,,2.1840E-6,568.000019E-3,
,,,2.1880E-6,560.000002E-3,
,,,2.1920E-6,552.000046E-3,
,,,2.1960E-6,552.000046E-3,
,,,2.2000E-6,552.000046E-3,
,,,2.2040E-6,560.000002E-3,
,,,2.2080E-6,560.000002E-3,
,,,2.2120E-6,552.000046E-3,
,,,2.2160E-6,552.000046E-3,
,,,2.2200E-6,552.000046E-3,
,,,2.2240E-6,576.000035E-3,
,,,2.2280E-6,568.000019E-3,
,,,2.2320E-6,568.000019E-3,
,,,2.2360E-6,560.000002E-3,
,,,2.2400E-6,568.000019E-3,
,,,2.2440E-6,568.000019E-3,
,,,2.2480E-6,576.000035E-3,
,,,2.2520E-6,568.000019E-3,
,,,2.2560E-6,576.000035E-3,
,,,2.2600E-6,560.000002E-3,
,,,2.2640E-6,576.000035E-3,
,,,2.2680E-6,568.000019E-3,
,,,2.2720E-6,576.000035E-3,
,,,2.2760E-6,568.000019E-3,
,,,2.2800E-6,568.000019E-3,
,,,2.2840E-6,568.000019E-3,
,,,2.2880E-6,576.000035E-3,
,,,2.2920E-6,576.000035E-3,
,,,2.2960E-6,576.000035E-3,
,,,2.3000E-6,568.000019E-3,
,,,2.3040E-6,560.000002E-3,
,,,2.3080E-6,568.000019E-3,
,,,2.3120E-6,576.000035E-3,
,,,2.3160E-6,568.000019E-3,
,,,2.3200E-6,576.000035E-3,
,,,2.3240E-6,576.000035E-3,
,,,2.3280E-6,576.000035E-3,
,,,2.3320E-6,576.000035E-3,
,,,2.3360E-6,576.000035E-3,
,,,2.3400E-6,576.000035E-3,
,,,2.3440E-6,576.000035E-3,
,,,2.3480E-6,576.000035E-3,
,,,2.3520E-6,584.000051E-3,
,,,2.3560E-6,584.000051E-3,
,,,2.3600E-6,584.000051E-3,
,,,2.3640E-6,592.000008E-3,
,,,2.3680E-6,576.000035E-3,
,,,2.3720E-6,592.000008E-3,
,,,2.3760E-6,592.000008E-3,
,,,2.3800E-6,600.000024E-3,
,,,2.3840E-6,584.000051E-3,
,,,2.3880E-6,592.000008E-3,
,,,2.3920E-6,592.000008E-3,
,,,2.3960E-6,584.000051E-3,
,,,2.4000E-6,592.000008E-3,
,,,2.4040E-6,592.000008E-3,
,,,2.4080E-6,584.000051E-3,
,,,2.4120E-6,592.000008E-3,
,,,2.4160E-6,600.000024E-3,
,,,2.4200E-6,584.000051E-3,
,,,2.4240E-6,592.000008E-3,
,,,2.4280E-6,600.000024E-3,
,,,2.4320E-6,608.000040E-3,
,,,2.4360E-6,600.000024E-3,
,,,2.4400E-6,600.000024E-3,
,,,2.4440E-6,600.000024E-3,
,,,2.4480E-6,600.000024E-3,
,,,2.4520E-6,592.000008E-3,
,,,2.4560E-6,592.000008E-3,
,,,2.4600E-6,600.000024E-3,
,,,2.4640E-6,592.000008E-3,
,,,2.4680E-6,592.000008E-3,
,,,2.4720E-6,592.000008E-3,
,,,2.4760E-6,600.000024E-3,
,,,2.4800E-6,592.000008E-3,
,,,2.4840E-6,592.000008E-3,
,,,2.4880E-6,608.000040E-3,
,,,2.4920E-6,608.000040E-3,
,,,2.4960E-6,616.000056E-3,
,,,2.5000E-6,600.000024E-3,
,,,2.5040E-6,608.000040E-3,
,,,2.5080E-6,592.000008E-3,
,,,2.5120E-6,600.000024E-3,
,,,2.5160E-6,608.000040E-3,
,,,2.5200E-6,600.000024E-3,
,,,2.5240E-6,608.000040E-3,
,,,2.5280E-6,608.000040E-3,
,,,2.5320E-6,600.000024E-3,
,,,2.5360E-6,592.000008E-3,
,,,2.5400E-6,616.000056E-3,
,,,2.5440E-6,592.000008E-3,
,,,2.5480E-6,600.000024E-3,
,,,2.5520E-6,608.000040E-3,
,,,2.5560E-6,608.000040E-3,
,,,2.5600E-6,608.000040E-3,
,,,2.5640E-6,600.000024E-3,
,,,2.5680E-6,600.000024E-3,
,,,2.5720E-6,616.000056E-3,
,,,2.5760E-6,608.000040E-3,
,,,2.5800E-6,608.000040E-3,
,,,2.5840E-6,616.000056E-3,
,,,2.5880E-6,608.000040E-3,
,,,2.5920E-6,616.000056E-3,
,,,2.5960E-6,616.000056E-3,
,,,2.6000E-6,608.000040E-3,
,,,2.6040E-6,608.000040E-3,
,,,2.6080E-6,608.000040E-3,
,,,2.6120E-6,616.000056E-3,
,,,2.6160E-6,624.000013E-3,
,,,2.6200E-6,624.000013E-3,
,,,2.6240E-6,616.000056E-3,
,,,2.6280E-6,616.000056E-3,
,,,2.6320E-6,616.000056E-3,
,,,2.6360E-6,624.000013E-3,
,,,2.6400E-6,616.000056E-3,
,,,2.6440E-6,624.000013E-3,
,,,2.6480E-6,624.000013E-3,
,,,2.6520E-6,616.000056E-3,
,,,2.6560E-6,624.000013E-3,
,,,2.6600E-6,624.000013E-3,
,,,2.6640E-6,608.000040E-3,
,,,2.6680E-6,616.000056E-3,
,,,2.6720E-6,624.000013E-3,
,,,2.6760E-6,616.000056E-3,
,,,2.6800E-6,616.000056E-3,
,,,2.6840E-6,624.000013E-3,
,,,2.6880E-6,632.000029E-3,
,,,2.6920E-6,624.000013E-3,
,,,2.6960E-6,624.000013E-3,
,,,2.7000E-6,632.000029E-3,
,,,2.7040E-6,624.000013E-3,
,,,2.7080E-6,616.000056E-3,
,,,2.7120E-6,632.000029E-3,
,,,2.7160E-6,624.000013E-3,
,,,2.72000E-6,632.000029E-3,
,,,2.72400E-6,624.000013E-3,
,,,2.72800E-6,632.000029E-3,
,,,2.73200E-6,632.000029E-3,
,,,2.73600E-6,640.000045E-3,
,,,2.74000E-6,632.000029E-3,
,,,2.74400E-6,624.000013E-3,
,,,2.74800E-6,632.000029E-3,
,,,2.75200E-6,640.000045E-3,
,,,2.75600E-6,632.000029E-3,
,,,2.76000E-6,640.000045E-3,
,,,2.76400E-6,632.000029E-3,
,,,2.76800E-6,640.000045E-3,
,,,2.77200E-6,632.000029E-3,
,,,2.77600E-6,632.000029E-3,
,,,2.78000E-6,632.000029E-3,
,,,2.78400E-6,624.000013E-3,
,,,2.78800E-6,640.000045E-3,
,,,2.79200E-6,640.000045E-3,
,,,2.79600E-6,640.000045E-3,
,,,2.80000E-6,640.000045E-3,
,,,2.80400E-6,632.000029E-3,
,,,2.80800E-6,640.000045E-3,
,,,2.81200E-6,640.000045E-3,
,,,2.81600E-6,640.000045E-3,
,,,2.82000E-6,640.000045E-3,
,,,2.82400E-6,640.000045E-3,
,,,2.82800E-6,640.000045E-3,
,,,2.83200E-6,640.000045E-3,
,,,2.83600E-6,640.000045E-3,
,,,2.84000E-6,640.000045E-3,
,,,2.84400E-6,648.000002E-3,
,,,2.84800E-6,632.000029E-3,
,,,2.85200E-6,648.000002E-3,
,,,2.85600E-6,640.000045E-3,
,,,2.86000E-6,632.000029E-3,
,,,2.86400E-6,640.000045E-3,
,,,2.86800E-6,648.000002E-3,
,,,2.87200E-6,648.000002E-3,
,,,2.87600E-6,640.000045E-3,
,,,2.88000E-6,648.000002E-3,
,,,2.88400E-6,648.000002E-3,
,,,2.88800E-6,640.000045E-3,
,,,2.89200E-6,648.000002E-3,
,,,2.89600E-6,640.000045E-3,
,,,2.90000E-6,656.000018E-3,
,,,2.90400E-6,648.000002E-3,
,,,2.90800E-6,648.000002E-3,
,,,2.91200E-6,656.000018E-3,
,,,2.91600E-6,648.000002E-3,
,,,2.92000E-6,656.000018E-3,
,,,2.92400E-6,648.000002E-3,
,,,2.92800E-6,648.000002E-3,
,,,2.93200E-6,640.000045E-3,
,,,2.93600E-6,648.000002E-3,
,,,2.94000E-6,648.000002E-3,
,,,2.94400E-6,648.000002E-3,
,,,2.94800E-6,648.000002E-3,
,,,2.95200E-6,648.000002E-3,
,,,2.95600E-6,656.000018E-3,
,,,2.96000E-6,648.000002E-3,
,,,2.96400E-6,656.000018E-3,
,,,2.96800E-6,656.000018E-3,
,,,2.97200E-6,656.000018E-3,
,,,2.97600E-6,664.000034E-3,
,,,2.98000E-6,656.000018E-3,
,,,2.98400E-6,656.000018E-3,
,,,2.98800E-6,656.000018E-3,
,,,2.99200E-6,672.000051E-3,
,,,2.99600E-6,648.000002E-3,
,,,3.00000E-6,664.000034E-3,
,,,3.00400E-6,648.000002E-3,
,,,3.00800E-6,656.000018E-3,
,,,3.01200E-6,664.000034E-3,
,,,3.01600E-6,656.000018E-3,
,,,3.02000E-6,656.000018E-3,
,,,3.02400E-6,656.000018E-3,
,,,3.02800E-6,656.000018E-3,
,,,3.03200E-6,656.000018E-3,
,,,3.03600E-6,664.000034E-3,
,,,3.04000E-6,656.000018E-3,
,,,3.04400E-6,664.000034E-3,
,,,3.04800E-6,664.000034E-3,
,,,3.05200E-6,656.000018E-3,
,,,3.05600E-6,672.000051E-3,
,,,3.06000E-6,664.000034E-3,
,,,3.06400E-6,664.000034E-3,
,,,3.06800E-6,656.000018E-3,
,,,3.07200E-6,672.000051E-3,
,,,3.07600E-6,664.000034E-3,
,,,3.08000E-6,672.000051E-3,
,,,3.08400E-6,664.000034E-3,
,,,3.08800E-6,672.000051E-3,
,,,3.09200E-6,672.000051E-3,
,,,3.09600E-6,672.000051E-3,
,,,3.10000E-6,680.000007E-3,
,,,3.10400E-6,672.000051E-3,
,,,3.10800E-6,672.000051E-3,
,,,3.11200E-6,680.000007E-3,
,,,3.11600E-6,672.000051E-3,
,,,3.12000E-6,672.000051E-3,
,,,3.12400E-6,680.000007E-3,
,,,3.12800E-6,680.000007E-3,
,,,3.13200E-6,672.000051E-3,
,,,3.13600E-6,672.000051E-3,
,,,3.14000E-6,672.000051E-3,
,,,3.14400E-6,664.000034E-3,
,,,3.14800E-6,672.000051E-3,
,,,3.15200E-6,672.000051E-3,
,,,3.15600E-6,680.000007E-3,
,,,3.16000E-6,672.000051E-3,
,,,3.16400E-6,672.000051E-3,
,,,3.16800E-6,672.000051E-3,
,,,3.17200E-6,680.000007E-3,
,,,3.17600E-6,680.000007E-3,
,,,3.18000E-6,680.000007E-3,
,,,3.18400E-6,680.000007E-3,
,,,3.18800E-6,680.000007E-3,
,,,3.19200E-6,688.000023E-3,
,,,3.19600E-6,688.000023E-3,
,,,3.20000E-6,680.000007E-3,
,,,3.20400E-6,680.000007E-3,
,,,3.20800E-6,680.000007E-3,
,,,3.21200E-6,672.000051E-3,
,,,3.21600E-6,680.000007E-3,
,,,3.22000E-6,680.000007E-3,
,,,3.22400E-6,672.000051E-3,
,,,3.22800E-6,688.000023E-3,
,,,3.23200E-6,680.000007E-3,
,,,3.23600E-6,696.000040E-3,
,,,3.24000E-6,688.000023E-3,
,,,3.24400E-6,688.000023E-3,
,,,3.24800E-6,696.000040E-3,
,,,3.25200E-6,680.000007E-3,
,,,3.25600E-6,688.000023E-3,
,,,3.26000E-6,680.000007E-3,
,,,3.26400E-6,696.000040E-3,
,,,3.26800E-6,688.000023E-3,
,,,3.27200E-6,688.000023E-3,
,,,3.27600E-6,688.000023E-3,
,,,3.28000E-6,688.000023E-3,
,,,3.28400E-6,688.000023E-3,
,,,3.28800E-6,696.000040E-3,
,,,3.29200E-6,688.000023E-3,
,,,3.29600E-6,688.000023E-3,
,,,3.30000E-6,688.000023E-3,
,,,3.30400E-6,696.000040E-3,
,,,3.30800E-6,688.000023E-3,
,,,3.31200E-6,688.000023E-3,
,,,3.31600E-6,688.000023E-3,
,,,3.32000E-6,688.000023E-3,
,,,3.32400E-6,688.000023E-3,
,,,3.32800E-6,696.000040E-3,
,,,3.33200E-6,704.000056E-3,
,,,3.33600E-6,696.000040E-3,
,,,3.34000E-6,696.000040E-3,
,,,3.34400E-6,688.000023E-3,
,,,3.34800E-6,704.000056E-3,
,,,3.35200E-6,704.000056E-3,
,,,3.35600E-6,696.000040E-3,
,,,3.36000E-6,696.000040E-3,
,,,3.36400E-6,704.000056E-3,
,,,3.36800E-6,696.000040E-3,
,,,3.37200E-6,696.000040E-3,
,,,3.37600E-6,688.000023E-3,
,,,3.38000E-6,696.000040E-3,
,,,3.38400E-6,704.000056E-3,
,,,3.38800E-6,696.000040E-3,
,,,3.39200E-6,696.000040E-3,
,,,3.39600E-6,704.000056E-3,
,,,3.40000E-6,704.000056E-3,
,,,3.40400E-6,704.000056E-3,
,,,3.40800E-6,704.000056E-3,
,,,3.41200E-6,704.000056E-3,
,,,3.41600E-6,712.000012E-3,
,,,3.42000E-6,696.000040E-3,
,,,3.42400E-6,696.000040E-3,
,,,3.42800E-6,696.000040E-3,
,,,3.43200E-6,696.000040E-3,
,,,3.43600E-6,712.000012E-3,
,,,3.44000E-6,696.000040E-3,
,,,3.44400E-6,696.000040E-3,
,,,3.44800E-6,696.000040E-3,
,,,3.45200E-6,704.000056E-3,
,,,3.45600E-6,704.000056E-3,
,,,3.46000E-6,696.000040E-3,
,,,3.46400E-6,696.000040E-3,
,,,3.46800E-6,704.000056E-3,
,,,3.47200E-6,712.000012E-3,
,,,3.47600E-6,712.000012E-3,
,,,3.48000E-6,712.000012E-3,
,,,3.48400E-6,712.000012E-3,
,,,3.48800E-6,704.000056E-3,
,,,3.49200E-6,712.000012E-3,
,,,3.49600E-6,704.000056E-3,
,,,3.50000E-6,712.000012E-3,
,,,3.50400E-6,704.000056E-3,
,,,3.50800E-6,704.000056E-3,
,,,3.51200E-6,704.000056E-3,
,,,3.51600E-6,712.000012E-3,
,,,3.52000E-6,712.000012E-3,
,,,3.52400E-6,720.000029E-3,
,,,3.52800E-6,696.000040E-3,
,,,3.53200E-6,712.000012E-3,
,,,3.53600E-6,712.000012E-3,
,,,3.54000E-6,712.000012E-3,
,,,3.54400E-6,720.000029E-3,
,,,3.54800E-6,712.000012E-3,
,,,3.55200E-6,712.000012E-3,
,,,3.55600E-6,712.000012E-3,
,,,3.56000E-6,712.000012E-3,
,,,3.56400E-6,720.000029E-3,
,,,3.56800E-6,720.000029E-3,
,,,3.57200E-6,720.000029E-3,
,,,3.57600E-6,712.000012E-3,
,,,3.58000E-6,728.000045E-3,
,,,3.58400E-6,720.000029E-3,
,,,3.58800E-6,712.000012E-3,
,,,3.59200E-6,712.000012E-3,
,,,3.59600E-6,720.000029E-3,
,,,3.60000E-6,720.000029E-3,
,,,3.60400E-6,720.000029E-3,
,,,3.60800E-6,712.000012E-3,
,,,3.61200E-6,720.000029E-3,
,,,3.61600E-6,720.000029E-3,
,,,3.62000E-6,720.000029E-3,
,,,3.62400E-6,728.000045E-3,
,,,3.62800E-6,720.000029E-3,
,,,3.63200E-6,728.000045E-3,
,,,3.63600E-6,736.000061E-3,
,,,3.64000E-6,720.000029E-3,
,,,3.64400E-6,728.000045E-3,
,,,3.64800E-6,720.000029E-3,
,,,3.65200E-6,728.000045E-3,
,,,3.65600E-6,728.000045E-3,
,,,3.66000E-6,736.000061E-3,
,,,3.66400E-6,728.000045E-3,
,,,3.66800E-6,736.000061E-3,
,,,3.67200E-6,728.000045E-3,
,,,3.67600E-6,720.000029E-3,
,,,3.68000E-6,728.000045E-3,
,,,3.68400E-6,736.000061E-3,
,,,3.68800E-6,736.000061E-3,
,,,3.69200E-6,728.000045E-3,
,,,3.69600E-6,728.000045E-3,
,,,3.70000E-6,728.000045E-3,
,,,3.70400E-6,728.000045E-3,
,,,3.70800E-6,736.000061E-3,
,,,3.71200E-6,744.000018E-3,
,,,3.71600E-6,728.000045E-3,
,,,3.72000E-6,736.000061E-3,
,,,3.72400E-6,744.000018E-3,
,,,3.72800E-6,736.000061E-3,
,,,3.73200E-6,736.000061E-3,
,,,3.73600E-6,728.000045E-3,
,,,3.74000E-6,728.000045E-3,
,,,3.74400E-6,728.000045E-3,
,,,3.74800E-6,728.000045E-3,
,,,3.75200E-6,728.000045E-3,
,,,3.75600E-6,736.000061E-3,
,,,3.76000E-6,736.000061E-3,
,,,3.76400E-6,728.000045E-3,
,,,3.76800E-6,728.000045E-3,
,,,3.77200E-6,736.000061E-3,
,,,3.77600E-6,744.000018E-3,
,,,3.78000E-6,736.000061E-3,
,,,3.78400E-6,744.000018E-3,
,,,3.78800E-6,736.000061E-3,
,,,3.79200E-6,728.000045E-3,
,,,3.79600E-6,728.000045E-3,
,,,3.80000E-6,736.000061E-3,
,,,3.80400E-6,736.000061E-3,
,,,3.80800E-6,736.000061E-3,
,,,3.81200E-6,744.000018E-3,
,,,3.81600E-6,744.000018E-3,
,,,3.82000E-6,760.000050E-3,
,,,3.82400E-6,744.000018E-3,
,,,3.82800E-6,744.000018E-3,
,,,3.83200E-6,736.000061E-3,
,,,3.83600E-6,744.000018E-3,
,,,3.84000E-6,736.000061E-3,
,,,3.84400E-6,744.000018E-3,
,,,3.84800E-6,752.000034E-3,
,,,3.85200E-6,752.000034E-3,
,,,3.85600E-6,744.000018E-3,
,,,3.86000E-6,744.000018E-3,
,,,3.86400E-6,736.000061E-3,
,,,3.86800E-6,744.000018E-3,
,,,3.87200E-6,752.000034E-3,
,,,3.87600E-6,744.000018E-3,
,,,3.88000E-6,744.000018E-3,
,,,3.88400E-6,744.000018E-3,
,,,3.88800E-6,752.000034E-3,
,,,3.89200E-6,752.000034E-3,
,,,3.89600E-6,744.000018E-3,
,,,3.90000E-6,744.000018E-3,
,,,3.90400E-6,736.000061E-3,
,,,3.90800E-6,752.000034E-3,
,,,3.91200E-6,760.000050E-3,
,,,3.91600E-6,760.000050E-3,
,,,3.92000E-6,752.000034E-3,
,,,3.92400E-6,744.000018E-3,
,,,3.92800E-6,752.000034E-3,
,,,3.93200E-6,752.000034E-3,
,,,3.93600E-6,752.000034E-3,
,,,3.94000E-6,752.000034E-3,
,,,3.94400E-6,752.000034E-3,
,,,3.94800E-6,752.000034E-3,
,,,3.95200E-6,760.000050E-3,
,,,3.95600E-6,752.000034E-3,
,,,3.96000E-6,760.000050E-3,
,,,3.96400E-6,752.000034E-3,
,,,3.96800E-6,752.000034E-3,
,,,3.97200E-6,752.000034E-3,
,,,3.97600E-6,760.000050E-3,
,,,3.98000E-6,752.000034E-3,
,,,3.98400E-6,760.000050E-3,
,,,3.98800E-6,760.000050E-3,
,,,3.99200E-6,752.000034E-3,
,,,3.99600E-6,752.000034E-3,
,,,4.00000E-6,760.000050E-3,
,,,4.00400E-6,760.000050E-3,
,,,4.00800E-6,760.000050E-3,
,,,4.01200E-6,768.000007E-3,
,,,4.01600E-6,768.000007E-3,
,,,4.02000E-6,768.000007E-3,
,,,4.02400E-6,760.000050E-3,
,,,4.02800E-6,768.000007E-3,
,,,4.03200E-6,768.000007E-3,
,,,4.03600E-6,760.000050E-3,
,,,4.04000E-6,760.000050E-3,
,,,4.04400E-6,760.000050E-3,
,,,4.04800E-6,760.000050E-3,
,,,4.05200E-6,768.000007E-3,
,,,4.05600E-6,768.000007E-3,
,,,4.06000E-6,760.000050E-3,
,,,4.06400E-6,768.000007E-3,
,,,4.06800E-6,768.000007E-3,
,,,4.07200E-6,768.000007E-3,
,,,4.07600E-6,760.000050E-3,
,,,4.08000E-6,760.000050E-3,
,,,4.08400E-6,760.000050E-3,
,,,4.08800E-6,760.000050E-3,
,,,4.09200E-6,768.000007E-3,
,,,4.09600E-6,768.000007E-3,
,,,4.10000E-6,768.000007E-3,
,,,4.10400E-6,768.000007E-3,
,,,4.10800E-6,768.000007E-3,
,,,4.11200E-6,768.000007E-3,
,,,4.11600E-6,768.000007E-3,
,,,4.12000E-6,776.000023E-3,
,,,4.12400E-6,776.000023E-3,
,,,4.12800E-6,768.000007E-3,
,,,4.13200E-6,768.000007E-3,
,,,4.13600E-6,768.000007E-3,
,,,4.14000E-6,776.000023E-3,
,,,4.14400E-6,776.000023E-3,
,,,4.14800E-6,768.000007E-3,
,,,4.15200E-6,768.000007E-3,
,,,4.15600E-6,768.000007E-3,
,,,4.16000E-6,776.000023E-3,
,,,4.16400E-6,776.000023E-3,
,,,4.16800E-6,768.000007E-3,
,,,4.17200E-6,784.000039E-3,
,,,4.17600E-6,776.000023E-3,
,,,4.18000E-6,776.000023E-3,
,,,4.18400E-6,768.000007E-3,
,,,4.18800E-6,776.000023E-3,
,,,4.19200E-6,784.000039E-3,
,,,4.19600E-6,776.000023E-3,
,,,4.20000E-6,776.000023E-3,
,,,4.20400E-6,776.000023E-3,
,,,4.20800E-6,776.000023E-3,
,,,4.21200E-6,776.000023E-3,
,,,4.21600E-6,776.000023E-3,
,,,4.22000E-6,776.000023E-3,
,,,4.22400E-6,768.000007E-3,
,,,4.22800E-6,784.000039E-3,
,,,4.23200E-6,776.000023E-3,
,,,4.23600E-6,776.000023E-3,
,,,4.24000E-6,776.000023E-3,
,,,4.24400E-6,776.000023E-3,
,,,4.24800E-6,776.000023E-3,
,,,4.25200E-6,784.000039E-3,
,,,4.25600E-6,784.000039E-3,
,,,4.26000E-6,776.000023E-3,
,,,4.26400E-6,784.000039E-3,
,,,4.26800E-6,776.000023E-3,
,,,4.27200E-6,776.000023E-3,
,,,4.27600E-6,776.000023E-3,
,,,4.28000E-6,776.000023E-3,
,,,4.28400E-6,784.000039E-3,
,,,4.28800E-6,784.000039E-3,
,,,4.29200E-6,784.000039E-3,
,,,4.29600E-6,784.000039E-3,
,,,4.30000E-6,776.000023E-3,
,,,4.30400E-6,776.000023E-3,
,,,4.30800E-6,784.000039E-3,
,,,4.31200E-6,784.000039E-3,
,,,4.31600E-6,792.000055E-3,
,,,4.32000E-6,776.000023E-3,
,,,4.32400E-6,784.000039E-3,
,,,4.32800E-6,784.000039E-3,
,,,4.33200E-6,792.000055E-3,
,,,4.33600E-6,792.000055E-3,
,,,4.34000E-6,800.000012E-3,
,,,4.34400E-6,792.000055E-3,
,,,4.34800E-6,800.000012E-3,
,,,4.35200E-6,800.000012E-3,
,,,4.35600E-6,800.000012E-3,
,,,4.36000E-6,792.000055E-3,
,,,4.36400E-6,792.000055E-3,
,,,4.36800E-6,784.000039E-3,
,,,4.37200E-6,784.000039E-3,
,,,4.37600E-6,792.000055E-3,
,,,4.38000E-6,792.000055E-3,
,,,4.38400E-6,808.000028E-3,
,,,4.38800E-6,792.000055E-3,
,,,4.39200E-6,792.000055E-3,
,,,4.39600E-6,784.000039E-3,
,,,4.40000E-6,784.000039E-3,
,,,4.40400E-6,800.000012E-3,
,,,4.40800E-6,792.000055E-3,
,,,4.41200E-6,792.000055E-3,
,,,4.41600E-6,792.000055E-3,
,,,4.42000E-6,792.000055E-3,
,,,4.42400E-6,792.000055E-3,
,,,4.42800E-6,792.000055E-3,
,,,4.43200E-6,784.000039E-3,
,,,4.43600E-6,800.000012E-3,
,,,4.44000E-6,800.000012E-3,
,,,4.44400E-6,784.000039E-3,
,,,4.44800E-6,800.000012E-3,
,,,4.45200E-6,792.000055E-3,
,,,4.45600E-6,800.000012E-3,
,,,4.46000E-6,800.000012E-3,
,,,4.46400E-6,792.000055E-3,
,,,4.46800E-6,808.000028E-3,
,,,4.47200E-6,800.000012E-3,
,,,4.47600E-6,800.000012E-3,
,,,4.48000E-6,816.000044E-3,
,,,4.48400E-6,808.000028E-3,
,,,4.48800E-6,800.000012E-3,
,,,4.49200E-6,800.000012E-3,
,,,4.49600E-6,808.000028E-3,
,,,4.50000E-6,800.000012E-3,
,,,4.50400E-6,808.000028E-3,
,,,4.50800E-6,800.000012E-3,
,,,4.51200E-6,808.000028E-3,
,,,4.51600E-6,800.000012E-3,
,,,4.52000E-6,800.000012E-3,
,,,4.52400E-6,792.000055E-3,
,,,4.52800E-6,800.000012E-3,
,,,4.53200E-6,800.000012E-3,
,,,4.53600E-6,808.000028E-3,
,,,4.54000E-6,808.000028E-3,
,,,4.54400E-6,808.000028E-3,
,,,4.54800E-6,808.000028E-3,
,,,4.55200E-6,808.000028E-3,
,,,4.55600E-6,808.000028E-3,
,,,4.56000E-6,808.000028E-3,
,,,4.56400E-6,808.000028E-3,
,,,4.56800E-6,816.000044E-3,
,,,4.57200E-6,800.000012E-3,
,,,4.57600E-6,808.000028E-3,
,,,4.58000E-6,792.000055E-3,
,,,4.58400E-6,808.000028E-3,
,,,4.58800E-6,808.000028E-3,
,,,4.59200E-6,808.000028E-3,
,,,4.59600E-6,800.000012E-3,
,,,4.60000E-6,808.000028E-3,
,,,4.60400E-6,816.000044E-3,
,,,4.60800E-6,808.000028E-3,
,,,4.61200E-6,816.000044E-3,
,,,4.61600E-6,816.000044E-3,
,,,4.62000E-6,816.000044E-3,
,,,4.62400E-6,808.000028E-3,
,,,4.62800E-6,824.000061E-3,
,,,4.63200E-6,808.000028E-3,
,,,4.63600E-6,816.000044E-3,
,,,4.64000E-6,808.000028E-3,
,,,4.64400E-6,816.000044E-3,
,,,4.64800E-6,816.000044E-3,
,,,4.65200E-6,816.000044E-3,
,,,4.65600E-6,816.000044E-3,
,,,4.66000E-6,816.000044E-3,
,,,4.66400E-6,816.000044E-3,
,,,4.66800E-6,816.000044E-3,
,,,4.67200E-6,824.000061E-3,
,,,4.67600E-6,816.000044E-3,
,,,4.68000E-6,808.000028E-3,
,,,4.68400E-6,808.000028E-3,
,,,4.68800E-6,824.000061E-3,
,,,4.69200E-6,808.000028E-3,
,,,4.69600E-6,816.000044E-3,
,,,4.70000E-6,816.000044E-3,
,,,4.70400E-6,824.000061E-3,
,,,4.70800E-6,816.000044E-3,
,,,4.71200E-6,816.000044E-3,
,,,4.71600E-6,816.000044E-3,
,,,4.72000E-6,816.000044E-3,
,,,4.72400E-6,816.000044E-3,
,,,4.72800E-6,824.000061E-3,
,,,4.73200E-6,816.000044E-3,
,,,4.73600E-6,824.000061E-3,
,,,4.74000E-6,824.000061E-3,
,,,4.74400E-6,816.000044E-3,
,,,4.74800E-6,816.000044E-3,
,,,4.75200E-6,824.000061E-3,
,,,4.75600E-6,816.000044E-3,
,,,4.76000E-6,824.000061E-3,
,,,4.76400E-6,824.000061E-3,
,,,4.76800E-6,832.000017E-3,
,,,4.77200E-6,816.000044E-3,
,,,4.77600E-6,824.000061E-3,
,,,4.78000E-6,816.000044E-3,
,,,4.78400E-6,824.000061E-3,
,,,4.78800E-6,816.000044E-3,
,,,4.79200E-6,816.000044E-3,
,,,4.79600E-6,816.000044E-3,
,,,4.80000E-6,824.000061E-3,
,,,4.80400E-6,832.000017E-3,
,,,4.80800E-6,824.000061E-3,
,,,4.81200E-6,824.000061E-3,
,,,4.81600E-6,824.000061E-3,
,,,4.82000E-6,824.000061E-3,
,,,4.82400E-6,824.000061E-3,
,,,4.82800E-6,824.000061E-3,
,,,4.83200E-6,832.000017E-3,
,,,4.83600E-6,832.000017E-3,
,,,4.84000E-6,832.000017E-3,
,,,4.84400E-6,824.000061E-3,
,,,4.84800E-6,832.000017E-3,
,,,4.85200E-6,832.000017E-3,
,,,4.85600E-6,824.000061E-3,
,,,4.86000E-6,832.000017E-3,
,,,4.86400E-6,824.000061E-3,
,,,4.86800E-6,824.000061E-3,
,,,4.87200E-6,832.000017E-3,
,,,4.87600E-6,832.000017E-3,
,,,4.88000E-6,824.000061E-3,
,,,4.88400E-6,824.000061E-3,
,,,4.88800E-6,832.000017E-3,
,,,4.89200E-6,832.000017E-3,
,,,4.89600E-6,832.000017E-3,
,,,4.90000E-6,832.000017E-3,
,,,4.90400E-6,832.000017E-3,
,,,4.90800E-6,840.000033E-3,
,,,4.91200E-6,840.000033E-3,
,,,4.91600E-6,832.000017E-3,
,,,4.92000E-6,840.000033E-3,
,,,4.92400E-6,840.000033E-3,
,,,4.92800E-6,848.000050E-3,
,,,4.93200E-6,840.000033E-3,
,,,4.93600E-6,832.000017E-3,
,,,4.94000E-6,832.000017E-3,
,,,4.94400E-6,840.000033E-3,
,,,4.94800E-6,840.000033E-3,
,,,4.95200E-6,840.000033E-3,
,,,4.95600E-6,832.000017E-3,
,,,4.96000E-6,832.000017E-3,
,,,4.96400E-6,840.000033E-3,
,,,4.96800E-6,840.000033E-3,
,,,4.97200E-6,848.000050E-3,
,,,4.97600E-6,840.000033E-3,
,,,4.98000E-6,840.000033E-3,
,,,4.98400E-6,840.000033E-3,
,,,4.98800E-6,840.000033E-3,
,,,4.99200E-6,832.000017E-3,
,,,4.99600E-6,840.000033E-3,
,,,5.00000E-6,840.000033E-3,
,,,5.00400E-6,832.000017E-3,
,,,5.00800E-6,840.000033E-3,
,,,5.01200E-6,840.000033E-3,
,,,5.01600E-6,848.000050E-3,
,,,5.02000E-6,840.000033E-3,
,,,5.02400E-6,848.000050E-3,
,,,5.02800E-6,848.000050E-3,
,,,5.03200E-6,840.000033E-3,
,,,5.03600E-6,848.000050E-3,
,,,5.04000E-6,848.000050E-3,
,,,5.04400E-6,848.000050E-3,
,,,5.04800E-6,840.000033E-3,
,,,5.05200E-6,840.000033E-3,
,,,5.05600E-6,840.000033E-3,
,,,5.06000E-6,840.000033E-3,
,,,5.06400E-6,848.000050E-3,
,,,5.06800E-6,848.000050E-3,
,,,5.07200E-6,848.000050E-3,
,,,5.07600E-6,840.000033E-3,
,,,5.08000E-6,840.000033E-3,
,,,5.08400E-6,856.000066E-3,
,,,5.08800E-6,840.000033E-3,
,,,5.09200E-6,848.000050E-3,
,,,5.09600E-6,840.000033E-3,
,,,5.10000E-6,856.000066E-3,
,,,5.10400E-6,848.000050E-3,
,,,5.10800E-6,864.000022E-3,
,,,5.11200E-6,848.000050E-3,
,,,5.11600E-6,856.000066E-3,
,,,5.12000E-6,840.000033E-3,
,,,5.12400E-6,856.000066E-3,
,,,5.12800E-6,848.000050E-3,
,,,5.13200E-6,848.000050E-3,
,,,5.13600E-6,848.000050E-3,
,,,5.14000E-6,848.000050E-3,
,,,5.14400E-6,856.000066E-3,
,,,5.14800E-6,856.000066E-3,
,,,5.15200E-6,856.000066E-3,
,,,5.15600E-6,856.000066E-3,
,,,5.16000E-6,848.000050E-3,
,,,5.16400E-6,840.000033E-3,
,,,5.16800E-6,840.000033E-3,
,,,5.17200E-6,848.000050E-3,
,,,5.17600E-6,848.000050E-3,
,,,5.18000E-6,848.000050E-3,
,,,5.18400E-6,848.000050E-3,
,,,5.18800E-6,848.000050E-3,
,,,5.19200E-6,840.000033E-3,
,,,5.19600E-6,848.000050E-3,
,,,5.20000E-6,856.000066E-3,
,,,5.20400E-6,856.000066E-3,
,,,5.20800E-6,864.000022E-3,
,,,5.21200E-6,864.000022E-3,
,,,5.21600E-6,864.000022E-3,
,,,5.22000E-6,856.000066E-3,
,,,5.22400E-6,848.000050E-3,
,,,5.22800E-6,856.000066E-3,
,,,5.23200E-6,856.000066E-3,
,,,5.23600E-6,856.000066E-3,
,,,5.24000E-6,856.000066E-3,
,,,5.24400E-6,864.000022E-3,
,,,5.24800E-6,864.000022E-3,
,,,5.25200E-6,864.000022E-3,
,,,5.25600E-6,872.000039E-3,
,,,5.26000E-6,864.000022E-3,
,,,5.26400E-6,856.000066E-3,
,,,5.26800E-6,864.000022E-3,
,,,5.27200E-6,864.000022E-3,
,,,5.27600E-6,864.000022E-3,
,,,5.28000E-6,856.000066E-3,
,,,5.28400E-6,856.000066E-3,
,,,5.28800E-6,864.000022E-3,
,,,5.29200E-6,864.000022E-3,
,,,5.29600E-6,872.000039E-3,
,,,5.30000E-6,864.000022E-3,
,,,5.30400E-6,856.000066E-3,
,,,5.30800E-6,864.000022E-3,
,,,5.31200E-6,848.000050E-3,
,,,5.31600E-6,856.000066E-3,
,,,5.32000E-6,872.000039E-3,
,,,5.32400E-6,864.000022E-3,
,,,5.32800E-6,856.000066E-3,
,,,5.33200E-6,864.000022E-3,
,,,5.33600E-6,856.000066E-3,
,,,5.34000E-6,864.000022E-3,
,,,5.34400E-6,856.000066E-3,
,,,5.34800E-6,864.000022E-3,
,,,5.35200E-6,864.000022E-3,
,,,5.35600E-6,864.000022E-3,
,,,5.36000E-6,864.000022E-3,
,,,5.36400E-6,872.000039E-3,
,,,5.36800E-6,864.000022E-3,
,,,5.37200E-6,864.000022E-3,
,,,5.37600E-6,872.000039E-3,
,,,5.38000E-6,872.000039E-3,
,,,5.38400E-6,872.000039E-3,
,,,5.38800E-6,872.000039E-3,
,,,5.39200E-6,872.000039E-3,
,,,5.39600E-6,872.000039E-3,
,,,5.40000E-6,872.000039E-3,
,,,5.40400E-6,872.000039E-3,
,,,5.40800E-6,872.000039E-3,
,,,5.41200E-6,864.000022E-3,
,,,5.41600E-6,864.000022E-3,
,,,5.42000E-6,872.000039E-3,
,,,5.42400E-6,872.000039E-3,
,,,5.42800E-6,864.000022E-3,
,,,5.43200E-6,864.000022E-3,
,,,5.43600E-6,864.000022E-3,
,,,5.44000E-6,864.000022E-3,
,,,5.44400E-6,872.000039E-3,
,,,5.44800E-6,872.000039E-3,
,,,5.45200E-6,872.000039E-3,
,,,5.45600E-6,888.000071E-3,
,,,5.46000E-6,872.000039E-3,
,,,5.46400E-6,872.000039E-3,
,,,5.46800E-6,872.000039E-3,
,,,5.47200E-6,872.000039E-3,
,,,5.47600E-6,880.000055E-3,
,,,5.48000E-6,872.000039E-3,
,,,5.48400E-6,872.000039E-3,
,,,5.48800E-6,864.000022E-3,
,,,5.49200E-6,880.000055E-3,
,,,5.49600E-6,880.000055E-3,
,,,5.50000E-6,880.000055E-3,
,,,5.50400E-6,880.000055E-3,
,,,5.50800E-6,872.000039E-3,
,,,5.51200E-6,872.000039E-3,
,,,5.51600E-6,880.000055E-3,
,,,5.52000E-6,872.000039E-3,
,,,5.52400E-6,872.000039E-3,
,,,5.52800E-6,872.000039E-3,
,,,5.53200E-6,880.000055E-3,
,,,5.53600E-6,880.000055E-3,
,,,5.54000E-6,880.000055E-3,
,,,5.54400E-6,880.000055E-3,
,,,5.54800E-6,880.000055E-3,
,,,5.55200E-6,880.000055E-3,
,,,5.55600E-6,880.000055E-3,
,,,5.56000E-6,880.000055E-3,
,,,5.56400E-6,888.000071E-3,
,,,5.56800E-6,880.000055E-3,
,,,5.57200E-6,888.000071E-3,
,,,5.57600E-6,880.000055E-3,
,,,5.58000E-6,880.000055E-3,
,,,5.58400E-6,880.000055E-3,
,,,5.58800E-6,888.000071E-3,
,,,5.59200E-6,888.000071E-3,
,,,5.59600E-6,880.000055E-3,
,,,5.60000E-6,880.000055E-3,
,,,5.60400E-6,888.000071E-3,
,,,5.60800E-6,880.000055E-3,
,,,5.61200E-6,880.000055E-3,
,,,5.61600E-6,880.000055E-3,
,,,5.62000E-6,880.000055E-3,
,,,5.62400E-6,896.000028E-3,
,,,5.62800E-6,880.000055E-3,
,,,5.63200E-6,880.000055E-3,
,,,5.63600E-6,872.000039E-3,
,,,5.64000E-6,880.000055E-3,
,,,5.64400E-6,880.000055E-3,
,,,5.64800E-6,896.000028E-3,
,,,5.65200E-6,888.000071E-3,
,,,5.65600E-6,896.000028E-3,
,,,5.66000E-6,888.000071E-3,
,,,5.66400E-6,896.000028E-3,
,,,5.66800E-6,896.000028E-3,
,,,5.67200E-6,888.000071E-3,
,,,5.67600E-6,888.000071E-3,
,,,5.68000E-6,880.000055E-3,
,,,5.68400E-6,896.000028E-3,
,,,5.68800E-6,888.000071E-3,
,,,5.69200E-6,896.000028E-3,
,,,5.69600E-6,880.000055E-3,
,,,5.70000E-6,880.000055E-3,
,,,5.70400E-6,888.000071E-3,
,,,5.70800E-6,896.000028E-3,
,,,5.71200E-6,888.000071E-3,
,,,5.71600E-6,888.000071E-3,
,,,5.72000E-6,888.000071E-3,
,,,5.72400E-6,888.000071E-3,
,,,5.72800E-6,896.000028E-3,
,,,5.73200E-6,888.000071E-3,
,,,5.73600E-6,896.000028E-3,
,,,5.74000E-6,896.000028E-3,
,,,5.74400E-6,888.000071E-3,
,,,5.74800E-6,896.000028E-3,
,,,5.75200E-6,896.000028E-3,
,,,5.75600E-6,888.000071E-3,
,,,5.76000E-6,888.000071E-3,
,,,5.76400E-6,896.000028E-3,
,,,5.76800E-6,880.000055E-3,
,,,5.77200E-6,904.000044E-3,
,,,5.77600E-6,896.000028E-3,
,,,5.78000E-6,896.000028E-3,
,,,5.78400E-6,896.000028E-3,
,,,5.78800E-6,904.000044E-3,
,,,5.79200E-6,896.000028E-3,
,,,5.79600E-6,896.000028E-3,
,,,5.80000E-6,904.000044E-3,
,,,5.80400E-6,896.000028E-3,
,,,5.80800E-6,904.000044E-3,
,,,5.81200E-6,896.000028E-3,
,,,5.81600E-6,896.000028E-3,
,,,5.82000E-6,904.000044E-3,
,,,5.82400E-6,904.000044E-3,
,,,5.82800E-6,904.000044E-3,
,,,5.83200E-6,904.000044E-3,
,,,5.83600E-6,904.000044E-3,
,,,5.84000E-6,904.000044E-3,
,,,5.84400E-6,896.000028E-3,
,,,5.84800E-6,896.000028E-3,
,,,5.85200E-6,904.000044E-3,
,,,5.85600E-6,904.000044E-3,
,,,5.86000E-6,904.000044E-3,
,,,5.86400E-6,904.000044E-3,
,,,5.86800E-6,904.000044E-3,
,,,5.87200E-6,904.000044E-3,
,,,5.87600E-6,904.000044E-3,
