Record Length,2500,Points,-13.2000E-3,0.0,
Sample Interval,20.0000E-6,s,-13.1800E-3,-20.0000E-3,
Trigger Point,660.000013,Samples,-13.1600E-3,-20.0000E-3,
,,,-13.1400E-3,0.0,
,,,-13.1200E-3,0.0,
,,,-13.1000E-3,0.0,
Source,CH1,,-13.0800E-3,0.0,
Vertical Units,Volts,,-13.0600E-3,0.0,
Vertical Scale,499.999989E-3,,-13.0400E-3,-20.0000E-3,
Vertical Offset,0,,-13.0200E-3,-20.0000E-3,
Horizontal Units,s,,-13.0000E-3,0.0,
Horizontal Scale,5.00000E-3,,-12.9800E-3,0.0,
Pt Fmt,Y,,-12.9600E-3,-20.0000E-3,
Yzero,-3.28000,,-12.9400E-3,0.0,
Probe Atten,10.0000,,-12.9200E-3,0.0,
,,,-12.9000E-3,0.0,
Note,TDS 1001B - 2:26:42 PM   5/3/2018,,-12.8800E-3,0.0,
,,,-12.8600E-3,0.0,
,,,-12.8400E-3,0.0,
,,,-12.8200E-3,0.0,
,,,-12.8000E-3,0.0,
,,,-12.7800E-3,0.0,
,,,-12.7600E-3,0.0,
,,,-12.7400E-3,20.0000E-3,
,,,-12.7200E-3,0.0,
,,,-12.7000E-3,0.0,
,,,-12.6800E-3,0.0,
,,,-12.6600E-3,0.0,
,,,-12.6400E-3,20.0000E-3,
,,,-12.6200E-3,0.0,
,,,-12.6000E-3,0.0,
,,,-12.5800E-3,0.0,
,,,-12.5600E-3,20.0000E-3,
,,,-12.5400E-3,0.0,
,,,-12.5200E-3,20.0000E-3,
,,,-12.5000E-3,0.0,
,,,-12.4800E-3,0.0,
,,,-12.4600E-3,0.0,
,,,-12.4400E-3,0.0,
,,,-12.4200E-3,20.0000E-3,
,,,-12.4000E-3,0.0,
,,,-12.3800E-3,-20.0000E-3,
,,,-12.3600E-3,0.0,
,,,-12.3400E-3,0.0,
,,,-12.3200E-3,0.0,
,,,-12.3000E-3,0.0,
,,,-12.2800E-3,0.0,
,,,-12.2600E-3,-20.0000E-3,
,,,-12.2400E-3,0.0,
,,,-12.2200E-3,0.0,
,,,-12.2000E-3,0.0,
,,,-12.1800E-3,0.0,
,,,-12.1600E-3,0.0,
,,,-12.1400E-3,0.0,
,,,-12.1200E-3,0.0,
,,,-12.1000E-3,0.0,
,,,-12.0800E-3,0.0,
,,,-12.0600E-3,0.0,
,,,-12.0400E-3,0.0,
,,,-12.0200E-3,0.0,
,,,-12.0000E-3,0.0,
,,,-11.9800E-3,0.0,
,,,-11.9600E-3,0.0,
,,,-11.9400E-3,0.0,
,,,-11.9200E-3,0.0,
,,,-11.9000E-3,0.0,
,,,-11.8800E-3,0.0,
,,,-11.8600E-3,-20.0000E-3,
,,,-11.8400E-3,0.0,
,,,-11.8200E-3,0.0,
,,,-11.8000E-3,0.0,
,,,-11.7800E-3,0.0,
,,,-11.7600E-3,0.0,
,,,-11.7400E-3,0.0,
,,,-11.7200E-3,0.0,
,,,-11.7000E-3,20.0000E-3,
,,,-11.6800E-3,0.0,
,,,-11.6600E-3,0.0,
,,,-11.6400E-3,-20.0000E-3,
,,,-11.6200E-3,-20.0000E-3,
,,,-11.6000E-3,0.0,
,,,-11.5800E-3,-20.0000E-3,
,,,-11.5600E-3,-20.0000E-3,
,,,-11.5400E-3,0.0,
,,,-11.5200E-3,0.0,
,,,-11.5000E-3,0.0,
,,,-11.4800E-3,0.0,
,,,-11.4600E-3,0.0,
,,,-11.4400E-3,0.0,
,,,-11.4200E-3,-20.0000E-3,
,,,-11.4000E-3,0.0,
,,,-11.3800E-3,0.0,
,,,-11.3600E-3,-20.0000E-3,
,,,-11.3400E-3,20.0000E-3,
,,,-11.3200E-3,0.0,
,,,-11.3000E-3,0.0,
,,,-11.2800E-3,0.0,
,,,-11.2600E-3,0.0,
,,,-11.2400E-3,0.0,
,,,-11.2200E-3,0.0,
,,,-11.2000E-3,0.0,
,,,-11.1800E-3,-20.0000E-3,
,,,-11.1600E-3,-20.0000E-3,
,,,-11.1400E-3,-20.0000E-3,
,,,-11.1200E-3,0.0,
,,,-11.1000E-3,-20.0000E-3,
,,,-11.0800E-3,0.0,
,,,-11.0600E-3,0.0,
,,,-11.0400E-3,-20.0000E-3,
,,,-11.0200E-3,0.0,
,,,-11.0000E-3,0.0,
,,,-10.9800E-3,0.0,
,,,-10.9600E-3,0.0,
,,,-10.9400E-3,0.0,
,,,-10.9200E-3,20.0000E-3,
,,,-10.9000E-3,-20.0000E-3,
,,,-10.8800E-3,0.0,
,,,-10.8600E-3,0.0,
,,,-10.8400E-3,0.0,
,,,-10.8200E-3,0.0,
,,,-10.8000E-3,0.0,
,,,-10.7800E-3,0.0,
,,,-10.7600E-3,0.0,
,,,-10.7400E-3,0.0,
,,,-10.7200E-3,0.0,
,,,-10.7000E-3,0.0,
,,,-10.6800E-3,-20.0000E-3,
,,,-10.6600E-3,0.0,
,,,-10.6400E-3,0.0,
,,,-10.6200E-3,0.0,
,,,-10.6000E-3,0.0,
,,,-10.5800E-3,20.0000E-3,
,,,-10.5600E-3,0.0,
,,,-10.5400E-3,0.0,
,,,-10.5200E-3,20.0000E-3,
,,,-10.5000E-3,0.0,
,,,-10.4800E-3,0.0,
,,,-10.4600E-3,0.0,
,,,-10.4400E-3,-20.0000E-3,
,,,-10.4200E-3,0.0,
,,,-10.4000E-3,0.0,
,,,-10.3800E-3,0.0,
,,,-10.3600E-3,0.0,
,,,-10.3400E-3,0.0,
,,,-10.3200E-3,0.0,
,,,-10.3000E-3,0.0,
,,,-10.2800E-3,0.0,
,,,-10.2600E-3,0.0,
,,,-10.2400E-3,0.0,
,,,-10.2200E-3,0.0,
,,,-10.2000E-3,0.0,
,,,-10.1800E-3,0.0,
,,,-10.1600E-3,0.0,
,,,-10.1400E-3,-20.0000E-3,
,,,-10.1200E-3,0.0,
,,,-10.1000E-3,0.0,
,,,-10.0800E-3,0.0,
,,,-10.0600E-3,0.0,
,,,-10.0400E-3,20.0000E-3,
,,,-10.0200E-3,0.0,
,,,-10.00000E-3,0.0,
,,,-9.980000E-3,0.0,
,,,-9.960000E-3,0.0,
,,,-9.940000E-3,0.0,
,,,-9.920000E-3,20.0000E-3,
,,,-9.900000E-3,0.0,
,,,-9.880000E-3,0.0,
,,,-9.860000E-3,-20.0000E-3,
,,,-9.840000E-3,0.0,
,,,-9.820000E-3,0.0,
,,,-9.800000E-3,20.0000E-3,
,,,-9.780000E-3,0.0,
,,,-9.760000E-3,0.0,
,,,-9.740000E-3,0.0,
,,,-9.720000E-3,0.0,
,,,-9.700000E-3,0.0,
,,,-9.680000E-3,0.0,
,,,-9.660000E-3,0.0,
,,,-9.640000E-3,0.0,
,,,-9.620000E-3,0.0,
,,,-9.600000E-3,0.0,
,,,-9.580000E-3,0.0,
,,,-9.560000E-3,0.0,
,,,-9.540000E-3,0.0,
,,,-9.520000E-3,0.0,
,,,-9.500000E-3,0.0,
,,,-9.480000E-3,0.0,
,,,-9.460000E-3,-20.0000E-3,
,,,-9.440000E-3,0.0,
,,,-9.420000E-3,0.0,
,,,-9.400000E-3,-20.0000E-3,
,,,-9.380000E-3,-20.0000E-3,
,,,-9.360000E-3,0.0,
,,,-9.340000E-3,0.0,
,,,-9.320000E-3,0.0,
,,,-9.300000E-3,0.0,
,,,-9.280000E-3,0.0,
,,,-9.260000E-3,0.0,
,,,-9.240000E-3,0.0,
,,,-9.220000E-3,-20.0000E-3,
,,,-9.200000E-3,-20.0000E-3,
,,,-9.180000E-3,0.0,
,,,-9.160000E-3,0.0,
,,,-9.140000E-3,0.0,
,,,-9.120000E-3,0.0,
,,,-9.100000E-3,0.0,
,,,-9.080000E-3,0.0,
,,,-9.060000E-3,0.0,
,,,-9.040000E-3,0.0,
,,,-9.020000E-3,0.0,
,,,-9.000000E-3,0.0,
,,,-8.980000E-3,0.0,
,,,-8.960000E-3,-20.0000E-3,
,,,-8.940000E-3,0.0,
,,,-8.920000E-3,0.0,
,,,-8.900000E-3,0.0,
,,,-8.880000E-3,20.0000E-3,
,,,-8.860000E-3,0.0,
,,,-8.840000E-3,0.0,
,,,-8.820000E-3,0.0,
,,,-8.800000E-3,0.0,
,,,-8.780000E-3,0.0,
,,,-8.760000E-3,0.0,
,,,-8.740000E-3,0.0,
,,,-8.720000E-3,0.0,
,,,-8.700000E-3,0.0,
,,,-8.680000E-3,0.0,
,,,-8.660000E-3,-20.0000E-3,
,,,-8.640000E-3,-20.0000E-3,
,,,-8.620000E-3,20.0000E-3,
,,,-8.600000E-3,20.0000E-3,
,,,-8.580000E-3,0.0,
,,,-8.560000E-3,0.0,
,,,-8.540000E-3,0.0,
,,,-8.520000E-3,0.0,
,,,-8.500000E-3,0.0,
,,,-8.480000E-3,0.0,
,,,-8.460000E-3,0.0,
,,,-8.440000E-3,-20.0000E-3,
,,,-8.420000E-3,0.0,
,,,-8.400000E-3,0.0,
,,,-8.380000E-3,0.0,
,,,-8.360000E-3,0.0,
,,,-8.340000E-3,0.0,
,,,-8.320000E-3,0.0,
,,,-8.300000E-3,0.0,
,,,-8.280000E-3,0.0,
,,,-8.260000E-3,0.0,
,,,-8.240000E-3,0.0,
,,,-8.220000E-3,0.0,
,,,-8.200000E-3,0.0,
,,,-8.180000E-3,0.0,
,,,-8.160000E-3,0.0,
,,,-8.140001E-3,0.0,
,,,-8.120000E-3,0.0,
,,,-8.100000E-3,0.0,
,,,-8.080000E-3,0.0,
,,,-8.060000E-3,0.0,
,,,-8.040000E-3,20.0000E-3,
,,,-8.020000E-3,0.0,
,,,-8.000000E-3,20.0000E-3,
,,,-7.980000E-3,20.0000E-3,
,,,-7.960000E-3,-20.0000E-3,
,,,-7.940000E-3,0.0,
,,,-7.920000E-3,0.0,
,,,-7.900000E-3,0.0,
,,,-7.880000E-3,0.0,
,,,-7.860000E-3,0.0,
,,,-7.840000E-3,0.0,
,,,-7.820000E-3,20.0000E-3,
,,,-7.800000E-3,0.0,
,,,-7.780000E-3,20.0000E-3,
,,,-7.760000E-3,0.0,
,,,-7.740000E-3,0.0,
,,,-7.720000E-3,0.0,
,,,-7.700000E-3,0.0,
,,,-7.680000E-3,0.0,
,,,-7.660000E-3,0.0,
,,,-7.640000E-3,0.0,
,,,-7.620000E-3,0.0,
,,,-7.600000E-3,0.0,
,,,-7.580000E-3,0.0,
,,,-7.560000E-3,0.0,
,,,-7.540000E-3,0.0,
,,,-7.520000E-3,0.0,
,,,-7.500000E-3,20.0000E-3,
,,,-7.480000E-3,20.0000E-3,
,,,-7.460000E-3,0.0,
,,,-7.440000E-3,0.0,
,,,-7.420000E-3,0.0,
,,,-7.400000E-3,0.0,
,,,-7.38000E-3,0.0,
,,,-7.36000E-3,0.0,
,,,-7.34000E-3,0.0,
,,,-7.32000E-3,0.0,
,,,-7.30000E-3,20.0000E-3,
,,,-7.28000E-3,0.0,
,,,-7.26000E-3,0.0,
,,,-7.24000E-3,0.0,
,,,-7.22000E-3,0.0,
,,,-7.20000E-3,0.0,
,,,-7.18000E-3,0.0,
,,,-7.16000E-3,0.0,
,,,-7.14000E-3,0.0,
,,,-7.12000E-3,0.0,
,,,-7.10000E-3,0.0,
,,,-7.08000E-3,0.0,
,,,-7.06000E-3,0.0,
,,,-7.04000E-3,0.0,
,,,-7.02000E-3,0.0,
,,,-7.00000E-3,0.0,
,,,-6.98000E-3,0.0,
,,,-6.96000E-3,0.0,
,,,-6.94000E-3,0.0,
,,,-6.92000E-3,0.0,
,,,-6.90000E-3,0.0,
,,,-6.88000E-3,0.0,
,,,-6.86000E-3,0.0,
,,,-6.84000E-3,0.0,
,,,-6.82000E-3,0.0,
,,,-6.80000E-3,0.0,
,,,-6.78000E-3,-20.0000E-3,
,,,-6.76000E-3,0.0,
,,,-6.74000E-3,0.0,
,,,-6.72000E-3,0.0,
,,,-6.70000E-3,0.0,
,,,-6.68000E-3,0.0,
,,,-6.66000E-3,0.0,
,,,-6.64000E-3,0.0,
,,,-6.62000E-3,20.0000E-3,
,,,-6.60000E-3,0.0,
,,,-6.58000E-3,0.0,
,,,-6.56000E-3,0.0,
,,,-6.54000E-3,0.0,
,,,-6.52000E-3,-20.0000E-3,
,,,-6.50000E-3,0.0,
,,,-6.48000E-3,0.0,
,,,-6.46000E-3,0.0,
,,,-6.44000E-3,0.0,
,,,-6.42000E-3,0.0,
,,,-6.40000E-3,0.0,
,,,-6.38000E-3,0.0,
,,,-6.36000E-3,0.0,
,,,-6.34000E-3,0.0,
,,,-6.32000E-3,0.0,
,,,-6.30000E-3,-20.0000E-3,
,,,-6.28000E-3,0.0,
,,,-6.26000E-3,0.0,
,,,-6.24000E-3,0.0,
,,,-6.22000E-3,0.0,
,,,-6.20000E-3,0.0,
,,,-6.18000E-3,0.0,
,,,-6.16000E-3,0.0,
,,,-6.14000E-3,0.0,
,,,-6.12000E-3,0.0,
,,,-6.10000E-3,0.0,
,,,-6.08000E-3,0.0,
,,,-6.06000E-3,0.0,
,,,-6.04000E-3,0.0,
,,,-6.02000E-3,0.0,
,,,-6.00000E-3,0.0,
,,,-5.98000E-3,0.0,
,,,-5.96000E-3,0.0,
,,,-5.94000E-3,0.0,
,,,-5.92000E-3,0.0,
,,,-5.90000E-3,0.0,
,,,-5.88000E-3,0.0,
,,,-5.86000E-3,0.0,
,,,-5.84000E-3,0.0,
,,,-5.82000E-3,0.0,
,,,-5.80000E-3,0.0,
,,,-5.78000E-3,0.0,
,,,-5.76000E-3,0.0,
,,,-5.74000E-3,0.0,
,,,-5.72000E-3,0.0,
,,,-5.70000E-3,0.0,
,,,-5.68000E-3,0.0,
,,,-5.66000E-3,0.0,
,,,-5.64000E-3,0.0,
,,,-5.62000E-3,0.0,
,,,-5.60000E-3,0.0,
,,,-5.58000E-3,0.0,
,,,-5.56000E-3,0.0,
,,,-5.54000E-3,0.0,
,,,-5.52000E-3,0.0,
,,,-5.50000E-3,0.0,
,,,-5.48000E-3,0.0,
,,,-5.46000E-3,-20.0000E-3,
,,,-5.44000E-3,0.0,
,,,-5.42000E-3,0.0,
,,,-5.40000E-3,0.0,
,,,-5.38000E-3,0.0,
,,,-5.36000E-3,0.0,
,,,-5.34000E-3,0.0,
,,,-5.32000E-3,0.0,
,,,-5.30000E-3,-20.0000E-3,
,,,-5.28000E-3,0.0,
,,,-5.26000E-3,-20.0000E-3,
,,,-5.24000E-3,-20.0000E-3,
,,,-5.22000E-3,0.0,
,,,-5.20000E-3,0.0,
,,,-5.18000E-3,0.0,
,,,-5.16000E-3,0.0,
,,,-5.14000E-3,20.0000E-3,
,,,-5.12000E-3,0.0,
,,,-5.10000E-3,0.0,
,,,-5.08000E-3,0.0,
,,,-5.06000E-3,0.0,
,,,-5.04000E-3,0.0,
,,,-5.02000E-3,0.0,
,,,-5.00000E-3,0.0,
,,,-4.98000E-3,0.0,
,,,-4.96000E-3,0.0,
,,,-4.94000E-3,0.0,
,,,-4.92000E-3,0.0,
,,,-4.90000E-3,0.0,
,,,-4.88000E-3,0.0,
,,,-4.86000E-3,-20.0000E-3,
,,,-4.84000E-3,-20.0000E-3,
,,,-4.82000E-3,0.0,
,,,-4.80000E-3,-20.0000E-3,
,,,-4.78000E-3,20.0000E-3,
,,,-4.76000E-3,0.0,
,,,-4.74000E-3,0.0,
,,,-4.72000E-3,0.0,
,,,-4.70000E-3,0.0,
,,,-4.68000E-3,20.0000E-3,
,,,-4.66000E-3,0.0,
,,,-4.64000E-3,0.0,
,,,-4.62000E-3,0.0,
,,,-4.60000E-3,20.0000E-3,
,,,-4.58000E-3,0.0,
,,,-4.56000E-3,0.0,
,,,-4.54000E-3,0.0,
,,,-4.52000E-3,0.0,
,,,-4.50000E-3,0.0,
,,,-4.48000E-3,20.0000E-3,
,,,-4.46000E-3,0.0,
,,,-4.44000E-3,0.0,
,,,-4.42000E-3,0.0,
,,,-4.40000E-3,0.0,
,,,-4.38000E-3,0.0,
,,,-4.36000E-3,0.0,
,,,-4.34000E-3,0.0,
,,,-4.32000E-3,0.0,
,,,-4.30000E-3,0.0,
,,,-4.28000E-3,0.0,
,,,-4.26000E-3,0.0,
,,,-4.24000E-3,0.0,
,,,-4.22000E-3,0.0,
,,,-4.20000E-3,0.0,
,,,-4.18000E-3,0.0,
,,,-4.16000E-3,0.0,
,,,-4.14000E-3,0.0,
,,,-4.12000E-3,0.0,
,,,-4.10000E-3,-20.0000E-3,
,,,-4.08000E-3,0.0,
,,,-4.06000E-3,0.0,
,,,-4.04000E-3,0.0,
,,,-4.02000E-3,0.0,
,,,-4.00000E-3,0.0,
,,,-3.98000E-3,0.0,
,,,-3.96000E-3,0.0,
,,,-3.94000E-3,20.0000E-3,
,,,-3.92000E-3,0.0,
,,,-3.90000E-3,20.0000E-3,
,,,-3.88000E-3,0.0,
,,,-3.86000E-3,0.0,
,,,-3.84000E-3,0.0,
,,,-3.82000E-3,0.0,
,,,-3.80000E-3,0.0,
,,,-3.78000E-3,0.0,
,,,-3.76000E-3,0.0,
,,,-3.74000E-3,0.0,
,,,-3.72000E-3,0.0,
,,,-3.70000E-3,0.0,
,,,-3.68000E-3,0.0,
,,,-3.66000E-3,-20.0000E-3,
,,,-3.64000E-3,0.0,
,,,-3.62000E-3,0.0,
,,,-3.60000E-3,0.0,
,,,-3.58000E-3,0.0,
,,,-3.56000E-3,0.0,
,,,-3.54000E-3,0.0,
,,,-3.52000E-3,0.0,
,,,-3.50000E-3,0.0,
,,,-3.48000E-3,0.0,
,,,-3.46000E-3,0.0,
,,,-3.44000E-3,20.0000E-3,
,,,-3.42000E-3,0.0,
,,,-3.40000E-3,0.0,
,,,-3.38000E-3,0.0,
,,,-3.36000E-3,0.0,
,,,-3.34000E-3,0.0,
,,,-3.32000E-3,0.0,
,,,-3.30000E-3,0.0,
,,,-3.28000E-3,-20.0000E-3,
,,,-3.26000E-3,0.0,
,,,-3.24000E-3,0.0,
,,,-3.22000E-3,0.0,
,,,-3.20000E-3,20.0000E-3,
,,,-3.18000E-3,0.0,
,,,-3.16000E-3,0.0,
,,,-3.14000E-3,0.0,
,,,-3.12000E-3,0.0,
,,,-3.10000E-3,20.0000E-3,
,,,-3.08000E-3,20.0000E-3,
,,,-3.06000E-3,0.0,
,,,-3.04000E-3,-20.0000E-3,
,,,-3.02000E-3,0.0,
,,,-3.00000E-3,0.0,
,,,-2.98000E-3,0.0,
,,,-2.96000E-3,0.0,
,,,-2.94000E-3,0.0,
,,,-2.92000E-3,0.0,
,,,-2.90000E-3,0.0,
,,,-2.88000E-3,0.0,
,,,-2.86000E-3,0.0,
,,,-2.84000E-3,0.0,
,,,-2.82000E-3,0.0,
,,,-2.80000E-3,0.0,
,,,-2.78000E-3,0.0,
,,,-2.76000E-3,0.0,
,,,-2.74000E-3,20.0000E-3,
,,,-2.72000E-3,-20.0000E-3,
,,,-2.7000E-3,-20.0000E-3,
,,,-2.6800E-3,-20.0000E-3,
,,,-2.6600E-3,0.0,
,,,-2.6400E-3,0.0,
,,,-2.6200E-3,0.0,
,,,-2.6000E-3,0.0,
,,,-2.5800E-3,20.0000E-3,
,,,-2.5600E-3,0.0,
,,,-2.5400E-3,0.0,
,,,-2.5200E-3,0.0,
,,,-2.5000E-3,0.0,
,,,-2.4800E-3,0.0,
,,,-2.4600E-3,0.0,
,,,-2.4400E-3,0.0,
,,,-2.4200E-3,0.0,
,,,-2.4000E-3,0.0,
,,,-2.3800E-3,0.0,
,,,-2.3600E-3,0.0,
,,,-2.3400E-3,0.0,
,,,-2.3200E-3,0.0,
,,,-2.3000E-3,0.0,
,,,-2.2800E-3,0.0,
,,,-2.2600E-3,0.0,
,,,-2.2400E-3,0.0,
,,,-2.2200E-3,0.0,
,,,-2.2000E-3,0.0,
,,,-2.1800E-3,0.0,
,,,-2.1600E-3,0.0,
,,,-2.1400E-3,0.0,
,,,-2.1200E-3,0.0,
,,,-2.1000E-3,20.0000E-3,
,,,-2.0800E-3,0.0,
,,,-2.0600E-3,-20.0000E-3,
,,,-2.0400E-3,0.0,
,,,-2.0200E-3,0.0,
,,,-2.0000E-3,0.0,
,,,-1.9800E-3,0.0,
,,,-1.9600E-3,0.0,
,,,-1.9400E-3,0.0,
,,,-1.9200E-3,0.0,
,,,-1.9000E-3,0.0,
,,,-1.8800E-3,0.0,
,,,-1.8600E-3,0.0,
,,,-1.8400E-3,0.0,
,,,-1.8200E-3,0.0,
,,,-1.8000E-3,0.0,
,,,-1.7800E-3,0.0,
,,,-1.7600E-3,0.0,
,,,-1.7400E-3,0.0,
,,,-1.7200E-3,0.0,
,,,-1.7000E-3,0.0,
,,,-1.6800E-3,20.0000E-3,
,,,-1.6600E-3,0.0,
,,,-1.6400E-3,0.0,
,,,-1.6200E-3,0.0,
,,,-1.6000E-3,0.0,
,,,-1.5800E-3,0.0,
,,,-1.5600E-3,0.0,
,,,-1.5400E-3,0.0,
,,,-1.5200E-3,0.0,
,,,-1.5000E-3,0.0,
,,,-1.4800E-3,0.0,
,,,-1.4600E-3,0.0,
,,,-1.4400E-3,0.0,
,,,-1.4200E-3,20.0000E-3,
,,,-1.4000E-3,0.0,
,,,-1.3800E-3,0.0,
,,,-1.3600E-3,0.0,
,,,-1.3400E-3,0.0,
,,,-1.3200E-3,0.0,
,,,-1.3000E-3,0.0,
,,,-1.2800E-3,0.0,
,,,-1.2600E-3,0.0,
,,,-1.2400E-3,-20.0000E-3,
,,,-1.2200E-3,0.0,
,,,-1.2000E-3,0.0,
,,,-1.1800E-3,20.0000E-3,
,,,-1.1600E-3,0.0,
,,,-1.1400E-3,0.0,
,,,-1.1200E-3,0.0,
,,,-1.1000E-3,0.0,
,,,-1.0800E-3,20.0000E-3,
,,,-1.0600E-3,0.0,
,,,-1.0400E-3,0.0,
,,,-1.0200E-3,0.0,
,,,-1.0000E-3,0.0,
,,,-980.000244E-6,0.0,
,,,-960.000209E-6,0.0,
,,,-940.000231E-6,0.0,
,,,-920.000253E-6,0.0,
,,,-900.000217E-6,0.0,
,,,-880.000240E-6,0.0,
,,,-860.000262E-6,0.0,
,,,-840.000226E-6,0.0,
,,,-820.000248E-6,0.0,
,,,-800.000271E-6,0.0,
,,,-780.000235E-6,0.0,
,,,-760.000257E-6,0.0,
,,,-740.000221E-6,0.0,
,,,-720.000244E-6,20.0000E-3,
,,,-700.000266E-6,0.0,
,,,-680.000230E-6,-20.0000E-3,
,,,-660.000253E-6,20.0000E-3,
,,,-640.000217E-6,0.0,
,,,-620.000239E-6,0.0,
,,,-600.000261E-6,0.0,
,,,-580.000225E-6,0.0,
,,,-560.000248E-6,-20.0000E-3,
,,,-540.000270E-6,0.0,
,,,-520.000234E-6,0.0,
,,,-500.000257E-6,0.0,
,,,-480.000250E-6,0.0,
,,,-460.000243E-6,0.0,
,,,-440.000265E-6,0.0,
,,,-420.000259E-6,-20.0000E-3,
,,,-400.00025E-6,0.0,
,,,-380.00025E-6,0.0,
,,,-360.00024E-6,-20.0000E-3,
,,,-340.00026E-6,0.0,
,,,-320.00025E-6,0.0,
,,,-300.00025E-6,0.0,
,,,-280.00027E-6,-20.0000E-3,
,,,-260.00026E-6,0.0,
,,,-240.00026E-6,0.0,
,,,-220.00025E-6,0.0,
,,,-200.00026E-6,0.0,
,,,-180.00026E-6,0.0,
,,,-160.00026E-6,0.0,
,,,-140.0003E-6,0.0,
,,,-120.0003E-6,0.0,
,,,-100.0003E-6,0.0,
,,,-80.000260E-6,0.0,
,,,-60.000260E-6,0.0,
,,,-40.00026E-6,0.0,
,,,-20.0003E-6,0.0,
,,,-261.93447E-12,939.999998E-3,
,,,19.9997E-6,2.1400,
,,,39.99974E-6,2.5200,
,,,59.999737E-6,2.74000,
,,,79.999736E-6,2.86000,
,,,99.999736E-6,2.94000,
,,,119.9997E-6,2.94000,
,,,139.9997E-6,2.94000,
,,,159.99973E-6,2.96000,
,,,179.99974E-6,2.94000,
,,,199.99973E-6,2.92000,
,,,219.99973E-6,2.90000,
,,,239.99973E-6,2.90000,
,,,259.99974E-6,2.88000,
,,,279.99975E-6,2.88000,
,,,299.99972E-6,2.86000,
,,,319.99973E-6,2.86000,
,,,339.99974E-6,2.84000,
,,,359.99971E-6,2.82000,
,,,379.99972E-6,2.82000,
,,,399.99973E-6,2.82000,
,,,419.999735E-6,2.80000,
,,,439.999742E-6,2.80000,
,,,459.999719E-6,2.78000,
,,,479.999726E-6,2.78000,
,,,499.999733E-6,2.76000,
,,,519.999710E-6,2.76000,
,,,539.999746E-6,2.76000,
,,,559.999724E-6,2.74000,
,,,579.999702E-6,2.72000,
,,,599.999737E-6,2.72000,
,,,619.999715E-6,2.72000,
,,,639.999751E-6,2.7000,
,,,659.999729E-6,2.6800,
,,,679.999706E-6,2.6800,
,,,699.999742E-6,2.6800,
,,,719.999720E-6,2.6400,
,,,739.999698E-6,2.6400,
,,,759.999733E-6,2.6400,
,,,779.999711E-6,2.6200,
,,,799.999689E-6,2.6200,
,,,819.999725E-6,2.6200,
,,,839.999702E-6,2.6000,
,,,859.999738E-6,2.5800,
,,,879.999716E-6,2.6000,
,,,899.999694E-6,2.5800,
,,,919.999729E-6,2.5600,
,,,939.999707E-6,2.5400,
,,,959.999743E-6,2.5400,
,,,979.999662E-6,2.5200,
,,,1.000E-3,2.5200,
,,,1.0200E-3,2.5200,
,,,1.0400E-3,2.5200,
,,,1.0600E-3,2.4800,
,,,1.0800E-3,2.4800,
,,,1.1000E-3,2.4800,
,,,1.1200E-3,2.4600,
,,,1.1400E-3,2.4600,
,,,1.1600E-3,2.4400,
,,,1.1800E-3,2.4400,
,,,1.2000E-3,2.4400,
,,,1.2200E-3,2.4400,
,,,1.2400E-3,2.4200,
,,,1.2600E-3,2.4000,
,,,1.2800E-3,2.4000,
,,,1.3000E-3,2.3800,
,,,1.3200E-3,2.4000,
,,,1.3400E-3,2.3800,
,,,1.3600E-3,2.3600,
,,,1.3800E-3,2.3600,
,,,1.4000E-3,2.3600,
,,,1.4200E-3,2.3400,
,,,1.4400E-3,2.3200,
,,,1.4600E-3,2.3200,
,,,1.4800E-3,2.3000,
,,,1.5000E-3,2.3000,
,,,1.5200E-3,2.3000,
,,,1.5400E-3,2.3000,
,,,1.5600E-3,2.2800,
,,,1.5800E-3,2.2800,
,,,1.6000E-3,2.2800,
,,,1.6200E-3,2.2600,
,,,1.6400E-3,2.2600,
,,,1.6600E-3,2.2400,
,,,1.6800E-3,2.2400,
,,,1.7000E-3,2.2400,
,,,1.7200E-3,2.2000,
,,,1.7400E-3,2.2200,
,,,1.7600E-3,2.2000,
,,,1.7800E-3,2.2000,
,,,1.8000E-3,2.2000,
,,,1.8200E-3,2.1800,
,,,1.8400E-3,2.1600,
,,,1.8600E-3,2.1600,
,,,1.8800E-3,2.1600,
,,,1.9000E-3,2.1600,
,,,1.9200E-3,2.1600,
,,,1.9400E-3,2.1400,
,,,1.9600E-3,2.1200,
,,,1.9800E-3,2.1000,
,,,2.0000E-3,2.1000,
,,,2.0200E-3,2.1000,
,,,2.0400E-3,2.1000,
,,,2.0600E-3,2.0800,
,,,2.0800E-3,2.0800,
,,,2.1000E-3,2.0800,
,,,2.1200E-3,2.0600,
,,,2.1400E-3,2.0600,
,,,2.1600E-3,2.0600,
,,,2.1800E-3,2.0400,
,,,2.2000E-3,2.0200,
,,,2.2200E-3,2.0200,
,,,2.2400E-3,2.0200,
,,,2.2600E-3,2.0000,
,,,2.2800E-3,2.0000,
,,,2.3000E-3,2.0000,
,,,2.3200E-3,1.9800,
,,,2.3400E-3,1.9800,
,,,2.3600E-3,1.9800,
,,,2.3800E-3,1.9600,
,,,2.4000E-3,1.9600,
,,,2.4200E-3,1.9400,
,,,2.4400E-3,1.9400,
,,,2.4600E-3,1.9400,
,,,2.4800E-3,1.9200,
,,,2.5000E-3,1.9200,
,,,2.5200E-3,1.9200,
,,,2.5400E-3,1.9200,
,,,2.5600E-3,1.9000,
,,,2.5800E-3,1.9000,
,,,2.6000E-3,1.8800,
,,,2.6200E-3,1.8800,
,,,2.6400E-3,1.8800,
,,,2.6600E-3,1.8800,
,,,2.6800E-3,1.8800,
,,,2.7000E-3,1.8600,
,,,2.72000E-3,1.8400,
,,,2.74000E-3,1.8400,
,,,2.76000E-3,1.8400,
,,,2.78000E-3,1.8400,
,,,2.80000E-3,1.8400,
,,,2.82000E-3,1.8200,
,,,2.84000E-3,1.8200,
,,,2.86000E-3,1.8000,
,,,2.88000E-3,1.8000,
,,,2.90000E-3,1.8000,
,,,2.92000E-3,1.7800,
,,,2.94000E-3,1.7600,
,,,2.96000E-3,1.7800,
,,,2.98000E-3,1.7600,
,,,3.00000E-3,1.7600,
,,,3.02000E-3,1.7400,
,,,3.04000E-3,1.7400,
,,,3.06000E-3,1.7400,
,,,3.08000E-3,1.7400,
,,,3.10000E-3,1.7400,
,,,3.12000E-3,1.7200,
,,,3.14000E-3,1.7200,
,,,3.16000E-3,1.7200,
,,,3.18000E-3,1.7000,
,,,3.20000E-3,1.7000,
,,,3.22000E-3,1.7000,
,,,3.24000E-3,1.6800,
,,,3.26000E-3,1.6800,
,,,3.28000E-3,1.6800,
,,,3.30000E-3,1.6600,
,,,3.32000E-3,1.6800,
,,,3.34000E-3,1.6600,
,,,3.36000E-3,1.6400,
,,,3.38000E-3,1.6400,
,,,3.40000E-3,1.6400,
,,,3.42000E-3,1.6400,
,,,3.44000E-3,1.6200,
,,,3.46000E-3,1.6200,
,,,3.48000E-3,1.6000,
,,,3.50000E-3,1.6200,
,,,3.52000E-3,1.6000,
,,,3.54000E-3,1.5800,
,,,3.56000E-3,1.6000,
,,,3.58000E-3,1.5800,
,,,3.60000E-3,1.5800,
,,,3.62000E-3,1.5600,
,,,3.64000E-3,1.5600,
,,,3.66000E-3,1.5600,
,,,3.68000E-3,1.5400,
,,,3.70000E-3,1.5400,
,,,3.72000E-3,1.5400,
,,,3.74000E-3,1.5400,
,,,3.76000E-3,1.5400,
,,,3.78000E-3,1.5200,
,,,3.80000E-3,1.5200,
,,,3.82000E-3,1.5200,
,,,3.84000E-3,1.5200,
,,,3.86000E-3,1.5000,
,,,3.88000E-3,1.5200,
,,,3.90000E-3,1.5000,
,,,3.92000E-3,1.4800,
,,,3.94000E-3,1.5000,
,,,3.96000E-3,1.4800,
,,,3.98000E-3,1.4800,
,,,4.00000E-3,1.4600,
,,,4.02000E-3,1.4600,
,,,4.04000E-3,1.4600,
,,,4.06000E-3,1.4400,
,,,4.08000E-3,1.4400,
,,,4.10000E-3,1.4200,
,,,4.12000E-3,1.4200,
,,,4.14000E-3,1.4400,
,,,4.16000E-3,1.4200,
,,,4.18000E-3,1.4200,
,,,4.20000E-3,1.4200,
,,,4.22000E-3,1.4200,
,,,4.24000E-3,1.4000,
,,,4.26000E-3,1.4000,
,,,4.28000E-3,1.3800,
,,,4.30000E-3,1.4000,
,,,4.32000E-3,1.4000,
,,,4.34000E-3,1.3800,
,,,4.36000E-3,1.3800,
,,,4.38000E-3,1.3800,
,,,4.40000E-3,1.3600,
,,,4.42000E-3,1.3600,
,,,4.44000E-3,1.3600,
,,,4.46000E-3,1.3600,
,,,4.48000E-3,1.3600,
,,,4.50000E-3,1.3400,
,,,4.52000E-3,1.3400,
,,,4.54000E-3,1.3400,
,,,4.56000E-3,1.3200,
,,,4.58000E-3,1.3200,
,,,4.60000E-3,1.3200,
,,,4.62000E-3,1.3200,
,,,4.64000E-3,1.3200,
,,,4.66000E-3,1.3000,
,,,4.68000E-3,1.3000,
,,,4.70000E-3,1.3000,
,,,4.72000E-3,1.2800,
,,,4.74000E-3,1.2800,
,,,4.76000E-3,1.2800,
,,,4.78000E-3,1.2800,
,,,4.80000E-3,1.2600,
,,,4.82000E-3,1.2600,
,,,4.84000E-3,1.2600,
,,,4.86000E-3,1.2600,
,,,4.88000E-3,1.2600,
,,,4.90000E-3,1.2400,
,,,4.92000E-3,1.2400,
,,,4.94000E-3,1.2400,
,,,4.96000E-3,1.2400,
,,,4.98000E-3,1.2400,
,,,5.00000E-3,1.2200,
,,,5.02000E-3,1.2200,
,,,5.04000E-3,1.2200,
,,,5.06000E-3,1.2200,
,,,5.08000E-3,1.2000,
,,,5.10000E-3,1.2000,
,,,5.12000E-3,1.1800,
,,,5.14000E-3,1.2000,
,,,5.16000E-3,1.1800,
,,,5.18000E-3,1.1800,
,,,5.20000E-3,1.1800,
,,,5.22000E-3,1.1800,
,,,5.24000E-3,1.1800,
,,,5.26000E-3,1.1800,
,,,5.28000E-3,1.1600,
,,,5.30000E-3,1.1600,
,,,5.32000E-3,1.1600,
,,,5.34000E-3,1.1600,
,,,5.36000E-3,1.1400,
,,,5.38000E-3,1.1600,
,,,5.40000E-3,1.1400,
,,,5.42000E-3,1.1400,
,,,5.44000E-3,1.1400,
,,,5.46000E-3,1.1200,
,,,5.48000E-3,1.1200,
,,,5.50000E-3,1.1200,
,,,5.52000E-3,1.1200,
,,,5.54000E-3,1.1200,
,,,5.56000E-3,1.1000,
,,,5.58000E-3,1.1000,
,,,5.60000E-3,1.1000,
,,,5.62000E-3,1.1000,
,,,5.64000E-3,1.1000,
,,,5.66000E-3,1.1000,
,,,5.68000E-3,1.0800,
,,,5.70000E-3,1.0800,
,,,5.72000E-3,1.0800,
,,,5.74000E-3,1.0600,
,,,5.76000E-3,1.0800,
,,,5.78000E-3,1.0600,
,,,5.80000E-3,1.0600,
,,,5.82000E-3,1.0600,
,,,5.84000E-3,1.0600,
,,,5.86000E-3,1.0600,
,,,5.88000E-3,1.0600,
,,,5.90000E-3,1.0600,
,,,5.92000E-3,1.0600,
,,,5.94000E-3,1.0400,
,,,5.96000E-3,1.0400,
,,,5.98000E-3,1.0400,
,,,6.00000E-3,1.0200,
,,,6.02000E-3,1.0200,
,,,6.04000E-3,1.0200,
,,,6.06000E-3,1.0400,
,,,6.08000E-3,1.0200,
,,,6.10000E-3,1.0200,
,,,6.12000E-3,1.000,
,,,6.14000E-3,1.0200,
,,,6.16000E-3,1.000,
,,,6.18000E-3,979.999959E-3,
,,,6.20000E-3,979.999959E-3,
,,,6.22000E-3,979.999959E-3,
,,,6.24000E-3,1.000,
,,,6.26000E-3,959.999979E-3,
,,,6.28000E-3,979.999959E-3,
,,,6.30000E-3,979.999959E-3,
,,,6.32000E-3,979.999959E-3,
,,,6.34000E-3,979.999959E-3,
,,,6.36000E-3,959.999979E-3,
,,,6.38000E-3,959.999979E-3,
,,,6.40000E-3,939.999998E-3,
,,,6.42000E-3,959.999979E-3,
,,,6.44000E-3,959.999979E-3,
,,,6.46000E-3,939.999998E-3,
,,,6.48000E-3,939.999998E-3,
,,,6.50000E-3,939.999998E-3,
,,,6.52000E-3,939.999998E-3,
,,,6.54000E-3,919.999957E-3,
,,,6.56000E-3,919.999957E-3,
,,,6.58000E-3,919.999957E-3,
,,,6.60000E-3,919.999957E-3,
,,,6.62000E-3,919.999957E-3,
,,,6.64000E-3,899.999976E-3,
,,,6.66000E-3,919.999957E-3,
,,,6.68000E-3,899.999976E-3,
,,,6.70000E-3,899.999976E-3,
,,,6.72000E-3,899.999976E-3,
,,,6.74000E-3,899.999976E-3,
,,,6.76000E-3,899.999976E-3,
,,,6.78000E-3,899.999976E-3,
,,,6.80000E-3,879.999995E-3,
,,,6.82000E-3,879.999995E-3,
,,,6.84000E-3,879.999995E-3,
,,,6.86000E-3,879.999995E-3,
,,,6.88000E-3,859.999955E-3,
,,,6.90000E-3,859.999955E-3,
,,,6.92000E-3,859.999955E-3,
,,,6.94000E-3,859.999955E-3,
,,,6.96000E-3,859.999955E-3,
,,,6.98000E-3,859.999955E-3,
,,,7.00000E-3,859.999955E-3,
,,,7.02000E-3,859.999955E-3,
,,,7.04000E-3,839.999974E-3,
,,,7.06000E-3,859.999955E-3,
,,,7.08000E-3,839.999974E-3,
,,,7.10000E-3,859.999955E-3,
,,,7.12000E-3,839.999974E-3,
,,,7.14000E-3,839.999974E-3,
,,,7.16000E-3,839.999974E-3,
,,,7.18000E-3,819.999993E-3,
,,,7.20000E-3,819.999993E-3,
,,,7.22000E-3,819.999993E-3,
,,,7.24000E-3,819.999993E-3,
,,,7.26000E-3,799.999952E-3,
,,,7.28000E-3,819.999993E-3,
,,,7.30000E-3,819.999993E-3,
,,,7.32000E-3,799.999952E-3,
,,,7.34000E-3,799.999952E-3,
,,,7.36000E-3,799.999952E-3,
,,,7.38000E-3,799.999952E-3,
,,,7.400000E-3,799.999952E-3,
,,,7.420000E-3,779.999971E-3,
,,,7.439999E-3,799.999952E-3,
,,,7.460000E-3,799.999952E-3,
,,,7.480000E-3,779.999971E-3,
,,,7.499999E-3,779.999971E-3,
,,,7.520000E-3,779.999971E-3,
,,,7.540000E-3,779.999971E-3,
,,,7.559999E-3,759.999990E-3,
,,,7.580000E-3,759.999990E-3,
,,,7.600000E-3,759.999990E-3,
,,,7.619999E-3,759.999990E-3,
,,,7.640000E-3,759.999990E-3,
,,,7.660000E-3,759.999990E-3,
,,,7.679999E-3,759.999990E-3,
,,,7.699999E-3,759.999990E-3,
,,,7.720000E-3,740.000010E-3,
,,,7.739999E-3,740.000010E-3,
,,,7.759999E-3,759.999990E-3,
,,,7.780000E-3,719.999969E-3,
,,,7.799999E-3,759.999990E-3,
,,,7.820000E-3,759.999990E-3,
,,,7.839999E-3,719.999969E-3,
,,,7.859999E-3,740.000010E-3,
,,,7.879999E-3,719.999969E-3,
,,,7.900000E-3,719.999969E-3,
,,,7.920000E-3,719.999969E-3,
,,,7.940000E-3,719.999969E-3,
,,,7.959999E-3,719.999969E-3,
,,,7.979999E-3,719.999969E-3,
,,,7.999999E-3,699.999988E-3,
,,,8.020000E-3,719.999969E-3,
,,,8.040000E-3,699.999988E-3,
,,,8.060000E-3,719.999969E-3,
,,,8.079999E-3,699.999988E-3,
,,,8.099999E-3,699.999988E-3,
,,,8.119999E-3,699.999988E-3,
,,,8.140000E-3,699.999988E-3,
,,,8.160000E-3,699.999988E-3,
,,,8.180000E-3,699.999988E-3,
,,,8.199999E-3,699.999988E-3,
,,,8.219999E-3,680.000007E-3,
,,,8.239999E-3,680.000007E-3,
,,,8.260000E-3,680.000007E-3,
,,,8.280000E-3,680.000007E-3,
,,,8.300000E-3,680.000007E-3,
,,,8.319999E-3,680.000007E-3,
,,,8.339999E-3,659.999967E-3,
,,,8.359999E-3,659.999967E-3,
,,,8.380000E-3,659.999967E-3,
,,,8.400000E-3,680.000007E-3,
,,,8.420000E-3,659.999967E-3,
,,,8.439999E-3,659.999967E-3,
,,,8.459999E-3,659.999967E-3,
,,,8.479999E-3,659.999967E-3,
,,,8.500000E-3,659.999967E-3,
,,,8.520000E-3,659.999967E-3,
,,,8.540000E-3,639.999986E-3,
,,,8.560000E-3,659.999967E-3,
,,,8.579999E-3,659.999967E-3,
,,,8.599999E-3,659.999967E-3,
,,,8.620000E-3,639.999986E-3,
,,,8.640000E-3,620.000005E-3,
,,,8.660000E-3,620.000005E-3,
,,,8.680000E-3,639.999986E-3,
,,,8.699999E-3,639.999986E-3,
,,,8.719999E-3,639.999986E-3,
,,,8.739999E-3,639.999986E-3,
,,,8.760000E-3,620.000005E-3,
,,,8.780000E-3,620.000005E-3,
,,,8.800000E-3,620.000005E-3,
,,,8.819999E-3,620.000005E-3,
,,,8.839999E-3,620.000005E-3,
,,,8.859999E-3,620.000005E-3,
,,,8.880000E-3,599.999964E-3,
,,,8.900000E-3,599.999964E-3,
,,,8.920000E-3,599.999964E-3,
,,,8.939999E-3,599.999964E-3,
,,,8.959999E-3,599.999964E-3,
,,,8.979999E-3,599.999964E-3,
,,,9.000000E-3,599.999964E-3,
,,,9.020000E-3,599.999964E-3,
,,,9.040000E-3,579.999983E-3,
,,,9.059999E-3,599.999964E-3,
,,,9.079999E-3,599.999964E-3,
,,,9.099999E-3,579.999983E-3,
,,,9.120000E-3,579.999983E-3,
,,,9.140000E-3,579.999983E-3,
,,,9.160000E-3,560.000002E-3,
,,,9.179999E-3,579.999983E-3,
,,,9.199999E-3,579.999983E-3,
,,,9.219999E-3,579.999983E-3,
,,,9.240000E-3,560.000002E-3,
,,,9.260000E-3,560.000002E-3,
,,,9.280000E-3,560.000002E-3,
,,,9.299999E-3,560.000002E-3,
,,,9.319999E-3,560.000002E-3,
,,,9.339999E-3,560.000002E-3,
,,,9.360000E-3,560.000002E-3,
,,,9.380000E-3,560.000002E-3,
,,,9.400000E-3,560.000002E-3,
,,,9.419999E-3,560.000002E-3,
,,,9.439999E-3,539.999962E-3,
,,,9.459999E-3,539.999962E-3,
,,,9.480000E-3,539.999962E-3,
,,,9.500000E-3,539.999962E-3,
,,,9.520000E-3,539.999962E-3,
,,,9.539999E-3,539.999962E-3,
,,,9.559999E-3,519.999981E-3,
,,,9.579999E-3,539.999962E-3,
,,,9.600000E-3,519.999981E-3,
,,,9.620000E-3,539.999962E-3,
,,,9.640000E-3,519.999981E-3,
,,,9.659999E-3,519.999981E-3,
,,,9.679999E-3,519.999981E-3,
,,,9.699999E-3,519.999981E-3,
,,,9.720000E-3,519.999981E-3,
,,,9.740000E-3,519.999981E-3,
,,,9.760000E-3,500.000000E-3,
,,,9.779999E-3,500.000000E-3,
,,,9.799999E-3,500.000000E-3,
,,,9.819999E-3,500.000000E-3,
,,,9.839999E-3,500.000000E-3,
,,,9.860000E-3,500.000000E-3,
,,,9.880000E-3,519.999981E-3,
,,,9.900000E-3,500.000000E-3,
,,,9.919999E-3,519.999981E-3,
,,,9.939999E-3,500.000000E-3,
,,,9.959999E-3,500.000000E-3,
,,,9.980000E-3,500.000000E-3,
,,,10.00000E-3,500.000000E-3,
,,,10.0200E-3,479.999989E-3,
,,,10.0400E-3,500.000000E-3,
,,,10.0600E-3,479.999989E-3,
,,,10.0800E-3,500.000000E-3,
,,,10.1000E-3,479.999989E-3,
,,,10.1200E-3,500.000000E-3,
,,,10.1400E-3,500.000000E-3,
,,,10.1600E-3,479.999989E-3,
,,,10.1800E-3,479.999989E-3,
,,,10.2000E-3,479.999989E-3,
,,,10.2200E-3,459.999979E-3,
,,,10.2400E-3,479.999989E-3,
,,,10.2600E-3,459.999979E-3,
,,,10.2800E-3,479.999989E-3,
,,,10.3000E-3,459.999979E-3,
,,,10.3200E-3,459.999979E-3,
,,,10.3400E-3,459.999979E-3,
,,,10.3600E-3,459.999979E-3,
,,,10.3800E-3,459.999979E-3,
,,,10.4000E-3,439.999998E-3,
,,,10.4200E-3,459.999979E-3,
,,,10.4400E-3,439.999998E-3,
,,,10.4600E-3,459.999979E-3,
,,,10.4800E-3,459.999979E-3,
,,,10.5000E-3,439.999998E-3,
,,,10.5200E-3,439.999998E-3,
,,,10.5400E-3,439.999998E-3,
,,,10.5600E-3,439.999998E-3,
,,,10.5800E-3,439.999998E-3,
,,,10.6000E-3,439.999998E-3,
,,,10.6200E-3,439.999998E-3,
,,,10.6400E-3,439.999998E-3,
,,,10.6600E-3,439.999998E-3,
,,,10.6800E-3,439.999998E-3,
,,,10.7000E-3,439.999998E-3,
,,,10.7200E-3,419.999987E-3,
,,,10.7400E-3,419.999987E-3,
,,,10.7600E-3,439.999998E-3,
,,,10.7800E-3,419.999987E-3,
,,,10.8000E-3,439.999998E-3,
,,,10.8200E-3,419.999987E-3,
,,,10.8400E-3,419.999987E-3,
,,,10.8600E-3,419.999987E-3,
,,,10.8800E-3,419.999987E-3,
,,,10.9000E-3,419.999987E-3,
,,,10.9200E-3,419.999987E-3,
,,,10.9400E-3,399.99998E-3,
,,,10.9600E-3,419.999987E-3,
,,,10.9800E-3,399.99998E-3,
,,,11.0000E-3,399.99998E-3,
,,,11.0200E-3,419.999987E-3,
,,,11.0400E-3,419.999987E-3,
,,,11.0600E-3,399.99998E-3,
,,,11.0800E-3,399.99998E-3,
,,,11.1000E-3,399.99998E-3,
,,,11.1200E-3,399.99998E-3,
,,,11.1400E-3,399.99998E-3,
,,,11.1600E-3,399.99998E-3,
,,,11.1800E-3,399.99998E-3,
,,,11.2000E-3,399.99998E-3,
,,,11.2200E-3,399.99998E-3,
,,,11.2400E-3,399.99998E-3,
,,,11.2600E-3,380.00000E-3,
,,,11.2800E-3,399.99998E-3,
,,,11.3000E-3,399.99998E-3,
,,,11.3200E-3,380.00000E-3,
,,,11.3400E-3,399.99998E-3,
,,,11.3600E-3,380.00000E-3,
,,,11.3800E-3,380.00000E-3,
,,,11.4000E-3,380.00000E-3,
,,,11.4200E-3,399.99998E-3,
,,,11.4400E-3,380.00000E-3,
,,,11.4600E-3,359.99998E-3,
,,,11.4800E-3,380.00000E-3,
,,,11.5000E-3,380.00000E-3,
,,,11.5200E-3,359.99998E-3,
,,,11.5400E-3,380.00000E-3,
,,,11.5600E-3,380.00000E-3,
,,,11.5800E-3,380.00000E-3,
,,,11.6000E-3,380.00000E-3,
,,,11.6200E-3,359.99998E-3,
,,,11.6400E-3,359.99998E-3,
,,,11.6600E-3,359.99998E-3,
,,,11.6800E-3,359.99998E-3,
,,,11.7000E-3,359.99998E-3,
,,,11.7200E-3,359.99998E-3,
,,,11.7400E-3,359.99998E-3,
,,,11.7600E-3,359.99998E-3,
,,,11.7800E-3,359.99998E-3,
,,,11.8000E-3,359.99998E-3,
,,,11.8200E-3,359.99998E-3,
,,,11.8400E-3,340.00000E-3,
,,,11.8600E-3,340.00000E-3,
,,,11.8800E-3,340.00000E-3,
,,,11.9000E-3,359.99998E-3,
,,,11.9200E-3,359.99998E-3,
,,,11.9400E-3,340.00000E-3,
,,,11.9600E-3,340.00000E-3,
,,,11.9800E-3,359.99998E-3,
,,,12.0000E-3,340.00000E-3,
,,,12.0200E-3,340.00000E-3,
,,,12.0400E-3,340.00000E-3,
,,,12.0600E-3,340.00000E-3,
,,,12.0800E-3,340.00000E-3,
,,,12.1000E-3,340.00000E-3,
,,,12.1200E-3,340.00000E-3,
,,,12.1400E-3,340.00000E-3,
,,,12.1600E-3,340.00000E-3,
,,,12.1800E-3,340.00000E-3,
,,,12.2000E-3,340.00000E-3,
,,,12.2200E-3,340.00000E-3,
,,,12.2400E-3,340.00000E-3,
,,,12.2600E-3,340.00000E-3,
,,,12.2800E-3,319.99999E-3,
,,,12.3000E-3,340.00000E-3,
,,,12.3200E-3,340.00000E-3,
,,,12.3400E-3,319.99999E-3,
,,,12.3600E-3,319.99999E-3,
,,,12.3800E-3,319.99999E-3,
,,,12.4000E-3,319.99999E-3,
,,,12.4200E-3,319.99999E-3,
,,,12.4400E-3,319.99999E-3,
,,,12.4600E-3,299.99998E-3,
,,,12.4800E-3,319.99999E-3,
,,,12.5000E-3,319.99999E-3,
,,,12.5200E-3,319.99999E-3,
,,,12.5400E-3,319.99999E-3,
,,,12.5600E-3,299.99998E-3,
,,,12.5800E-3,299.99998E-3,
,,,12.6000E-3,299.99998E-3,
,,,12.6200E-3,319.99999E-3,
,,,12.6400E-3,319.99999E-3,
,,,12.6600E-3,299.99998E-3,
,,,12.6800E-3,319.99999E-3,
,,,12.7000E-3,299.99998E-3,
,,,12.7200E-3,299.99998E-3,
,,,12.7400E-3,299.99998E-3,
,,,12.7600E-3,299.99998E-3,
,,,12.7800E-3,299.99998E-3,
,,,12.8000E-3,299.99998E-3,
,,,12.8200E-3,299.99998E-3,
,,,12.8400E-3,299.99998E-3,
,,,12.8600E-3,299.99998E-3,
,,,12.8800E-3,299.99998E-3,
,,,12.9000E-3,299.99998E-3,
,,,12.9200E-3,299.99998E-3,
,,,12.9400E-3,299.99998E-3,
,,,12.9600E-3,299.99998E-3,
,,,12.9800E-3,280.00000E-3,
,,,13.0000E-3,299.99998E-3,
,,,13.0200E-3,280.00000E-3,
,,,13.0400E-3,280.00000E-3,
,,,13.0600E-3,299.99998E-3,
,,,13.0800E-3,280.00000E-3,
,,,13.1000E-3,280.00000E-3,
,,,13.1200E-3,299.99998E-3,
,,,13.1400E-3,280.00000E-3,
,,,13.1600E-3,280.00000E-3,
,,,13.1800E-3,280.00000E-3,
,,,13.2000E-3,280.00000E-3,
,,,13.2200E-3,280.00000E-3,
,,,13.2400E-3,280.00000E-3,
,,,13.2600E-3,280.00000E-3,
,,,13.2800E-3,259.99999E-3,
,,,13.3000E-3,259.99999E-3,
,,,13.3200E-3,259.99999E-3,
,,,13.3400E-3,259.99999E-3,
,,,13.3600E-3,280.00000E-3,
,,,13.3800E-3,259.99999E-3,
,,,13.4000E-3,280.00000E-3,
,,,13.4200E-3,259.99999E-3,
,,,13.4400E-3,280.00000E-3,
,,,13.4600E-3,259.99999E-3,
,,,13.4800E-3,259.99999E-3,
,,,13.5000E-3,259.99999E-3,
,,,13.5200E-3,259.99999E-3,
,,,13.5400E-3,259.99999E-3,
,,,13.5600E-3,259.99999E-3,
,,,13.5800E-3,259.99999E-3,
,,,13.6000E-3,259.99999E-3,
,,,13.6200E-3,259.99999E-3,
,,,13.6400E-3,259.99999E-3,
,,,13.6600E-3,259.99999E-3,
,,,13.6800E-3,239.99999E-3,
,,,13.7000E-3,259.99999E-3,
,,,13.7200E-3,239.99999E-3,
,,,13.7400E-3,259.99999E-3,
,,,13.7600E-3,239.99999E-3,
,,,13.7800E-3,259.99999E-3,
,,,13.8000E-3,239.99999E-3,
,,,13.8200E-3,239.99999E-3,
,,,13.8400E-3,259.99999E-3,
,,,13.8600E-3,259.99999E-3,
,,,13.8800E-3,239.99999E-3,
,,,13.9000E-3,239.99999E-3,
,,,13.9200E-3,239.99999E-3,
,,,13.9400E-3,239.99999E-3,
,,,13.9600E-3,239.99999E-3,
,,,13.9800E-3,239.99999E-3,
,,,14.0000E-3,239.99999E-3,
,,,14.0200E-3,239.99999E-3,
,,,14.0400E-3,239.99999E-3,
,,,14.0600E-3,239.99999E-3,
,,,14.0800E-3,239.99999E-3,
,,,14.1000E-3,239.99999E-3,
,,,14.1200E-3,239.99999E-3,
,,,14.1400E-3,239.99999E-3,
,,,14.1600E-3,239.99999E-3,
,,,14.1800E-3,239.99999E-3,
,,,14.2000E-3,220.00000E-3,
,,,14.2200E-3,220.00000E-3,
,,,14.2400E-3,220.00000E-3,
,,,14.2600E-3,220.00000E-3,
,,,14.2800E-3,239.99999E-3,
,,,14.3000E-3,239.99999E-3,
,,,14.3200E-3,220.00000E-3,
,,,14.3400E-3,239.99999E-3,
,,,14.3600E-3,220.00000E-3,
,,,14.3800E-3,220.00000E-3,
,,,14.4000E-3,220.00000E-3,
,,,14.4200E-3,220.00000E-3,
,,,14.4400E-3,239.99999E-3,
,,,14.4600E-3,220.00000E-3,
,,,14.4800E-3,220.00000E-3,
,,,14.5000E-3,220.00000E-3,
,,,14.5200E-3,199.99999E-3,
,,,14.5400E-3,199.99999E-3,
,,,14.5600E-3,220.00000E-3,
,,,14.5800E-3,220.00000E-3,
,,,14.6000E-3,220.00000E-3,
,,,14.6200E-3,220.00000E-3,
,,,14.6400E-3,220.00000E-3,
,,,14.6600E-3,220.00000E-3,
,,,14.6800E-3,220.00000E-3,
,,,14.7000E-3,220.00000E-3,
,,,14.7200E-3,220.00000E-3,
,,,14.7400E-3,220.00000E-3,
,,,14.7600E-3,220.00000E-3,
,,,14.7800E-3,199.99999E-3,
,,,14.8000E-3,199.99999E-3,
,,,14.8200E-3,199.99999E-3,
,,,14.8400E-3,199.99999E-3,
,,,14.8600E-3,199.99999E-3,
,,,14.8800E-3,220.00000E-3,
,,,14.9000E-3,199.99999E-3,
,,,14.9200E-3,199.99999E-3,
,,,14.9400E-3,199.99999E-3,
,,,14.9600E-3,199.99999E-3,
,,,14.9800E-3,199.99999E-3,
,,,15.0000E-3,199.99999E-3,
,,,15.0200E-3,199.99999E-3,
,,,15.0400E-3,199.99999E-3,
,,,15.0600E-3,199.99999E-3,
,,,15.0800E-3,199.99999E-3,
,,,15.1000E-3,179.99999E-3,
,,,15.1200E-3,199.99999E-3,
,,,15.1400E-3,199.99999E-3,
,,,15.1600E-3,179.99999E-3,
,,,15.1800E-3,179.99999E-3,
,,,15.2000E-3,199.99999E-3,
,,,15.2200E-3,179.99999E-3,
,,,15.2400E-3,199.99999E-3,
,,,15.2600E-3,179.99999E-3,
,,,15.2800E-3,179.99999E-3,
,,,15.3000E-3,199.99999E-3,
,,,15.3200E-3,179.99999E-3,
,,,15.3400E-3,179.99999E-3,
,,,15.3600E-3,179.99999E-3,
,,,15.3800E-3,179.99999E-3,
,,,15.4000E-3,179.99999E-3,
,,,15.4200E-3,179.99999E-3,
,,,15.4400E-3,179.99999E-3,
,,,15.4600E-3,179.99999E-3,
,,,15.4800E-3,179.99999E-3,
,,,15.5000E-3,179.99999E-3,
,,,15.5200E-3,179.99999E-3,
,,,15.5400E-3,179.99999E-3,
,,,15.5600E-3,179.99999E-3,
,,,15.5800E-3,179.99999E-3,
,,,15.6000E-3,179.99999E-3,
,,,15.6200E-3,179.99999E-3,
,,,15.6400E-3,179.99999E-3,
,,,15.6600E-3,179.99999E-3,
,,,15.6800E-3,179.99999E-3,
,,,15.7000E-3,179.99999E-3,
,,,15.7200E-3,179.99999E-3,
,,,15.7400E-3,179.99999E-3,
,,,15.7600E-3,179.99999E-3,
,,,15.7800E-3,179.99999E-3,
,,,15.8000E-3,160.00000E-3,
,,,15.8200E-3,179.99999E-3,
,,,15.8400E-3,179.99999E-3,
,,,15.8600E-3,179.99999E-3,
,,,15.8800E-3,179.99999E-3,
,,,15.9000E-3,179.99999E-3,
,,,15.9200E-3,179.99999E-3,
,,,15.9400E-3,179.99999E-3,
,,,15.9600E-3,179.99999E-3,
,,,15.9800E-3,179.99999E-3,
,,,16.0000E-3,179.99999E-3,
,,,16.0200E-3,179.99999E-3,
,,,16.0400E-3,160.00000E-3,
,,,16.0600E-3,179.99999E-3,
,,,16.0800E-3,160.00000E-3,
,,,16.1000E-3,160.00000E-3,
,,,16.1200E-3,160.00000E-3,
,,,16.1400E-3,179.99999E-3,
,,,16.1600E-3,179.99999E-3,
,,,16.1800E-3,160.00000E-3,
,,,16.2000E-3,179.99999E-3,
,,,16.2200E-3,179.99999E-3,
,,,16.2400E-3,160.00000E-3,
,,,16.2600E-3,160.00000E-3,
,,,16.2800E-3,160.00000E-3,
,,,16.3000E-3,179.99999E-3,
,,,16.3200E-3,160.00000E-3,
,,,16.3400E-3,160.00000E-3,
,,,16.3600E-3,160.00000E-3,
,,,16.3800E-3,160.00000E-3,
,,,16.4000E-3,160.00000E-3,
,,,16.4200E-3,140.0000E-3,
,,,16.4400E-3,160.00000E-3,
,,,16.4600E-3,160.00000E-3,
,,,16.4800E-3,140.0000E-3,
,,,16.5000E-3,140.0000E-3,
,,,16.5200E-3,160.00000E-3,
,,,16.5400E-3,140.0000E-3,
,,,16.5600E-3,160.00000E-3,
,,,16.5800E-3,160.00000E-3,
,,,16.6000E-3,140.0000E-3,
,,,16.6200E-3,160.00000E-3,
,,,16.6400E-3,160.00000E-3,
,,,16.6600E-3,140.0000E-3,
,,,16.6800E-3,140.0000E-3,
,,,16.7000E-3,140.0000E-3,
,,,16.7200E-3,140.0000E-3,
,,,16.7400E-3,160.00000E-3,
,,,16.7600E-3,140.0000E-3,
,,,16.7800E-3,160.00000E-3,
,,,16.8000E-3,160.00000E-3,
,,,16.8200E-3,160.00000E-3,
,,,16.8400E-3,140.0000E-3,
,,,16.8600E-3,140.0000E-3,
,,,16.8800E-3,140.0000E-3,
,,,16.9000E-3,140.0000E-3,
,,,16.9200E-3,140.0000E-3,
,,,16.9400E-3,140.0000E-3,
,,,16.9600E-3,140.0000E-3,
,,,16.9800E-3,140.0000E-3,
,,,17.0000E-3,140.0000E-3,
,,,17.0200E-3,140.0000E-3,
,,,17.0400E-3,140.0000E-3,
,,,17.0600E-3,140.0000E-3,
,,,17.0800E-3,140.0000E-3,
,,,17.1000E-3,140.0000E-3,
,,,17.1200E-3,120.0000E-3,
,,,17.1400E-3,160.00000E-3,
,,,17.1600E-3,140.0000E-3,
,,,17.1800E-3,140.0000E-3,
,,,17.2000E-3,120.0000E-3,
,,,17.2200E-3,140.0000E-3,
,,,17.2400E-3,140.0000E-3,
,,,17.2600E-3,140.0000E-3,
,,,17.2800E-3,140.0000E-3,
,,,17.3000E-3,140.0000E-3,
,,,17.3200E-3,140.0000E-3,
,,,17.3400E-3,140.0000E-3,
,,,17.3600E-3,140.0000E-3,
,,,17.3800E-3,140.0000E-3,
,,,17.4000E-3,140.0000E-3,
,,,17.4200E-3,140.0000E-3,
,,,17.4400E-3,140.0000E-3,
,,,17.4600E-3,140.0000E-3,
,,,17.4800E-3,120.0000E-3,
,,,17.5000E-3,120.0000E-3,
,,,17.5200E-3,120.0000E-3,
,,,17.5400E-3,140.0000E-3,
,,,17.5600E-3,120.0000E-3,
,,,17.5800E-3,120.0000E-3,
,,,17.6000E-3,120.0000E-3,
,,,17.6200E-3,120.0000E-3,
,,,17.6400E-3,120.0000E-3,
,,,17.6600E-3,120.0000E-3,
,,,17.6800E-3,140.0000E-3,
,,,17.7000E-3,140.0000E-3,
,,,17.7200E-3,140.0000E-3,
,,,17.7400E-3,120.0000E-3,
,,,17.7600E-3,120.0000E-3,
,,,17.7800E-3,120.0000E-3,
,,,17.8000E-3,140.0000E-3,
,,,17.8200E-3,120.0000E-3,
,,,17.8400E-3,120.0000E-3,
,,,17.8600E-3,120.0000E-3,
,,,17.8800E-3,140.0000E-3,
,,,17.9000E-3,140.0000E-3,
,,,17.9200E-3,120.0000E-3,
,,,17.9400E-3,120.0000E-3,
,,,17.9600E-3,120.0000E-3,
,,,17.9800E-3,120.0000E-3,
,,,18.0000E-3,120.0000E-3,
,,,18.0200E-3,120.0000E-3,
,,,18.0400E-3,120.0000E-3,
,,,18.0600E-3,120.0000E-3,
,,,18.0800E-3,99.999994E-3,
,,,18.1000E-3,120.0000E-3,
,,,18.1200E-3,120.0000E-3,
,,,18.1400E-3,120.0000E-3,
,,,18.1600E-3,120.0000E-3,
,,,18.1800E-3,99.999994E-3,
,,,18.2000E-3,120.0000E-3,
,,,18.2200E-3,99.999994E-3,
,,,18.2400E-3,120.0000E-3,
,,,18.2600E-3,120.0000E-3,
,,,18.2800E-3,99.999994E-3,
,,,18.3000E-3,120.0000E-3,
,,,18.3200E-3,99.999994E-3,
,,,18.3400E-3,120.0000E-3,
,,,18.3600E-3,99.999994E-3,
,,,18.3800E-3,120.0000E-3,
,,,18.4000E-3,99.999994E-3,
,,,18.4200E-3,120.0000E-3,
,,,18.4400E-3,99.999994E-3,
,,,18.4600E-3,120.0000E-3,
,,,18.4800E-3,99.999994E-3,
,,,18.5000E-3,99.999994E-3,
,,,18.5200E-3,99.999994E-3,
,,,18.5400E-3,99.999994E-3,
,,,18.5600E-3,99.999994E-3,
,,,18.5800E-3,99.999994E-3,
,,,18.6000E-3,99.999994E-3,
,,,18.6200E-3,120.0000E-3,
,,,18.6400E-3,99.999994E-3,
,,,18.6600E-3,79.999998E-3,
,,,18.6800E-3,99.999994E-3,
,,,18.7000E-3,99.999994E-3,
,,,18.7200E-3,99.999994E-3,
,,,18.7400E-3,120.0000E-3,
,,,18.7600E-3,99.999994E-3,
,,,18.7800E-3,99.999994E-3,
,,,18.8000E-3,99.999994E-3,
,,,18.8200E-3,99.999994E-3,
,,,18.8400E-3,99.999994E-3,
,,,18.8600E-3,99.999994E-3,
,,,18.8800E-3,99.999994E-3,
,,,18.9000E-3,99.999994E-3,
,,,18.9200E-3,99.999994E-3,
,,,18.9400E-3,99.999994E-3,
,,,18.9600E-3,99.999994E-3,
,,,18.9800E-3,99.999994E-3,
,,,19.0000E-3,79.999998E-3,
,,,19.0200E-3,79.999998E-3,
,,,19.0400E-3,99.999994E-3,
,,,19.0600E-3,99.999994E-3,
,,,19.0800E-3,99.999994E-3,
,,,19.1000E-3,79.999998E-3,
,,,19.1200E-3,99.999994E-3,
,,,19.1400E-3,79.999998E-3,
,,,19.1600E-3,99.999994E-3,
,,,19.1800E-3,99.999994E-3,
,,,19.2000E-3,99.999994E-3,
,,,19.2200E-3,79.999998E-3,
,,,19.2400E-3,99.999994E-3,
,,,19.2600E-3,99.999994E-3,
,,,19.2800E-3,99.999994E-3,
,,,19.3000E-3,79.999998E-3,
,,,19.3200E-3,79.999998E-3,
,,,19.3400E-3,99.999994E-3,
,,,19.3600E-3,79.999998E-3,
,,,19.3800E-3,79.999998E-3,
,,,19.4000E-3,79.999998E-3,
,,,19.4200E-3,79.999998E-3,
,,,19.4400E-3,79.999998E-3,
,,,19.4600E-3,99.999994E-3,
,,,19.4800E-3,79.999998E-3,
,,,19.5000E-3,79.999998E-3,
,,,19.5200E-3,79.999998E-3,
,,,19.5400E-3,99.999994E-3,
,,,19.5600E-3,79.999998E-3,
,,,19.5800E-3,99.999994E-3,
,,,19.6000E-3,99.999994E-3,
,,,19.6200E-3,79.999998E-3,
,,,19.6400E-3,79.999998E-3,
,,,19.6600E-3,99.999994E-3,
,,,19.6800E-3,79.999998E-3,
,,,19.7000E-3,79.999998E-3,
,,,19.7200E-3,79.999998E-3,
,,,19.7400E-3,79.999998E-3,
,,,19.7600E-3,79.999998E-3,
,,,19.7800E-3,79.999998E-3,
,,,19.8000E-3,79.999998E-3,
,,,19.8200E-3,79.999998E-3,
,,,19.8400E-3,79.999998E-3,
,,,19.8600E-3,79.999998E-3,
,,,19.8800E-3,79.999998E-3,
,,,19.9000E-3,79.999998E-3,
,,,19.9200E-3,79.999998E-3,
,,,19.9400E-3,79.999998E-3,
,,,19.9600E-3,79.999998E-3,
,,,19.9800E-3,79.999998E-3,
,,,20.0000E-3,79.999998E-3,
,,,20.0200E-3,79.999998E-3,
,,,20.0400E-3,79.999998E-3,
,,,20.0600E-3,79.999998E-3,
,,,20.0800E-3,79.999998E-3,
,,,20.10000E-3,79.999998E-3,
,,,20.12000E-3,79.999998E-3,
,,,20.14000E-3,79.999998E-3,
,,,20.16000E-3,79.999998E-3,
,,,20.18000E-3,79.999998E-3,
,,,20.20000E-3,59.999999E-3,
,,,20.22000E-3,59.999999E-3,
,,,20.24000E-3,79.999998E-3,
,,,20.26000E-3,79.999998E-3,
,,,20.28000E-3,79.999998E-3,
,,,20.30000E-3,79.999998E-3,
,,,20.32000E-3,59.999999E-3,
,,,20.34000E-3,59.999999E-3,
,,,20.36000E-3,59.999999E-3,
,,,20.38000E-3,79.999998E-3,
,,,20.40000E-3,59.999999E-3,
,,,20.42000E-3,79.999998E-3,
,,,20.44000E-3,79.999998E-3,
,,,20.46000E-3,59.999999E-3,
,,,20.48000E-3,59.999999E-3,
,,,20.50000E-3,59.999999E-3,
,,,20.52000E-3,79.999998E-3,
,,,20.54000E-3,59.999999E-3,
,,,20.56000E-3,79.999998E-3,
,,,20.58000E-3,59.999999E-3,
,,,20.60000E-3,79.999998E-3,
,,,20.62000E-3,59.999999E-3,
,,,20.64000E-3,59.999999E-3,
,,,20.66000E-3,59.999999E-3,
,,,20.68000E-3,79.999998E-3,
,,,20.70000E-3,79.999998E-3,
,,,20.72000E-3,79.999998E-3,
,,,20.74000E-3,79.999998E-3,
,,,20.76000E-3,59.999999E-3,
,,,20.78000E-3,59.999999E-3,
,,,20.80000E-3,79.999998E-3,
,,,20.82000E-3,59.999999E-3,
,,,20.84000E-3,79.999998E-3,
,,,20.86000E-3,79.999998E-3,
,,,20.88000E-3,59.999999E-3,
,,,20.90000E-3,59.999999E-3,
,,,20.92000E-3,59.999999E-3,
,,,20.94000E-3,59.999999E-3,
,,,20.96000E-3,79.999998E-3,
,,,20.98000E-3,79.999998E-3,
,,,21.00000E-3,59.999999E-3,
,,,21.02000E-3,40.00000E-3,
,,,21.04000E-3,79.999998E-3,
,,,21.06000E-3,59.999999E-3,
,,,21.08000E-3,79.999998E-3,
,,,21.10000E-3,59.999999E-3,
,,,21.12000E-3,59.999999E-3,
,,,21.14000E-3,79.999998E-3,
,,,21.16000E-3,59.999999E-3,
,,,21.18000E-3,59.999999E-3,
,,,21.20000E-3,79.999998E-3,
,,,21.22000E-3,79.999998E-3,
,,,21.24000E-3,59.999999E-3,
,,,21.26000E-3,59.999999E-3,
,,,21.28000E-3,59.999999E-3,
,,,21.30000E-3,79.999998E-3,
,,,21.32000E-3,59.999999E-3,
,,,21.34000E-3,59.999999E-3,
,,,21.36000E-3,40.00000E-3,
,,,21.38000E-3,59.999999E-3,
,,,21.40000E-3,59.999999E-3,
,,,21.42000E-3,59.999999E-3,
,,,21.44000E-3,59.999999E-3,
,,,21.46000E-3,59.999999E-3,
,,,21.48000E-3,40.00000E-3,
,,,21.50000E-3,59.999999E-3,
,,,21.52000E-3,59.999999E-3,
,,,21.54000E-3,59.999999E-3,
,,,21.56000E-3,59.999999E-3,
,,,21.58000E-3,59.999999E-3,
,,,21.60000E-3,59.999999E-3,
,,,21.62000E-3,59.999999E-3,
,,,21.64000E-3,40.00000E-3,
,,,21.66000E-3,59.999999E-3,
,,,21.68000E-3,59.999999E-3,
,,,21.70000E-3,59.999999E-3,
,,,21.72000E-3,59.999999E-3,
,,,21.74000E-3,59.999999E-3,
,,,21.76000E-3,59.999999E-3,
,,,21.78000E-3,59.999999E-3,
,,,21.80000E-3,59.999999E-3,
,,,21.82000E-3,59.999999E-3,
,,,21.84000E-3,59.999999E-3,
,,,21.86000E-3,59.999999E-3,
,,,21.88000E-3,59.999999E-3,
,,,21.90000E-3,40.00000E-3,
,,,21.92000E-3,59.999999E-3,
,,,21.94000E-3,59.999999E-3,
,,,21.96000E-3,59.999999E-3,
,,,21.98000E-3,59.999999E-3,
,,,22.00000E-3,59.999999E-3,
,,,22.02000E-3,40.00000E-3,
,,,22.04000E-3,59.999999E-3,
,,,22.06000E-3,59.999999E-3,
,,,22.08000E-3,59.999999E-3,
,,,22.10000E-3,40.00000E-3,
,,,22.12000E-3,40.00000E-3,
,,,22.14000E-3,40.00000E-3,
,,,22.16000E-3,59.999999E-3,
,,,22.18000E-3,40.00000E-3,
,,,22.20000E-3,40.00000E-3,
,,,22.22000E-3,40.00000E-3,
,,,22.24000E-3,40.00000E-3,
,,,22.26000E-3,59.999999E-3,
,,,22.28000E-3,40.00000E-3,
,,,22.30000E-3,59.999999E-3,
,,,22.32000E-3,59.999999E-3,
,,,22.34000E-3,40.00000E-3,
,,,22.36000E-3,40.00000E-3,
,,,22.38000E-3,40.00000E-3,
,,,22.40000E-3,40.00000E-3,
,,,22.42000E-3,59.999999E-3,
,,,22.44000E-3,59.999999E-3,
,,,22.46000E-3,40.00000E-3,
,,,22.48000E-3,40.00000E-3,
,,,22.50000E-3,40.00000E-3,
,,,22.52000E-3,59.999999E-3,
,,,22.54000E-3,59.999999E-3,
,,,22.56000E-3,59.999999E-3,
,,,22.58000E-3,40.00000E-3,
,,,22.60000E-3,59.999999E-3,
,,,22.62000E-3,40.00000E-3,
,,,22.64000E-3,59.999999E-3,
,,,22.66000E-3,40.00000E-3,
,,,22.68000E-3,40.00000E-3,
,,,22.70000E-3,59.999999E-3,
,,,22.72000E-3,59.999999E-3,
,,,22.74000E-3,40.00000E-3,
,,,22.76000E-3,40.00000E-3,
,,,22.78000E-3,40.00000E-3,
,,,22.80000E-3,59.999999E-3,
,,,22.82000E-3,59.999999E-3,
,,,22.84000E-3,40.00000E-3,
,,,22.86000E-3,40.00000E-3,
,,,22.88000E-3,40.00000E-3,
,,,22.90000E-3,40.00000E-3,
,,,22.92000E-3,40.00000E-3,
,,,22.94000E-3,40.00000E-3,
,,,22.96000E-3,40.00000E-3,
,,,22.98000E-3,40.00000E-3,
,,,23.00000E-3,40.00000E-3,
,,,23.02000E-3,40.00000E-3,
,,,23.04000E-3,40.00000E-3,
,,,23.06000E-3,40.00000E-3,
,,,23.08000E-3,40.00000E-3,
,,,23.10000E-3,40.00000E-3,
,,,23.12000E-3,40.00000E-3,
,,,23.14000E-3,40.00000E-3,
,,,23.16000E-3,40.00000E-3,
,,,23.18000E-3,40.00000E-3,
,,,23.20000E-3,40.00000E-3,
,,,23.22000E-3,40.00000E-3,
,,,23.24000E-3,40.00000E-3,
,,,23.26000E-3,40.00000E-3,
,,,23.28000E-3,40.00000E-3,
,,,23.30000E-3,40.00000E-3,
,,,23.32000E-3,40.00000E-3,
,,,23.34000E-3,40.00000E-3,
,,,23.36000E-3,40.00000E-3,
,,,23.38000E-3,40.00000E-3,
,,,23.40000E-3,40.00000E-3,
,,,23.42000E-3,40.00000E-3,
,,,23.44000E-3,40.00000E-3,
,,,23.46000E-3,40.00000E-3,
,,,23.48000E-3,40.00000E-3,
,,,23.50000E-3,40.00000E-3,
,,,23.52000E-3,40.00000E-3,
,,,23.54000E-3,40.00000E-3,
,,,23.56000E-3,40.00000E-3,
,,,23.58000E-3,40.00000E-3,
,,,23.60000E-3,40.00000E-3,
,,,23.62000E-3,40.00000E-3,
,,,23.64000E-3,40.00000E-3,
,,,23.66000E-3,40.00000E-3,
,,,23.68000E-3,40.00000E-3,
,,,23.70000E-3,40.00000E-3,
,,,23.72000E-3,40.00000E-3,
,,,23.74000E-3,40.00000E-3,
,,,23.76000E-3,40.00000E-3,
,,,23.78000E-3,40.00000E-3,
,,,23.80000E-3,40.00000E-3,
,,,23.82000E-3,40.00000E-3,
,,,23.84000E-3,40.00000E-3,
,,,23.86000E-3,40.00000E-3,
,,,23.88000E-3,40.00000E-3,
,,,23.90000E-3,40.00000E-3,
,,,23.92000E-3,40.00000E-3,
,,,23.94000E-3,40.00000E-3,
,,,23.96000E-3,40.00000E-3,
,,,23.98000E-3,40.00000E-3,
,,,24.00000E-3,40.00000E-3,
,,,24.02000E-3,40.00000E-3,
,,,24.04000E-3,40.00000E-3,
,,,24.06000E-3,40.00000E-3,
,,,24.08000E-3,40.00000E-3,
,,,24.10000E-3,20.0000E-3,
,,,24.12000E-3,40.00000E-3,
,,,24.14000E-3,40.00000E-3,
,,,24.16000E-3,40.00000E-3,
,,,24.18000E-3,40.00000E-3,
,,,24.20000E-3,40.00000E-3,
,,,24.22000E-3,40.00000E-3,
,,,24.24000E-3,40.00000E-3,
,,,24.26000E-3,40.00000E-3,
,,,24.28000E-3,40.00000E-3,
,,,24.30000E-3,40.00000E-3,
,,,24.32000E-3,40.00000E-3,
,,,24.34000E-3,40.00000E-3,
,,,24.36000E-3,40.00000E-3,
,,,24.38000E-3,40.00000E-3,
,,,24.40000E-3,40.00000E-3,
,,,24.42000E-3,40.00000E-3,
,,,24.44000E-3,40.00000E-3,
,,,24.46000E-3,40.00000E-3,
,,,24.48000E-3,40.00000E-3,
,,,24.50000E-3,40.00000E-3,
,,,24.52000E-3,40.00000E-3,
,,,24.54000E-3,40.00000E-3,
,,,24.56000E-3,40.00000E-3,
,,,24.58000E-3,40.00000E-3,
,,,24.60000E-3,40.00000E-3,
,,,24.62000E-3,40.00000E-3,
,,,24.64000E-3,40.00000E-3,
,,,24.66000E-3,40.00000E-3,
,,,24.68000E-3,40.00000E-3,
,,,24.70000E-3,20.0000E-3,
,,,24.72000E-3,40.00000E-3,
,,,24.74000E-3,40.00000E-3,
,,,24.76000E-3,40.00000E-3,
,,,24.78000E-3,40.00000E-3,
,,,24.80000E-3,40.00000E-3,
,,,24.82000E-3,40.00000E-3,
,,,24.84000E-3,40.00000E-3,
,,,24.86000E-3,40.00000E-3,
,,,24.88000E-3,40.00000E-3,
,,,24.90000E-3,40.00000E-3,
,,,24.92000E-3,20.0000E-3,
,,,24.94000E-3,40.00000E-3,
,,,24.96000E-3,40.00000E-3,
,,,24.98000E-3,40.00000E-3,
,,,25.00000E-3,40.00000E-3,
,,,25.02000E-3,40.00000E-3,
,,,25.04000E-3,40.00000E-3,
,,,25.06000E-3,40.00000E-3,
,,,25.08000E-3,20.0000E-3,
,,,25.10000E-3,40.00000E-3,
,,,25.12000E-3,40.00000E-3,
,,,25.14000E-3,40.00000E-3,
,,,25.16000E-3,40.00000E-3,
,,,25.18000E-3,40.00000E-3,
,,,25.20000E-3,40.00000E-3,
,,,25.22000E-3,40.00000E-3,
,,,25.24000E-3,40.00000E-3,
,,,25.26000E-3,40.00000E-3,
,,,25.28000E-3,40.00000E-3,
,,,25.30000E-3,40.00000E-3,
,,,25.32000E-3,40.00000E-3,
,,,25.34000E-3,20.0000E-3,
,,,25.36000E-3,40.00000E-3,
,,,25.38000E-3,20.0000E-3,
,,,25.40000E-3,40.00000E-3,
,,,25.42000E-3,40.00000E-3,
,,,25.44000E-3,20.0000E-3,
,,,25.46000E-3,40.00000E-3,
,,,25.48000E-3,40.00000E-3,
,,,25.50000E-3,40.00000E-3,
,,,25.52000E-3,40.00000E-3,
,,,25.54000E-3,40.00000E-3,
,,,25.56000E-3,40.00000E-3,
,,,25.58000E-3,20.0000E-3,
,,,25.60000E-3,40.00000E-3,
,,,25.62000E-3,40.00000E-3,
,,,25.64000E-3,40.00000E-3,
,,,25.66000E-3,40.00000E-3,
,,,25.68000E-3,40.00000E-3,
,,,25.70000E-3,40.00000E-3,
,,,25.72000E-3,20.0000E-3,
,,,25.74000E-3,40.00000E-3,
,,,25.76000E-3,20.0000E-3,
,,,25.78000E-3,40.00000E-3,
,,,25.80000E-3,40.00000E-3,
,,,25.82000E-3,40.00000E-3,
,,,25.84000E-3,20.0000E-3,
,,,25.86000E-3,40.00000E-3,
,,,25.88000E-3,40.00000E-3,
,,,25.90000E-3,40.00000E-3,
,,,25.92000E-3,40.00000E-3,
,,,25.94000E-3,40.00000E-3,
,,,25.96000E-3,40.00000E-3,
,,,25.98000E-3,20.0000E-3,
,,,26.00000E-3,40.00000E-3,
,,,26.02000E-3,40.00000E-3,
,,,26.04000E-3,40.00000E-3,
,,,26.06000E-3,40.00000E-3,
,,,26.08000E-3,20.0000E-3,
,,,26.10000E-3,40.00000E-3,
,,,26.12000E-3,40.00000E-3,
,,,26.14000E-3,20.0000E-3,
,,,26.16000E-3,40.00000E-3,
,,,26.18000E-3,40.00000E-3,
,,,26.20000E-3,40.00000E-3,
,,,26.22000E-3,40.00000E-3,
,,,26.24000E-3,40.00000E-3,
,,,26.26000E-3,40.00000E-3,
,,,26.28000E-3,40.00000E-3,
,,,26.30000E-3,40.00000E-3,
,,,26.32000E-3,20.0000E-3,
,,,26.34000E-3,40.00000E-3,
,,,26.36000E-3,20.0000E-3,
,,,26.38000E-3,40.00000E-3,
,,,26.40000E-3,20.0000E-3,
,,,26.42000E-3,40.00000E-3,
,,,26.44000E-3,40.00000E-3,
,,,26.46000E-3,40.00000E-3,
,,,26.48000E-3,20.0000E-3,
,,,26.50000E-3,20.0000E-3,
,,,26.52000E-3,20.0000E-3,
,,,26.54000E-3,20.0000E-3,
,,,26.56000E-3,40.00000E-3,
,,,26.58000E-3,40.00000E-3,
,,,26.60000E-3,20.0000E-3,
,,,26.62000E-3,40.00000E-3,
,,,26.64000E-3,20.0000E-3,
,,,26.66000E-3,20.0000E-3,
,,,26.68000E-3,40.00000E-3,
,,,26.70000E-3,20.0000E-3,
,,,26.72000E-3,20.0000E-3,
,,,26.74000E-3,20.0000E-3,
,,,26.76000E-3,20.0000E-3,
,,,26.78000E-3,40.00000E-3,
,,,26.80000E-3,20.0000E-3,
,,,26.82000E-3,20.0000E-3,
,,,26.84000E-3,40.00000E-3,
,,,26.86000E-3,20.0000E-3,
,,,26.88000E-3,40.00000E-3,
,,,26.90000E-3,20.0000E-3,
,,,26.92000E-3,20.0000E-3,
,,,26.94000E-3,20.0000E-3,
,,,26.96000E-3,20.0000E-3,
,,,26.98000E-3,40.00000E-3,
,,,27.00000E-3,40.00000E-3,
,,,27.02000E-3,20.0000E-3,
,,,27.04000E-3,40.00000E-3,
,,,27.06000E-3,20.0000E-3,
,,,27.08000E-3,20.0000E-3,
,,,27.10000E-3,20.0000E-3,
,,,27.12000E-3,40.00000E-3,
,,,27.14000E-3,20.0000E-3,
,,,27.16000E-3,20.0000E-3,
,,,27.18000E-3,40.00000E-3,
,,,27.20000E-3,20.0000E-3,
,,,27.22000E-3,20.0000E-3,
,,,27.24000E-3,20.0000E-3,
,,,27.26000E-3,20.0000E-3,
,,,27.28000E-3,20.0000E-3,
,,,27.30000E-3,40.00000E-3,
,,,27.32000E-3,20.0000E-3,
,,,27.34000E-3,20.0000E-3,
,,,27.36000E-3,20.0000E-3,
,,,27.38000E-3,20.0000E-3,
,,,27.40000E-3,40.00000E-3,
,,,27.42000E-3,20.0000E-3,
,,,27.44000E-3,40.00000E-3,
,,,27.46000E-3,20.0000E-3,
,,,27.48000E-3,40.00000E-3,
,,,27.50000E-3,20.0000E-3,
,,,27.52000E-3,40.00000E-3,
,,,27.54000E-3,20.0000E-3,
,,,27.56000E-3,20.0000E-3,
,,,27.58000E-3,20.0000E-3,
,,,27.60000E-3,40.00000E-3,
,,,27.62000E-3,20.0000E-3,
,,,27.64000E-3,20.0000E-3,
,,,27.66000E-3,40.00000E-3,
,,,27.68000E-3,20.0000E-3,
,,,27.70000E-3,20.0000E-3,
,,,27.72000E-3,20.0000E-3,
,,,27.74000E-3,20.0000E-3,
,,,27.76000E-3,20.0000E-3,
,,,27.78000E-3,40.00000E-3,
,,,27.80000E-3,40.00000E-3,
,,,27.82000E-3,20.0000E-3,
,,,27.84000E-3,20.0000E-3,
,,,27.86000E-3,40.00000E-3,
,,,27.88000E-3,20.0000E-3,
,,,27.90000E-3,20.0000E-3,
,,,27.92000E-3,20.0000E-3,
,,,27.94000E-3,20.0000E-3,
,,,27.96000E-3,20.0000E-3,
,,,27.98000E-3,20.0000E-3,
,,,28.00000E-3,20.0000E-3,
,,,28.02000E-3,40.00000E-3,
,,,28.04000E-3,20.0000E-3,
,,,28.06000E-3,40.00000E-3,
,,,28.08000E-3,20.0000E-3,
,,,28.10000E-3,40.00000E-3,
,,,28.12000E-3,20.0000E-3,
,,,28.14000E-3,20.0000E-3,
,,,28.16000E-3,20.0000E-3,
,,,28.18000E-3,20.0000E-3,
,,,28.20000E-3,20.0000E-3,
,,,28.22000E-3,40.00000E-3,
,,,28.24000E-3,20.0000E-3,
,,,28.26000E-3,20.0000E-3,
,,,28.28000E-3,20.0000E-3,
,,,28.30000E-3,20.0000E-3,
,,,28.32000E-3,20.0000E-3,
,,,28.34000E-3,20.0000E-3,
,,,28.36000E-3,20.0000E-3,
,,,28.38000E-3,20.0000E-3,
,,,28.40000E-3,20.0000E-3,
,,,28.42000E-3,20.0000E-3,
,,,28.44000E-3,20.0000E-3,
,,,28.46000E-3,20.0000E-3,
,,,28.48000E-3,20.0000E-3,
,,,28.50000E-3,20.0000E-3,
,,,28.52000E-3,20.0000E-3,
,,,28.54000E-3,20.0000E-3,
,,,28.56000E-3,20.0000E-3,
,,,28.58000E-3,20.0000E-3,
,,,28.60000E-3,20.0000E-3,
,,,28.62000E-3,20.0000E-3,
,,,28.64000E-3,20.0000E-3,
,,,28.66000E-3,20.0000E-3,
,,,28.68000E-3,20.0000E-3,
,,,28.70000E-3,0.0,
,,,28.72000E-3,20.0000E-3,
,,,28.74000E-3,20.0000E-3,
,,,28.76000E-3,20.0000E-3,
,,,28.78000E-3,40.00000E-3,
,,,28.80000E-3,20.0000E-3,
,,,28.82000E-3,20.0000E-3,
,,,28.84000E-3,20.0000E-3,
,,,28.86000E-3,20.0000E-3,
,,,28.88000E-3,20.0000E-3,
,,,28.90000E-3,20.0000E-3,
,,,28.92000E-3,20.0000E-3,
,,,28.94000E-3,20.0000E-3,
,,,28.96000E-3,40.00000E-3,
,,,28.98000E-3,0.0,
,,,29.00000E-3,20.0000E-3,
,,,29.02000E-3,20.0000E-3,
,,,29.04000E-3,20.0000E-3,
,,,29.06000E-3,20.0000E-3,
,,,29.08000E-3,20.0000E-3,
,,,29.10000E-3,20.0000E-3,
,,,29.12000E-3,20.0000E-3,
,,,29.14000E-3,0.0,
,,,29.16000E-3,20.0000E-3,
,,,29.18000E-3,20.0000E-3,
,,,29.20000E-3,20.0000E-3,
,,,29.22000E-3,20.0000E-3,
,,,29.24000E-3,20.0000E-3,
,,,29.26000E-3,40.00000E-3,
,,,29.28000E-3,20.0000E-3,
,,,29.30000E-3,0.0,
,,,29.32000E-3,40.00000E-3,
,,,29.34000E-3,20.0000E-3,
,,,29.36000E-3,20.0000E-3,
,,,29.38000E-3,0.0,
,,,29.40000E-3,20.0000E-3,
,,,29.42000E-3,20.0000E-3,
,,,29.44000E-3,20.0000E-3,
,,,29.46000E-3,0.0,
,,,29.48000E-3,20.0000E-3,
,,,29.50000E-3,20.0000E-3,
,,,29.52000E-3,20.0000E-3,
,,,29.54000E-3,20.0000E-3,
,,,29.56000E-3,20.0000E-3,
,,,29.58000E-3,20.0000E-3,
,,,29.60000E-3,20.0000E-3,
,,,29.62000E-3,20.0000E-3,
,,,29.64000E-3,20.0000E-3,
,,,29.66000E-3,20.0000E-3,
,,,29.68000E-3,40.00000E-3,
,,,29.70000E-3,40.00000E-3,
,,,29.72000E-3,20.0000E-3,
,,,29.74000E-3,20.0000E-3,
,,,29.76000E-3,20.0000E-3,
,,,29.78000E-3,20.0000E-3,
,,,29.80000E-3,20.0000E-3,
,,,29.82000E-3,20.0000E-3,
,,,29.84000E-3,20.0000E-3,
,,,29.86000E-3,20.0000E-3,
,,,29.88000E-3,20.0000E-3,
,,,29.90000E-3,20.0000E-3,
,,,29.92000E-3,20.0000E-3,
,,,29.94000E-3,20.0000E-3,
,,,29.96000E-3,20.0000E-3,
,,,29.98000E-3,20.0000E-3,
,,,30.00000E-3,20.0000E-3,
,,,30.02000E-3,20.0000E-3,
,,,30.04000E-3,20.0000E-3,
,,,30.06000E-3,20.0000E-3,
,,,30.08000E-3,20.0000E-3,
,,,30.10000E-3,20.0000E-3,
,,,30.12000E-3,20.0000E-3,
,,,30.14000E-3,20.0000E-3,
,,,30.16000E-3,0.0,
,,,30.18000E-3,0.0,
,,,30.20000E-3,20.0000E-3,
,,,30.22000E-3,20.0000E-3,
,,,30.24000E-3,20.0000E-3,
,,,30.26000E-3,20.0000E-3,
,,,30.28000E-3,20.0000E-3,
,,,30.30000E-3,-20.0000E-3,
,,,30.32000E-3,0.0,
,,,30.34000E-3,20.0000E-3,
,,,30.36000E-3,0.0,
,,,30.38000E-3,20.0000E-3,
,,,30.40000E-3,20.0000E-3,
,,,30.42000E-3,20.0000E-3,
,,,30.44000E-3,20.0000E-3,
,,,30.46000E-3,20.0000E-3,
,,,30.48000E-3,20.0000E-3,
,,,30.50000E-3,0.0,
,,,30.52000E-3,0.0,
,,,30.54000E-3,20.0000E-3,
,,,30.56000E-3,20.0000E-3,
,,,30.58000E-3,20.0000E-3,
,,,30.60000E-3,20.0000E-3,
,,,30.62000E-3,20.0000E-3,
,,,30.64000E-3,20.0000E-3,
,,,30.66000E-3,0.0,
,,,30.68000E-3,0.0,
,,,30.70000E-3,0.0,
,,,30.72000E-3,20.0000E-3,
,,,30.74000E-3,20.0000E-3,
,,,30.76000E-3,20.0000E-3,
,,,30.78000E-3,20.0000E-3,
,,,30.80000E-3,0.0,
,,,30.82000E-3,0.0,
,,,30.84000E-3,20.0000E-3,
,,,30.86000E-3,0.0,
,,,30.88000E-3,20.0000E-3,
,,,30.90000E-3,20.0000E-3,
,,,30.92000E-3,20.0000E-3,
,,,30.94000E-3,20.0000E-3,
,,,30.96000E-3,0.0,
,,,30.98000E-3,0.0,
,,,31.00000E-3,20.0000E-3,
,,,31.02000E-3,0.0,
,,,31.04000E-3,20.0000E-3,
,,,31.06000E-3,0.0,
,,,31.08000E-3,0.0,
,,,31.10000E-3,20.0000E-3,
,,,31.12000E-3,0.0,
,,,31.14000E-3,20.0000E-3,
,,,31.16000E-3,0.0,
,,,31.18000E-3,20.0000E-3,
,,,31.20000E-3,20.0000E-3,
,,,31.22000E-3,0.0,
,,,31.24000E-3,20.0000E-3,
,,,31.26000E-3,0.0,
,,,31.28000E-3,20.0000E-3,
,,,31.30000E-3,0.0,
,,,31.32000E-3,20.0000E-3,
,,,31.34000E-3,0.0,
,,,31.36000E-3,0.0,
,,,31.38000E-3,20.0000E-3,
,,,31.40000E-3,20.0000E-3,
,,,31.42000E-3,20.0000E-3,
,,,31.44000E-3,20.0000E-3,
,,,31.46000E-3,0.0,
,,,31.48000E-3,0.0,
,,,31.50000E-3,0.0,
,,,31.52000E-3,0.0,
,,,31.54000E-3,0.0,
,,,31.56000E-3,20.0000E-3,
,,,31.58000E-3,0.0,
,,,31.60000E-3,20.0000E-3,
,,,31.62000E-3,20.0000E-3,
,,,31.64000E-3,0.0,
,,,31.66000E-3,20.0000E-3,
,,,31.68000E-3,20.0000E-3,
,,,31.70000E-3,20.0000E-3,
,,,31.72000E-3,20.0000E-3,
,,,31.74000E-3,0.0,
,,,31.76000E-3,20.0000E-3,
,,,31.78000E-3,20.0000E-3,
,,,31.80000E-3,20.0000E-3,
,,,31.82000E-3,20.0000E-3,
,,,31.84000E-3,20.0000E-3,
,,,31.86000E-3,20.0000E-3,
,,,31.88000E-3,0.0,
,,,31.90000E-3,20.0000E-3,
,,,31.92000E-3,20.0000E-3,
,,,31.94000E-3,20.0000E-3,
,,,31.96000E-3,20.0000E-3,
,,,31.98000E-3,20.0000E-3,
,,,32.00000E-3,20.0000E-3,
,,,32.02000E-3,20.0000E-3,
,,,32.04000E-3,0.0,
,,,32.06000E-3,20.0000E-3,
,,,32.08000E-3,20.0000E-3,
,,,32.10000E-3,20.0000E-3,
,,,32.12000E-3,0.0,
,,,32.14000E-3,20.0000E-3,
,,,32.16000E-3,20.0000E-3,
,,,32.18000E-3,20.0000E-3,
,,,32.20000E-3,0.0,
,,,32.22000E-3,0.0,
,,,32.24000E-3,0.0,
,,,32.26000E-3,0.0,
,,,32.28000E-3,0.0,
,,,32.30000E-3,0.0,
,,,32.32000E-3,20.0000E-3,
,,,32.34000E-3,0.0,
,,,32.36000E-3,0.0,
,,,32.38000E-3,20.0000E-3,
,,,32.40000E-3,20.0000E-3,
,,,32.42000E-3,20.0000E-3,
,,,32.44000E-3,20.0000E-3,
,,,32.46000E-3,0.0,
,,,32.48000E-3,0.0,
,,,32.50000E-3,0.0,
,,,32.52000E-3,0.0,
,,,32.54000E-3,0.0,
,,,32.56000E-3,20.0000E-3,
,,,32.58000E-3,20.0000E-3,
,,,32.60000E-3,0.0,
,,,32.62000E-3,0.0,
,,,32.64000E-3,0.0,
,,,32.66000E-3,20.0000E-3,
,,,32.68000E-3,0.0,
,,,32.70000E-3,0.0,
,,,32.72000E-3,20.0000E-3,
,,,32.74000E-3,0.0,
,,,32.76000E-3,0.0,
,,,32.78000E-3,0.0,
,,,32.80000E-3,0.0,
,,,32.82000E-3,0.0,
,,,32.84000E-3,0.0,
,,,32.86000E-3,0.0,
,,,32.88000E-3,0.0,
,,,32.90000E-3,20.0000E-3,
,,,32.92000E-3,20.0000E-3,
,,,32.94000E-3,20.0000E-3,
,,,32.96000E-3,0.0,
,,,32.98000E-3,20.0000E-3,
,,,33.00000E-3,0.0,
,,,33.02000E-3,0.0,
,,,33.04000E-3,0.0,
,,,33.06000E-3,20.0000E-3,
,,,33.08000E-3,20.0000E-3,
,,,33.10000E-3,0.0,
,,,33.12000E-3,20.0000E-3,
,,,33.14000E-3,0.0,
,,,33.16000E-3,20.0000E-3,
,,,33.18000E-3,0.0,
,,,33.20000E-3,0.0,
,,,33.22000E-3,0.0,
,,,33.24000E-3,0.0,
,,,33.26000E-3,20.0000E-3,
,,,33.28000E-3,0.0,
,,,33.30000E-3,0.0,
,,,33.32000E-3,0.0,
,,,33.34000E-3,0.0,
,,,33.36000E-3,-20.0000E-3,
,,,33.38000E-3,0.0,
,,,33.40000E-3,20.0000E-3,
,,,33.42000E-3,0.0,
,,,33.44000E-3,0.0,
,,,33.46000E-3,20.0000E-3,
,,,33.48000E-3,0.0,
,,,33.50000E-3,0.0,
,,,33.52000E-3,20.0000E-3,
,,,33.54000E-3,20.0000E-3,
,,,33.56000E-3,0.0,
,,,33.58000E-3,0.0,
,,,33.60000E-3,20.0000E-3,
,,,33.62000E-3,0.0,
,,,33.64000E-3,20.0000E-3,
,,,33.66000E-3,20.0000E-3,
,,,33.68000E-3,0.0,
,,,33.70000E-3,0.0,
,,,33.72000E-3,40.00000E-3,
,,,33.74000E-3,20.0000E-3,
,,,33.76000E-3,0.0,
,,,33.78000E-3,20.0000E-3,
,,,33.80000E-3,20.0000E-3,
,,,33.82000E-3,0.0,
,,,33.84000E-3,0.0,
,,,33.86000E-3,0.0,
,,,33.88000E-3,20.0000E-3,
,,,33.90000E-3,20.0000E-3,
,,,33.92000E-3,0.0,
,,,33.94000E-3,0.0,
,,,33.96000E-3,20.0000E-3,
,,,33.98000E-3,20.0000E-3,
,,,34.00000E-3,0.0,
,,,34.02000E-3,20.0000E-3,
,,,34.04000E-3,0.0,
,,,34.06000E-3,0.0,
,,,34.08000E-3,20.0000E-3,
,,,34.10000E-3,0.0,
,,,34.12000E-3,20.0000E-3,
,,,34.14000E-3,20.0000E-3,
,,,34.16000E-3,0.0,
,,,34.18000E-3,20.0000E-3,
,,,34.20000E-3,0.0,
,,,34.22000E-3,0.0,
,,,34.24000E-3,0.0,
,,,34.26000E-3,0.0,
,,,34.28000E-3,20.0000E-3,
,,,34.30000E-3,0.0,
,,,34.32000E-3,0.0,
,,,34.34000E-3,0.0,
,,,34.36000E-3,0.0,
,,,34.38000E-3,20.0000E-3,
,,,34.40000E-3,0.0,
,,,34.42000E-3,0.0,
,,,34.44000E-3,0.0,
,,,34.46000E-3,0.0,
,,,34.48000E-3,0.0,
,,,34.50000E-3,0.0,
,,,34.52000E-3,20.0000E-3,
,,,34.54000E-3,20.0000E-3,
,,,34.56000E-3,0.0,
,,,34.58000E-3,0.0,
,,,34.60000E-3,0.0,
,,,34.62000E-3,0.0,
,,,34.64000E-3,20.0000E-3,
,,,34.66000E-3,20.0000E-3,
,,,34.68000E-3,20.0000E-3,
,,,34.70000E-3,0.0,
,,,34.72000E-3,20.0000E-3,
,,,34.74000E-3,20.0000E-3,
,,,34.76000E-3,0.0,
,,,34.78000E-3,0.0,
,,,34.80000E-3,0.0,
,,,34.82000E-3,0.0,
,,,34.84000E-3,20.0000E-3,
,,,34.86000E-3,0.0,
,,,34.88000E-3,0.0,
,,,34.90000E-3,20.0000E-3,
,,,34.92000E-3,20.0000E-3,
,,,34.94000E-3,0.0,
,,,34.96000E-3,0.0,
,,,34.98000E-3,0.0,
,,,35.00000E-3,0.0,
,,,35.02000E-3,0.0,
,,,35.04000E-3,0.0,
,,,35.06000E-3,20.0000E-3,
,,,35.08000E-3,0.0,
,,,35.10000E-3,20.0000E-3,
,,,35.12000E-3,20.0000E-3,
,,,35.14000E-3,0.0,
,,,35.16000E-3,20.0000E-3,
,,,35.18000E-3,0.0,
,,,35.20000E-3,0.0,
,,,35.22000E-3,20.0000E-3,
,,,35.24000E-3,0.0,
,,,35.26000E-3,0.0,
,,,35.28000E-3,20.0000E-3,
,,,35.30000E-3,0.0,
,,,35.32000E-3,0.0,
,,,35.34000E-3,20.0000E-3,
,,,35.36000E-3,0.0,
,,,35.38000E-3,0.0,
,,,35.40000E-3,0.0,
,,,35.42000E-3,20.0000E-3,
,,,35.44000E-3,0.0,
,,,35.46000E-3,20.0000E-3,
,,,35.48000E-3,0.0,
,,,35.50000E-3,0.0,
,,,35.52000E-3,0.0,
,,,35.54000E-3,20.0000E-3,
,,,35.56000E-3,0.0,
,,,35.58000E-3,20.0000E-3,
,,,35.60000E-3,0.0,
,,,35.62000E-3,20.0000E-3,
,,,35.64000E-3,0.0,
,,,35.66000E-3,0.0,
,,,35.68000E-3,0.0,
,,,35.70000E-3,20.0000E-3,
,,,35.72000E-3,20.0000E-3,
,,,35.74000E-3,20.0000E-3,
,,,35.76000E-3,0.0,
,,,35.78000E-3,20.0000E-3,
,,,35.80000E-3,0.0,
,,,35.82000E-3,0.0,
,,,35.84000E-3,0.0,
,,,35.86000E-3,0.0,
,,,35.88000E-3,0.0,
,,,35.90000E-3,0.0,
,,,35.92000E-3,0.0,
,,,35.94000E-3,0.0,
,,,35.96000E-3,0.0,
,,,35.98000E-3,0.0,
,,,36.00000E-3,0.0,
,,,36.02000E-3,0.0,
,,,36.04000E-3,20.0000E-3,
,,,36.06000E-3,0.0,
,,,36.08000E-3,0.0,
,,,36.10000E-3,0.0,
,,,36.12000E-3,0.0,
,,,36.14000E-3,20.0000E-3,
,,,36.16000E-3,0.0,
,,,36.18000E-3,20.0000E-3,
,,,36.20000E-3,0.0,
,,,36.22000E-3,0.0,
,,,36.24000E-3,20.0000E-3,
,,,36.26000E-3,-20.0000E-3,
,,,36.28000E-3,0.0,
,,,36.30000E-3,0.0,
,,,36.32000E-3,20.0000E-3,
,,,36.34000E-3,0.0,
,,,36.36000E-3,0.0,
,,,36.38000E-3,0.0,
,,,36.40000E-3,0.0,
,,,36.42000E-3,0.0,
,,,36.44000E-3,0.0,
,,,36.46000E-3,-20.0000E-3,
,,,36.48000E-3,0.0,
,,,36.50000E-3,0.0,
,,,36.52000E-3,0.0,
,,,36.54000E-3,0.0,
,,,36.56000E-3,0.0,
,,,36.58000E-3,0.0,
,,,36.60000E-3,0.0,
,,,36.62000E-3,0.0,
,,,36.64000E-3,0.0,
,,,36.66000E-3,0.0,
,,,36.68000E-3,0.0,
,,,36.70000E-3,0.0,
,,,36.72000E-3,20.0000E-3,
,,,36.74000E-3,0.0,
,,,36.76000E-3,0.0,
,,,36.78000E-3,0.0,
